brand,name,url,image,unit,price_original,price_sale,saving_amount,saving_pct,rebate_raw,stock_qty,stock_text,pickup,delivery
MAAX,"Porte de douche pivotante Maax Reveal, verre trempé, 47 po x 71,5 po",https://www.rona.ca/fr/produit/porte-de-douche-pivotante-maax-reveal-verre-trempe-47-po-x-71-5-po-136671900084000-06385218,https://cdn.rona.ca/images/06385218_M.jpg,chacun,749.0,187.0,562.0,75.03,"561,75 $",1.0,1 en magasin,Ramassage en magasin,Livraison
MAAX,"Porte de douche Alcove de Maax, verre clair, sur pivot, sans cadre, 69 po H.",https://www.rona.ca/fr/produit/porte-de-douche-alcove-de-maax-verre-clair-sur-pivot-sans-cadre-69-po-h-136449900084000-0638081,https://cdn.rona.ca/images/0638081_M.jpg,chacun,589.0,147.0,442.0,75.04,"441,75 $",1.0,1 en magasin,Ramassage en magasin,Livraison
WHIRLPOOL,"Cuisinière au gaz intelligente Whirlpool, 5,8 pi³, 30 po, acier inoxydable",https://www.rona.ca/fr/produit/cuisiniere-au-gaz-intelligente-whirlpool-5-8-pi3-30-po-acier-inoxydable-weg750h0hz-30005533,https://cdn.rona.ca/images/30005533_M.jpg,chacun,595.0,169.0,426.0,71.6,426 $,,,,Livraison
LUXO MARBRE,"Meuble-lavabo blanc Classic de Luxo Marbre, 22 po l. x 49 po p. x 34 po h., trop-plein, marbre synthétique",https://www.rona.ca/fr/produit/meuble-lavabo-blanc-classic-de-luxo-marbre-22-po-l-x-49-po-p-x-34-po-h-trop-plein-marbre-synthetique-classic4922modd-65595316,https://cdn.rona.ca/images/65595316_M.jpg,chacun,999.99,600.0,399.99,40.0,"399,99 $",1.0,1 en magasin,Ramassage en magasin,Livraison
WHIRLPOOL,"Cuisinière à gaz encastrable intelligente Whirlpool, 5,8 pi³, blanc",https://www.rona.ca/fr/produit/cuisiniere-a-gaz-encastrable-intelligente-whirlpool-5-8-pi3-blanc-weg750h0hw-30005532,https://cdn.rona.ca/images/30005532_M.jpg,chacun,495.0,99.0,396.0,80.0,396 $,,,,Livraison
STYLE SELECTIONS,Meuble-lavabo simple Morriston de Style Selections 30 po java vieilli plan d'imitation pierre,https://www.rona.ca/fr/produit/meuble-lavabo-simple-morriston-de-style-selections-30-po-java-vieilli-plan-dimitation-pierre-wsl30bhv-46525012,https://cdn.rona.ca/images/46525012_M.jpg,chacun,679.99,300.0,379.99,55.88,"379,99 $",1.0,1 en magasin,Ramassage en magasin,Livraison
ALLEN + ROTH,Meuble-lavabo simple Malaga allen + roth 36 po en MDF blanc et plan en marbre blanc,https://www.rona.ca/fr/produit/meuble-lavabo-simple-malaga-allen-roth-36-po-en-mdf-blanc-et-plan-en-marbre-blanc-av-01-36-01225014,https://cdn.rona.ca/images/01225014_M.jpg,chaque,849.99,500.0,349.99,41.18,"349,99 $",3.0,3 en magasin,Ramassage en magasin,Livraison
FOREMOST,"Armoire à linge Claudine de Foremost, 20 po, gris, 2 portes",https://www.rona.ca/fr/produit/armoire-a-linge-claudine-de-foremost-20-po-gris-2-portes-clrglc2068-78195110,https://cdn.rona.ca/images/78195110_M.jpg,chacun,629.99,300.0,329.99,52.38,"329,99 $",1.0,1 en magasin,Ramassage en magasin,Livraison
LG,"Réfrigérateur deux portes de 36 po LG, profondeur de comptoir MAX, acier inoxydable",https://www.rona.ca/fr/produit/refrigerateur-deux-portes-de-36-po-lg-profondeur-de-comptoir-max-acier-inoxydable-llfgc2706s-30895407,https://cdn.rona.ca/images/30895407_M.jpg,chacun,395.0,99.0,296.0,74.94,296 $,,,,Livraison
DURAVENT,"Ensemble d'installation pour tuyau de poêle de 6 po à double paroi DVL par Duravent, acier inoxydable, noir",https://www.rona.ca/fr/produit/ensemble-dinstallation-pour-tuyau-de-poele-de-6-po-a-double-paroi-dvl-par-duravent-acier-inoxydable-noir-6dvl-kdlu-72395003,https://cdn.rona.ca/images/72395003_M.jpg,chacun,449.99,169.0,280.99,62.44,280 $,1.0,1 en magasin,Ramassage en magasin,Livraison
OVE DECORS,Panneau de douche en coin Arroyo par OVE Decors 31 x 74 po fini blanc marbré 2 panneaux,https://www.rona.ca/fr/produit/panneau-de-douche-en-coin-arroyo-par-ove-decors-31-x-74-po-fini-blanc-marbre-2-panneaux-arroyo-36cw-69375188,https://cdn.rona.ca/images/69375188_M.jpg,chacun,549.0,274.0,275.0,50.09,"274,50 $",6.0,6 en magasin,Ramassage en magasin,Livraison
OVE DECORS,Panneau de douche Lotus par OVE Decors 31 po x 74 po fini béton gris,https://www.rona.ca/fr/produit/panneau-de-douche-lotus-par-ove-decors-31-po-x-74-po-fini-beton-gris-lotus-36cw-69375192,https://cdn.rona.ca/images/69375192_M.jpg,chacun,549.0,274.0,275.0,50.09,"274,50 $",3.0,3 en magasin,Ramassage en magasin,Livraison
MISTRAL,"Hotte sous-armoire Mistral 29,5 po 420 pi³/min en acier inoxydable",https://www.rona.ca/fr/produit/hotte-sous-armoire-mistral-29-5-po-420-pi3-min-en-acier-inoxydable-muc430s-1-88305007,https://cdn.rona.ca/images/88305007_M.jpg,chacun,549.99,275.0,274.99,50.0,"274,99 $",2.0,2 en magasin,Ramassage en magasin,
DURAVENT,Trousse de départ pour installations de sortie à travers le plafond de 6 po par Duravent,https://www.rona.ca/fr/produit/trousse-de-depart-pour-installations-de-sortie-a-travers-le-plafond-de-6-po-par-duravent-6dpc2-ik-72395005,https://cdn.rona.ca/images/72395005_M.jpg,chacun,399.99,129.0,270.99,67.75,270 $,2.0,2 en magasin,Ramassage en magasin,Livraison
MISTRAL,Hotte de cuisine sous-armoire Mistral à DEL 30 po 600 pi³/min en acier inoxydable,https://www.rona.ca/fr/produit/hotte-de-cuisine-sous-armoire-mistral-a-del-30-po-600-pi3-min-en-acier-inoxydable-mup600ss-16505019,https://cdn.rona.ca/images/16505019_M.jpg,chacun,539.99,270.0,269.99,50.0,"269,99 $",8.0,8 en magasin,Ramassage en magasin,Livraison
MIDEA,"Climatiseur intelligent portatif Midea, 12 000 BTU (SACC 7200 BTU), 300 pi², blanc",https://www.rona.ca/fr/produit/climatiseur-intelligent-portatif-midea-12-000-btu-sacc-7200-btu-300-pi2-blanc-mp72sqwba2rcm-21615024,https://cdn.rona.ca/images/21615024_M.jpg,chacun,699.0,439.0,260.0,37.2,"259,01 $",2.0,2 en magasin,Ramassage en magasin,Livraison
MISTRAL,Hotte cheminée murale MISTRAL en acier inoxydable/verre noir relié par conduit 30 po 450 pi³/min,https://www.rona.ca/fr/produit/hotte-cheminee-murale-mistral-en-acier-inoxydable-verre-noir-relie-par-conduit-30-po-450-pi3-min-lazs430sb-2-16505023,https://cdn.rona.ca/images/16505023_M.jpg,chacun,509.99,255.0,254.99,50.0,"254,99 $",5.0,5 en magasin,Ramassage en magasin,Livraison
TECHNOFORM,"Murs de douche Cheverny de Technoform en acrylique blanc 38 x 38 po, 2 morceaux",https://www.rona.ca/fr/produit/murs-de-douche-cheverny-de-technoform-en-acrylique-blanc-38-x-38-po-2-morceaux-che38-2-94725055,https://cdn.rona.ca/images/94725055_M.jpg,chacun,499.99,250.0,249.99,50.0,"249,99 $",2.0,2 en magasin,Ramassage en magasin,Livraison
MISTRAL,"Hotte encastrée Mistral 29,5 po 600 pi³/min en acier inoxydable",https://www.rona.ca/fr/produit/hotte-encastree-mistral-29-5-po-600-pi3-min-en-acier-inoxydable-mpp600ss-1-88305004,https://cdn.rona.ca/images/88305004_M.jpg,chacun,499.99,250.0,249.99,50.0,"249,99 $",3.0,3 en magasin,Ramassage en magasin,
MISTRAL,Hotte murale 30 po 450 pi³/min Mistral en acier inoxydable noir,https://www.rona.ca/fr/produit/hotte-murale-30-po-450-pi3-min-mistral-en-acier-inoxydable-noir-lbs430pr-2-88305001,https://cdn.rona.ca/images/88305001_M.jpg,chacun,499.99,250.0,249.99,50.0,"249,99 $",2.0,2 en magasin,Ramassage en magasin,
FOREMOST,Meuble-lavabo Tallia par Foremost porcelaine vitrifiée blanche 2 portes 1 tiroir,https://www.rona.ca/fr/produit/meuble-lavabo-tallia-par-foremost-porcelaine-vitrifiee-blanche-2-portes-1-tiroir-tawvt2535-73695088,https://cdn.rona.ca/images/73695088_M.jpg,chacun,599.99,350.0,249.99,41.67,"249,99 $",1.0,1 en magasin,Ramassage en magasin,Livraison
FOREMOST,"Meuble-lavabo Tallia de Foremost lavabo blanc et meuble gris 35,75 po h. x 25,5 po l. x 19 po p.",https://www.rona.ca/fr/produit/meuble-lavabo-tallia-de-foremost-lavabo-blanc-et-meuble-gris-35-75-po-h-x-25-5-po-l-x-19-po-p-tagvt2535-73695090,https://cdn.rona.ca/images/73695090_M.jpg,chacun,599.99,350.0,249.99,41.67,"249,99 $",1.0,1 en magasin,Ramassage en magasin,Livraison
WHIRLPOOL,Lave-vaisselle encastré Whirlpool avec troisième panier et grande capacité (inox noir résistant aux empreintes),https://www.rona.ca/fr/produit/lave-vaisselle-encastre-whirlpool-avec-troisieme-panier-et-grande-capacite-inox-noir-resistant-aux-empreintes-wdt970sakv-30006859,https://cdn.rona.ca/images/30006859_M.jpg,chacun,275.0,29.0,246.0,89.45,246 $,,,,Livraison
RUST-OLEUM,"Système de revêtement pour comptoir, brun",https://www.rona.ca/fr/produit/systeme-de-revetement-pour-comptoir-brun-03305917,https://cdn.rona.ca/images/03305917_M.jpg,chacun,336.0,94.0,242.0,72.02,242 $,1.0,1 en magasin,Ramassage en magasin,Livraison
MISTRAL,Hotte de cuisine murale Mistral 30 po 600 pi³/min en acier inoxydable,https://www.rona.ca/fr/produit/hotte-de-cuisine-murale-mistral-30-po-600-pi3-min-en-acier-inoxydable-ls630mz-1-88305002,https://cdn.rona.ca/images/88305002_M.jpg,chacun,479.99,240.0,239.99,50.0,"239,99 $",1.0,1 en magasin,Ramassage en magasin,
KITCHENAID,"Lave-vaisselle encastré de 24 po KitchenAid, PrintShield, acier inoxydable noir",https://www.rona.ca/fr/produit/lave-vaisselle-encastre-de-24-po-kitchenaid-printshield-acier-inoxydable-noir-kdtm804kbs-30006546,https://cdn.rona.ca/images/30006546_M.jpg,chacun,995.0,759.0,236.0,23.72,236 $,,,,Livraison
CANARM,"Lustre à 5 lumières Solana de Canarm avec perles de bois, gris brossé",https://www.rona.ca/fr/produit/lustre-a-5-lumieres-solana-de-canarm-avec-perles-de-bois-gris-brosse-ich1033a05bgy18-05115803,https://cdn.rona.ca/images/05115803_M.jpg,chacun,399.99,175.0,224.99,56.25,"224,99 $",5.0,5 en magasin,Ramassage en magasin,Livraison
WHIRLPOOL,"Cuisinière électrique autoportante Whirlpool 6,4 pi³ 5 éléments surface lisse convection véritable acier inoxydable",https://www.rona.ca/fr/produit/cuisiniere-electrique-autoportante-whirlpool-6-4-pi3-5-elements-surface-lisse-convection-veritable-acier-inoxydable-ywfe745h0fs-30005180,https://cdn.rona.ca/images/30005180_M.jpg,chacun,595.0,379.0,216.0,36.3,216 $,,,,Livraison
KITCHENAID,"Lave-vaisselle encastré de 24 po KitchenAid, fini PrintShield, acier inoxydable",https://www.rona.ca/fr/produit/lave-vaisselle-encastre-de-24-po-kitchenaid-fini-printshield-acier-inoxydable-kdtm804kps-30006547,https://cdn.rona.ca/images/30006547_M.jpg,chacun,895.0,679.0,216.0,24.13,216 $,,,,Livraison
ALLEN + ROTH,Coffre de rangement pour l'extérieur par allen + roth en acier et en osier noir de 469 L,https://www.rona.ca/fr/produit/coffre-de-rangement-pour-lexterieur-par-allen-roth-en-acier-et-en-osier-noir-de-469-l-lg-22845-db-41355056,https://cdn.rona.ca/images/41355056_M.jpg,chacun,449.99,249.0,200.99,44.67,"200,99 $",4.0,4 en magasin,Ramassage en magasin,Livraison
LANDON&CO,"Évier à tablier simple Landon & Co. de 33 po x 22 po, blanc mat, sous-comptoir",https://www.rona.ca/fr/produit/landon-co-evier-a-tablier-simple-landon-co-de-33-po-x-22-po-blanc-mat-sous-comptoir-mann100lum07s-73215002,https://cdn.rona.ca/images/73215002_M.jpg,chacun,699.99,499.0,200.99,28.71,"200,99 $",4.0,4 en magasin,Ramassage en magasin,Livraison
EGLO,"Suspension Vallaspra, 4 lumières, cadre champagne, DEL",https://www.rona.ca/fr/produit/eglo-suspension-vallaspra-4-lumieres-cadre-champagne-del-204215a-21045041,https://cdn.rona.ca/images/21045041_M.jpg,chacun,279.99,80.0,199.99,71.43,"199,99 $",10.0,10 en magasin,Ramassage en magasin,Livraison
MISTRAL,"Hotte sous-armoire Mistral 29,5 po 350 pi³/min en acier inoxydable",https://www.rona.ca/fr/produit/hotte-sous-armoire-mistral-29-5-po-350-pi3-min-en-acier-inoxydable-mub350ss-1-88305005,https://cdn.rona.ca/images/88305005_M.jpg,chacun,369.99,185.0,184.99,50.0,"184,99 $",1.0,1 en magasin,Ramassage en magasin,
FLUKE,"Pince multimètre True RMS Fluke, 400 A, mesures fréquence et température, jaune",https://www.rona.ca/fr/produit/pince-multimetre-true-rms-fluke-400-a-mesures-frequence-et-temperature-jaune-325-67815003,https://cdn.rona.ca/images/67815003_M.jpg,chacun,529.0,350.0,179.0,33.84,179 $,1.0,1 en magasin,Ramassage en magasin,Livraison
KITCHENAID,"Cuisinière à gaz KitchenAid, 30 po, 5,8 pi³, acier inoxydable noir",https://www.rona.ca/fr/produit/cuisiniere-a-gaz-kitchenaid-30-po-5-8-pi3-acier-inoxydable-noir-ksgg700ebs-30005721,https://cdn.rona.ca/images/30005721_M.jpg,chacun,595.0,429.0,166.0,27.9,166 $,,,,Livraison
RUST-OLEUM,"Système de revêtement pour comptoir, blanc",https://www.rona.ca/fr/produit/systeme-de-revetement-pour-comptoir-blanc-03305919,https://cdn.rona.ca/images/03305919_M.jpg,chacun,329.0,164.0,165.0,50.15,"164,50 $",1.0,1 en magasin,Ramassage en magasin,Livraison
MISTRAL,"Hotte sous-armoire 27,5 po Mistral 450 pi³/min en acier inoxydable",https://www.rona.ca/fr/produit/hotte-sous-armoire-27-5-po-mistral-450-pi3-min-en-acier-inoxydable-mpp274s-1-88305003,https://cdn.rona.ca/images/88305003_M.jpg,chacun,329.99,165.0,164.99,50.0,"164,99 $",1.0,1 en magasin,Ramassage en magasin,
MISTRAL,Hotte de cuisine sous-armoire Mistral à DEL 30 po 350 pi³/min blanc,https://www.rona.ca/fr/produit/hotte-de-cuisine-sous-armoire-mistral-a-del-30-po-350-pi3-min-blanc-mub350wt-16505020,https://cdn.rona.ca/images/16505020_M.jpg,chacun,299.99,150.0,149.99,50.0,"149,99 $",2.0,2 en magasin,Ramassage en magasin,Livraison
FOREMOST,Meuble-lavabo noir de 24 po avec dessus en porcelaine vitrifiée et évier simple Madison par Foremost,https://www.rona.ca/fr/produit/meuble-lavabo-noir-de-24-po-avec-dessus-en-porcelaine-vitrifiee-et-evier-simple-madison-par-foremost-mabvt2416-78195051,https://cdn.rona.ca/images/78195051_M.jpg,chacun,449.99,300.0,149.99,33.33,"149,99 $",2.0,2 en magasin,Ramassage en magasin,Livraison
FOREMOST,"Meuble-lavabo de 24 po Madison par Foremost, 2 portes, blanc",https://www.rona.ca/fr/produit/meuble-lavabo-de-24-po-madison-par-foremost-2-portes-blanc-mawvt2416-78195052,https://cdn.rona.ca/images/78195052_M.jpg,chacun,449.99,300.0,149.99,33.33,"149,99 $",1.0,1 en magasin,Ramassage en magasin,Livraison
VENMAR BISTRO,Hotte sous-armoire Venmar Bistro 30 po blanche puissance maximale du ventilateur de 450 pi³/min,https://www.rona.ca/fr/produit/hotte-sous-armoire-venmar-bistro-30-po-blanche-puissance-maximale-du-ventilateur-de-450-pi3-min-vbndh130ww-09095094,https://cdn.rona.ca/images/09095094_M.jpg,chacun,579.99,434.0,145.99,25.17,145 $,1.0,1 en magasin,Ramassage en magasin,Livraison
DESIGNER HOME,"Suspension linéaire Eurofase à 12 lumières, 47,25 po , métal, noir et laiton",https://www.rona.ca/fr/produit/designer-home-suspension-lineaire-eurofase-a-12-lumieres-47-25-po-metal-noir-et-laiton-34073-lwc-46215011,https://cdn.rona.ca/images/46215011_M.jpg,chacun,329.0,185.0,144.0,43.77,144 $,5.0,5 en magasin,Ramassage en magasin,Livraison
CANARM,"Suspension à 5 lumières Frankie de Canarm avec verre texturé, style traditionnel, or",https://www.rona.ca/fr/produit/suspension-a-5-lumieres-frankie-de-canarm-avec-verre-texture-style-traditionnel-or-ich675b05gd16-05115808,https://cdn.rona.ca/images/05115808_M.jpg,chacun,289.99,150.0,139.99,48.27,"139,99 $",2.0,2 en magasin,Ramassage en magasin,Livraison
HARMONIZED HOME,"Luminaire sur rail Silas de Harmonized Home à 5 lumières de 44,25 po, noir mat, à intensité variable",https://www.rona.ca/fr/produit/luminaire-sur-rail-silas-de-harmonized-home-a-5-lumieres-de-44-25-po-noir-mat-a-intensite-variable-lt245a05bk-05115863,https://cdn.rona.ca/images/05115863_M.jpg,chacun,289.99,150.0,139.99,48.27,"139,99 $",2.0,2 en magasin,Ramassage en magasin,Livraison
GLOBE ELECTRIC,"Lustre Style Industriel Navah à 6 lumières de Globe Electric, chrome",https://www.rona.ca/fr/produit/lustre-style-industriel-navah-a-6-lumieres-de-globe-electric-chrome-65890-00795823,https://cdn.rona.ca/images/00795823_M.jpg,chacun,229.0,90.0,139.0,60.7,139 $,2.0,2 en magasin,Ramassage en magasin,Livraison
CANARM,"Lustre à 4 lumières Coco de Canarm en forme de cage, chrome",https://www.rona.ca/fr/produit/lustre-a-4-lumieres-coco-de-canarm-en-forme-de-cage-chrome-ich1034a04ch14-05115775,https://cdn.rona.ca/images/05115775_M.jpg,chacun,224.99,90.0,134.99,60.0,"134,99 $",10.0,10 en magasin,Ramassage en magasin,Livraison
SCHLAGE,Clenche d'entrée Schlage Accent/Addison noir mat à cylindre unique avec levier,https://www.rona.ca/fr/produit/clenche-dentree-schlage-accent-addison-noir-mat-a-cylindre-unique-avec-levier-144096-12825543,https://cdn.rona.ca/images/12825543_M.jpg,chacun,264.99,132.0,132.99,50.19,"132,50 $",1.0,1 en magasin,Ramassage en magasin,Livraison
RELN,Drain de douche Reln en acier inoxydable noir de 28 po,https://www.rona.ca/fr/produit/drain-de-douche-reln-en-acier-inoxydable-noir-de-28-po-fd2803lnbk-06275113,https://cdn.rona.ca/images/06275113_M.jpg,chacun,231.99,100.0,131.99,56.89,"131,99 $",6.0,6 en magasin,Ramassage en magasin,Livraison
PROJECT SOURCE,"Lampe sur pied et lampes de table Project Source, métal/tissu, noir/chrome, 3 pièces",https://www.rona.ca/fr/produit/lampe-sur-pied-et-lampes-de-table-project-source-metal-tissu-noir-chrome-3-pieces-ws-tab2020-40-08385069,https://cdn.rona.ca/images/08385069_M.jpg,chacun,214.99,85.0,129.99,60.46,"129,99 $",8.0,8 en magasin,Ramassage en magasin,Livraison
UBERHAUS,"Suspension à 6 lumières Uberhaus, Dominic, 28""",https://www.rona.ca/fr/produit/suspension-a-6-lumieres-uberhaus-dominic-28-ch28055-6ch-02575026,https://cdn.rona.ca/images/02575026_M.jpg,chacun,234.0,105.0,129.0,55.13,129 $,3.0,3 en magasin,Ramassage en magasin,Livraison
KITCHENAID,"Cuisinière KitchenAid à gaz et convection, 5,8 pi³, 30 po, acier inoxydable noir",https://www.rona.ca/fr/produit/cuisiniere-kitchenaid-a-gaz-et-convection-5-8-pi3-30-po-acier-inoxydable-noir-kfgg500ebs-30005414,https://cdn.rona.ca/images/30005414_M.jpg,chacun,295.0,169.0,126.0,42.71,126 $,,,,Livraison
LUXO MARBRE,"Comptoir de salle de bain à évier intégré Luxo Marbre, similimarbre blanc, robinet monotrou, 2 po d'épaisseur",https://www.rona.ca/fr/produit/comptoir-de-salle-de-bain-a-evier-integre-luxo-marbre-similimarbre-blanc-robinet-monotrou-2-po-depaisseur-val4922-1-107s-65595234,https://cdn.rona.ca/images/65595234_M.jpg,boite,299.0,174.0,125.0,41.81,"124,88 $",1.0,1 en magasin,Ramassage en magasin,Livraison
SUPERVISION,"Fenêtre simple à guillotine Supervision en PVC blanc, 38 x 54 po",https://www.rona.ca/fr/produit/fenetre-simple-a-guillotine-supervision-en-pvc-blanc-38-x-54-po-lgs-3854-71565007,https://cdn.rona.ca/images/71565007_M.jpg,chacun,499.0,374.0,125.0,25.05,"124,75 $",3.0,3 en magasin,Ramassage en magasin,Livraison
SUPERVISION,Fenêtre à guillotine simple en PVC blanc de 38 po x 54 po par Supervision,https://www.rona.ca/fr/produit/fenetre-a-guillotine-simple-en-pvc-blanc-de-38-po-x-54-po-par-supervision-egs-3854-71565001,https://cdn.rona.ca/images/71565001_M.jpg,chacun,499.0,374.0,125.0,25.05,"124,75 $",1.0,1 en magasin,Ramassage en magasin,Livraison
GATOR,"Papier abrasif grain moyen 150 de qualité supérieure, 120/pqt",https://www.rona.ca/fr/produit/gator-papier-abrasif-grain-moyen-150-de-qualite-superieure-120-pqt-4164-77375502,https://cdn.rona.ca/images/77375502_M.jpg,paquet,196.0,74.0,122.0,62.24,122 $,3.0,3 en magasin,Ramassage en magasin,Livraison
LUXO MARBRE,"Miroir avec cadre faux bois, 23 5/8"" x 30"", chêne pâle",https://www.rona.ca/fr/produit/luxo-marbre-miroir-avec-cadre-faux-bois-23-5-8-x-30-chene-pale-relaxmr30b-65595311,https://cdn.rona.ca/images/65595311_M.jpg,chacun,214.99,94.0,120.99000000000001,56.28,"120,99 $",5.0,5 en magasin,Ramassage en magasin,Livraison
BELANGER,"Robinet de lavabo Delphi de Belanger à 1 poignée, installation murale, chrome",https://www.rona.ca/fr/produit/robinet-de-lavabo-delphi-de-belanger-a-1-poignee-installation-murale-chrome-del12ccp-12365884,https://cdn.rona.ca/images/12365884_M.jpg,chacun,244.0,124.0,120.0,49.18,"119,01 $",6.0,6 en magasin,Ramassage en magasin,Livraison
RELN,Drain de douche linéaire Reln en acier inoxydable noir de 24 po,https://www.rona.ca/fr/produit/drain-de-douche-lineaire-reln-en-acier-inoxydable-noir-de-24-po-fd2403lnbk-06275111,https://cdn.rona.ca/images/06275111_M.jpg,chacun,219.99,100.0,119.99000000000001,54.54,"119,99 $",1.0,1 en magasin,Ramassage en magasin,Livraison
LUMIRAMA,Suspension Del Cristo de Lumirama à 2 ampoules (or brossé),https://www.rona.ca/fr/produit/suspension-del-cristo-de-lumirama-a-2-ampoules-or-brosse-3957-060-gld-66905384,https://cdn.rona.ca/images/66905384_M.jpg,chacun,399.99,280.0,119.99000000000001,30.0,"119,99 $",2.0,2 en magasin,Ramassage en magasin,Livraison
WHIRLPOOL,"Piédestal avec tiroir de rangement, 27"", ombre chromée",https://www.rona.ca/fr/produit/whirlpool-piedestal-avec-tiroir-de-rangement-27-ombre-chromee-wfp2715hc-30005830,https://cdn.rona.ca/images/30005830_M.jpg,chacun,385.0,266.0,119.0,30.91,"118,10 $",,,,Livraison
ORIGIN 21,Tapis décoratif Liza d'Origin 21 7 pi 10 x 10 pi 2 polypropylène crème et beige,https://www.rona.ca/fr/produit/tapis-decoratif-liza-dorigin-21-7-pi-10-x-10-pi-2-polypropylene-creme-et-beige-8027-186-c1-14715162,https://cdn.rona.ca/images/14715162_M.jpg,chacun,329.0,213.0,116.0,35.26,"115,15 $",2.0,2 en magasin,Ramassage en magasin,Livraison
KITCHENAID,"Cuisinière encastrée à convection KitchenAid, acier inoxydable noir, fonction autonettoyante, 30 po, 6,4 pi³",https://www.rona.ca/fr/produit/cuisiniere-encastree-a-convection-kitchenaid-acier-inoxydable-noir-fonction-autonettoyante-30-po-6-4-pi3-ykseg700ebs-30005416,https://cdn.rona.ca/images/30005416_M.jpg,chacun,395.0,279.0,116.0,29.37,116 $,,,,Livraison
KITCHENAID,"Cuisinière à gaz KitchenAid, 30 po, 5,8 pi³, acier inoxydable",https://www.rona.ca/fr/produit/cuisiniere-a-gaz-kitchenaid-30-po-5-8-pi3-acier-inoxydable-ksgg700ess-30005623,https://cdn.rona.ca/images/30005623_M.jpg,chacun,395.0,279.0,116.0,29.37,116 $,,,,Livraison
DURAVENT,"Kit d'entrée d'air universelle pour poêle à granules par Duravent, 10 pi x 2 po",https://www.rona.ca/fr/produit/kit-dentree-dair-universelle-pour-poele-a-granules-par-duravent-10-pi-x-2-po-3pvl-aik-72395006,https://cdn.rona.ca/images/72395006_M.jpg,chacun,154.99,39.0,115.99000000000001,74.84,115 $,3.0,3 en magasin,Ramassage en magasin,Livraison
TRENZ LIGHTING,"Ensemble d'encastrés à DEL de 4 po Omega Pro par Trenz blanc, paquet de 6",https://www.rona.ca/fr/produit/trenz-lighting-ensemble-dencastres-a-del-de-4-po-omega-pro-par-trenz-blanc-paquet-de-6-tlslmb4cct590-6-03865396,https://cdn.rona.ca/images/03865396_M.jpg,chacun,229.0,120.0,109.0,47.6,109 $,2.0,2 en magasin,Ramassage en magasin,Livraison
ORIGIN 21,Tapis décoratif Origin 21 7 pi 10 x 10 pi 2 polypropylène lignes bleues et grises,https://www.rona.ca/fr/produit/tapis-decoratif-origin-21-7-pi-10-x-10-pi-2-polypropylene-lignes-bleues-et-grises-231-705-b1-14715153,https://cdn.rona.ca/images/14715153_M.jpg,chacun,399.0,291.0,108.0,27.07,"107,15 $",4.0,4 en magasin,Ramassage en magasin,Livraison
MAKITA,"Taille-haie sans fil Makita 24 po 18 V avec batterie aux ions lithium et chargeur rapide, sarcelle/noir",https://www.rona.ca/fr/produit/taille-haie-sans-fil-makita-24-po-18-v-avec-batterie-aux-ions-lithium-et-chargeur-rapide-sarcelle-noir-duh606rt-11975494,https://cdn.rona.ca/images/11975494_M.jpg,chacun,429.0,321.0,108.0,25.17,"107,25 $",4.0,4 en magasin,Ramassage en magasin,Livraison
GHP GROUP,"Cache-bouteille pour bonbonne de propane Canyon Ridge en acier, gris",https://www.rona.ca/fr/produit/ghp-group-cache-bouteille-pour-bonbonne-de-propane-canyon-ridge-en-acier-gris-52081-20555058,https://cdn.rona.ca/images/20555058_M.jpg,chacun,224.99,119.0,105.99000000000001,47.11,105 $,7.0,7 en magasin,Ramassage en magasin,Livraison
RUST-OLEUM,"Peinture « Spécialité », Rust-Oleum, 887 ml, acier inoxydable",https://www.rona.ca/fr/produit/peinture-specialite-rust-oleum-887-ml-acier-inoxydable-253563-03305620,https://cdn.rona.ca/images/03305620_M.jpg,chacun,137.0,34.0,103.0,75.18,103 $,2.0,2 en magasin,Ramassage en magasin,Livraison
ALLEN + ROTH,Tapis Iris allen + roth polyester 7 pi 10 x 10 pi 1 gris,https://www.rona.ca/fr/produit/tapis-iris-allen-roth-polyester-7-pi-10-x-10-pi-1-gris-562-451-b1-14715156,https://cdn.rona.ca/images/14715156_M.jpg,chacun,329.0,226.0,103.0,31.31,"102,15 $",3.0,3 en magasin,Ramassage en magasin,Livraison
MAKITA,Scie à onglets au laser Makita coulissante 10 po 13 A,https://www.rona.ca/fr/produit/scie-a-onglets-au-laser-makita-coulissante-10-po-13-a-ls1018l-11975214,https://cdn.rona.ca/images/11975214_M.jpg,chacun,579.0,479.0,100.0,17.27,100 $,1.0,1 en magasin,Ramassage en magasin,Livraison
BAKERSTONE,Centre de cuisson extérieur au propane Bakerstone à 3 brûleurs avec four à pizza,https://www.rona.ca/fr/produit/centre-de-cuisson-exterieur-au-propane-bakerstone-a-3-bruleurs-avec-four-a-pizza-bso3251-ooo-41915018,https://cdn.rona.ca/images/41915018_M.jpg,chacun,799.0,699.0,100.0,12.52,"99,01 $",4.0,4 en magasin,Ramassage en magasin,Livraison
EGLO,"Luminaire suspendu avec abat-jour, 2 x 60 W, nickel et taupe",https://www.rona.ca/fr/produit/eglo-luminaire-suspendu-avec-abat-jour-2-x-60-w-nickel-et-taupe-204256a-21045045,https://cdn.rona.ca/images/21045045_M.jpg,chacun,189.99,90.0,99.99000000000001,52.63,"99,99 $",1.0,1 en magasin,Ramassage en magasin,Livraison
MOEN,"Robinet de lavabo MOEN Arlys noir mat 1 poignée, installation sur comptoir, homologué WaterSense",https://www.rona.ca/fr/produit/robinet-de-lavabo-moen-arlys-noir-mat-1-poignee-installation-sur-comptoir-homologue-watersense-84770bl-15025735,https://cdn.rona.ca/images/15025735_M.jpg,chacun,224.99,129.0,95.99000000000001,42.66,"95,99 $",1.0,1 en magasin,Ramassage en magasin,Livraison
RUST-OLEUM,Système de remise à neuf pour armoires,https://www.rona.ca/fr/produit/rust-oleum-systeme-de-remise-a-neuf-pour-armoires-263131-03305666,https://cdn.rona.ca/images/03305666_M.jpg,chacun,189.0,94.0,95.0,50.26,"94,50 $",8.0,8 en magasin,Ramassage en magasin,Livraison
RUST-OLEUM,Système de remise à neuf pour armoires,https://www.rona.ca/fr/produit/rust-oleum-systeme-de-remise-a-neuf-pour-armoires-263133-03305667,https://cdn.rona.ca/images/03305667_M.jpg,chacun,189.0,94.0,95.0,50.26,"94,50 $",1.0,1 en magasin,Ramassage en magasin,Livraison
TRENZ LIGHTING,"Ensemble de 4 lumières encastrées Retina de TRENZ, DEL intégrée 4000 K, ouverture de 3 po, blanc",https://www.rona.ca/fr/produit/trenz-lighting-ensemble-de-4-lumieres-encastrees-retina-de-trenz-del-integree-4000-k-ouverture-de-3-po-blanc-03865361,https://cdn.rona.ca/images/03865361_M.jpg,chacun,169.99,75.0,94.99000000000001,55.88,"94,99 $",11.0,11 en magasin,Ramassage en magasin,Livraison
EUROFASE,"Luminaire mural de salle de bains à DEL intégrée de 25,75 po par Eurofase, chrome",https://www.rona.ca/fr/produit/luminaire-mural-de-salle-de-bains-a-del-integree-de-25-75-po-par-eurofase-chrome-31636-lwc-52945394,https://cdn.rona.ca/images/52945394_M.jpg,chacun,234.0,140.0,94.0,40.17,94 $,8.0,8 en magasin,Ramassage en magasin,Livraison
FOREMOST,Armoire à pharmacie Tallia par Foremost 23 po x 8 po x 27 po gris,https://www.rona.ca/fr/produit/armoire-a-pharmacie-tallia-par-foremost-23-po-x-8-po-x-27-po-gris-tagwc2327-73695091,https://cdn.rona.ca/images/73695091_M.jpg,chacun,289.99,199.0,90.99000000000001,31.38,90 $,1.0,1 en magasin,Ramassage en magasin,Livraison
CANARM,Applique murale Poppy par Canarm 3 lumières métal doré,https://www.rona.ca/fr/produit/applique-murale-poppy-par-canarm-3-lumieres-metal-dore-lvl176a03gd-05115747,https://cdn.rona.ca/images/05115747_M.jpg,chacun,169.99,80.0,89.99000000000001,52.94,"89,99 $",23.0,23 en magasin,Ramassage en magasin,Livraison
CANARM,"Rail d'éclairage à tête pivotante Dalton de Canarm, modulable, étain brossé, accents noirs, culot G9",https://www.rona.ca/fr/produit/rail-declairage-a-tete-pivotante-dalton-de-canarm-modulable-etain-brosse-accents-noirs-culot-g9-it691a04bkn9-05115688,https://cdn.rona.ca/images/05115688_M.jpg,chacun,169.99,80.0,89.99000000000001,52.94,"89,99 $",1.0,1 en magasin,Ramassage en magasin,Livraison
GLOBE ELECTRIC,Applique murale Perrier à 3 lumières au fini chrome avec abat-jours en verre bullé par Globe Electric,https://www.rona.ca/fr/produit/applique-murale-perrier-a-3-lumieres-au-fini-chrome-avec-abat-jours-en-verre-bulle-par-globe-electric-51160-37495547,https://cdn.rona.ca/images/37495547_M.jpg,chacun,189.99,100.0,89.99000000000001,47.37,"89,99 $",11.0,11 en magasin,Ramassage en magasin,Livraison
,"Pommier à 4 variétés de pommes, assorti",https://www.rona.ca/fr/produit/pommier-a-4-varietes-de-pommes-assorti-4pom4-10007-14905181,https://cdn.rona.ca/images/14905181_M.jpg,chacun,115.0,28.0,87.0,75.65,"86,25 $",1.0,1 en magasin,,
KITCHENAID,"Lave-vaisselle KitchenAid avec ProWash(MC), 24"", inox noir",https://www.rona.ca/fr/produit/lave-vaisselle-kitchenaid-avec-prowashmc-24-inox-noir-kdpm604kbs-30006541,https://cdn.rona.ca/images/30006541_M.jpg,chacun,595.0,509.0,86.0,14.45,86 $,,,,Livraison
USSSTOVE,"Réchaud de camping Caribou Backpacker par US Stove Company, acier, 14 po, noir",https://www.rona.ca/fr/produit/ussstove-rechaud-de-camping-caribou-backpacker-par-us-stove-company-acier-14-po-noir-ccs14-30235013,https://cdn.rona.ca/images/30235013_M.jpg,chacun,164.99,79.0,85.99000000000001,52.12,85 $,1.0,1 en magasin,Ramassage en magasin,Livraison
MOEN,"Robinet de cuisine Nori de MOEN, bec amovible, chrome",https://www.rona.ca/fr/produit/robinet-de-cuisine-nori-de-moen-bec-amovible-chrome-87066-15025378,https://cdn.rona.ca/images/15025378_M.jpg,chacun,339.99,254.0,85.99000000000001,25.29,85 $,4.0,4 en magasin,Ramassage en magasin,Livraison
TRAEGER PELLET GRILL,"Housse de barbecue Traeger pour utilisation avec le gril Tailgater 20, noir",https://www.rona.ca/fr/produit/traeger-pellet-grill-housse-de-barbecue-traeger-pour-utilisation-avec-le-gril-tailgater-20-noir-bac580-44995018,https://cdn.rona.ca/images/44995018_M.jpg,chacun,95.99,10.0,85.99,89.58,"85,99 $",23.0,23 en magasin,Ramassage en magasin,Livraison
GLOBE ELECTRIC,"Ensemble 5 pièces Parker pour salle de bains avec applique murale par Globe Electric, chrome",https://www.rona.ca/fr/produit/ensemble-5-pieces-parker-pour-salle-de-bains-avec-applique-murale-par-globe-electric-chrome-51234-37495545,https://cdn.rona.ca/images/37495545_M.jpg,chacun,154.99,70.0,84.99000000000001,54.84,"84,99 $",4.0,4 en magasin,Ramassage en magasin,Livraison
EUROFASE,"Luminaire mural pour meuble-lavabo à DEL intégrée de 24 po par Eurofase, noir",https://www.rona.ca/fr/produit/luminaire-mural-pour-meuble-lavabo-a-del-integree-de-24-po-par-eurofase-noir-34147-lwc-52945398,https://cdn.rona.ca/images/52945398_M.jpg,chacun,224.0,140.0,84.0,37.5,84 $,2.0,2 en magasin,Ramassage en magasin,Livraison
ALLEN + ROTH,Tapis Farren allen + roth polypropylen intérieur 7 pi 10 x 10 pi 2 beige rouge,https://www.rona.ca/fr/produit/tapis-farren-allen-roth-polypropylen-interieur-7-pi-10-x-10-pi-2-beige-rouge-57-188-b1-14715167,https://cdn.rona.ca/images/14715167_M.jpg,chacun,329.0,246.0,83.0,25.23,"82,61 $",2.0,2 en magasin,Ramassage en magasin,Livraison
SCHLAGE,Bas de clenche Century Bow de Schlage zinc noir mat,https://www.rona.ca/fr/produit/bas-de-clenche-century-bow-de-schlage-zinc-noir-mat-175580-12825555,https://cdn.rona.ca/images/12825555_M.jpg,chacun,164.99,82.0,82.99000000000001,50.3,"82,50 $",2.0,2 en magasin,Ramassage en magasin,Livraison
KOHLER,"Robinet de lavabo évasé à 2 manettes en chrome brillant Ealing de KOHLER, bonde à pression incluse",https://www.rona.ca/fr/produit/robinet-de-lavabo-evase-a-2-manettes-en-chrome-brillant-ealing-de-kohler-bonde-a-pression-incluse-31535201,https://cdn.rona.ca/images/31535201_M.jpg,chacun,249.99,169.0,80.99000000000001,32.4,"80,99 $",1.0,1 en magasin,Ramassage en magasin,Livraison
MASTER FORGE,Barbecue au gaz propane liquide Master Forge noir/argent 3 brûleurs 30 000 BTU,https://www.rona.ca/fr/produit/barbecue-au-gaz-propane-liquide-master-forge-noir-argent-3-bruleurs-30-000-btu-gbc23032l-c-60975002,https://cdn.rona.ca/images/60975002_M.jpg,chacun,279.99,199.0,80.99000000000001,28.93,80 $,5.0,5 en magasin,Ramassage en magasin,Livraison
MOEN,"Robinet bain-douche Arlys de MOEN, 1 poignée, 6,65 L/min, chrome",https://www.rona.ca/fr/produit/robinet-bain-douche-arlys-de-moen-1-poignee-6-65-l-min-chrome-82770-15025713,https://cdn.rona.ca/images/15025713_M.jpg,chacun,279.99,199.0,80.99000000000001,28.93,80 $,12.0,12 en magasin,Ramassage en magasin,Livraison
BOSCH,"Ensemble de 2 outils Bosch avec batteries et chargeur, connectivité Bluetooth, moteur sans balais, vitesse variable",https://www.rona.ca/fr/produit/ensemble-de-2-outils-bosch-avec-batteries-et-chargeur-connectivite-bluetooth-moteur-sans-balais-vitesse-variable-gxl18v-238b25-19836307,https://cdn.rona.ca/images/19836307_M.jpg,chacun,379.0,299.0,80.0,21.11,80 $,3.0,3 en magasin,Ramassage en magasin,Livraison
MAYTAG,"Surface de cuisson électrique Maytag avec grille, 30 po, noire/acier inoxydable",https://www.rona.ca/fr/produit/surface-de-cuisson-electrique-maytag-avec-grille-30-po-noire-acier-inoxydable-mec8830hs-30006106,https://cdn.rona.ca/images/30006106_M.jpg,chacun,145.0,69.0,76.0,52.41,"75,39 $",,,,Livraison
CANARM,"Suspension Delta de Canarm en forme de sphère, style contemporain, noir mat et nickel brossé",https://www.rona.ca/fr/produit/suspension-delta-de-canarm-en-forme-de-sphere-style-contemporain-noir-mat-et-nickel-brosse-ipl708b01bkn-05115787,https://cdn.rona.ca/images/05115787_M.jpg,chacun,154.99,80.0,74.99000000000001,48.38,"74,99 $",2.0,2 en magasin,Ramassage en magasin,Livraison
ALLEN + ROTH,"Lampe de table Allen + Roth Latchbury abat-jour en verre 30,5 po bronze",https://www.rona.ca/fr/produit/lampe-de-table-allen-roth-latchbury-abat-jour-en-verre-30-5-po-bronze-tl04bz-31955386,https://cdn.rona.ca/images/31955386_M.jpg,chacun,154.99,80.0,74.99000000000001,48.38,"74,99 $",1.0,1 en magasin,Ramassage en magasin,Livraison
ALLEN + ROTH,"Luminaire suspendu à 4 lumières Allen + Roth, fini noir, abat-jours en verre fumé, ampoules A19 de 60W (non-comprises)",https://www.rona.ca/fr/produit/luminaire-suspendu-a-4-lumieres-allen-roth-fini-noir-abat-jours-en-verre-fume-ampoules-a19-de-60w-non-comprises-ws-pc2020-21-08385079,https://cdn.rona.ca/images/08385079_M.jpg,chacun,159.99,85.0,74.99000000000001,46.87,"74,99 $",4.0,4 en magasin,Ramassage en magasin,Livraison
GLOBE ELECTRIC,"Lumière de sécurité détecteur de mouvement Link technologie par Globe, 180°, noir",https://www.rona.ca/fr/produit/globe-electric-lumiere-de-securite-detecteur-de-mouvement-link-technologie-par-globe-180-noir-51025193,https://cdn.rona.ca/images/51025193_M.jpg,chacun,119.0,45.0,74.0,62.18,74 $,3.0,3 en magasin,Ramassage en magasin,Livraison
SAMAN,"Epox-Y Saman pour moulage en polymère très lustré 1,5L",https://www.rona.ca/fr/produit/epox-y-saman-pour-moulage-en-polymere-tres-lustre-1-5l-epc-100-15-72645268,https://cdn.rona.ca/images/72645268_M.jpg,chacun,161.0,89.0,72.0,44.72,"71,01 $",15.0,15 en magasin,Ramassage en magasin,Livraison
KOHLER,"Robinet de lavabo en chrome brillant 2 manettes Ealing de KOHLER, bonde à pression incluse",https://www.rona.ca/fr/produit/robinet-de-lavabo-en-chrome-brillant-2-manettes-ealing-de-kohler-bonde-a-pression-incluse-31535200,https://cdn.rona.ca/images/31535200_M.jpg,chacun,169.99,99.0,70.99000000000001,41.76,"70,99 $",1.0,1 en magasin,Ramassage en magasin,Livraison
MOEN,"Robinet de lavabo MOEN Arlys chrome, 1 poignée référencée WaterSense",https://www.rona.ca/fr/produit/robinet-de-lavabo-moen-arlys-chrome-1-poignee-referencee-watersense-84770-15025714,https://cdn.rona.ca/images/15025714_M.jpg,chacun,189.99,119.0,70.99000000000001,37.37,"70,99 $",15.0,15 en magasin,Ramassage en magasin,Livraison
MOEN,"Robinet de lavabo MOEN Zarina chrome 1 poignée, installation sur comptoir, valve incluse",https://www.rona.ca/fr/produit/robinet-de-lavabo-moen-zarina-chrome-1-poignee-installation-sur-comptoir-valve-incluse-wsl84533-15025522,https://cdn.rona.ca/images/15025522_M.jpg,chacun,189.99,119.0,70.99000000000001,37.37,"70,99 $",3.0,3 en magasin,Ramassage en magasin,Livraison
HOOVER,Aspirateur-balai sans fil Hoover ONEPWR 20 V avec double filtration cyclonique,https://www.rona.ca/fr/produit/aspirateur-balai-sans-fil-hoover-onepwr-20-v-avec-double-filtration-cyclonique-bh53606vca-37065036,https://cdn.rona.ca/images/37065036_M.jpg,chacun,349.99,279.0,70.99000000000001,20.28,"70,99 $",2.0,2 en magasin,Ramassage en magasin,Livraison
NATURAE DECOR,"Auvent rétractable, 62"" x 98"", gris charbon",https://www.rona.ca/fr/produit/naturae-decor-auvent-retractable-62-x-98-gris-charbon-awn-s6298pil-x-30975039,https://cdn.rona.ca/images/30975039_M.jpg,chacun,149.0,79.0,70.0,46.98,"69,01 $",5.0,5 en magasin,Ramassage en magasin,Livraison
BLACK+DECKER,Shampouineuse portative Spillbuster BLACK+DECKER sans fil,https://www.rona.ca/fr/produit/shampouineuse-portative-spillbuster-blackdecker-sans-fil-bhsb320jp-00277370,https://cdn.rona.ca/images/00277370_M.jpg,chacun,149.0,79.0,70.0,46.98,70 $,13.0,13 en magasin,Ramassage en magasin,Livraison
AMERICAN STANDARD,Robinet de salle de bain Dieppe par American Standard chrome 1 poignée moderne,https://www.rona.ca/fr/produit/robinet-de-salle-de-bain-dieppe-par-american-standard-chrome-1-poignee-moderne-2020101002-00535159,https://cdn.rona.ca/images/00535159_M.jpg,boite,169.0,99.0,70.0,41.42,70 $,2.0,2 en magasin,Ramassage en magasin,Livraison
CUTLER FOREST,"Miroir de salle de bain Silhouette de Cutler Forest, zambukka, 23 po l. x 30 po H.",https://www.rona.ca/fr/produit/miroir-de-salle-de-bain-silhouette-de-cutler-forest-zambukka-23-po-l-x-30-po-h-fvm23x30zamb-84915177,https://cdn.rona.ca/images/84915177_M.jpg,chacun,199.0,129.0,70.0,35.18,70 $,1.0,1 en magasin,Ramassage en magasin,Livraison
BOSCH,"Marteau perforateur Connected-Ready de Bosch avec batterie de18 V, 1/2 po, moteur sans balais, lumière DEL",https://www.rona.ca/fr/produit/marteau-perforateur-connected-ready-de-bosch-avec-batterie-de18-v-1-2-po-moteur-sans-balais-lumiere-del-gsb18v-535cb15-19836302,https://cdn.rona.ca/images/19836302_M.jpg,chacun,299.0,229.0,70.0,23.41,70 $,3.0,3 en magasin,Ramassage en magasin,Livraison
EUROFASE,"Applique murale pour salle de bain Eurofase, 4 lumières DEL, chrome, style transitionnel",https://www.rona.ca/fr/produit/applique-murale-pour-salle-de-bain-eurofase-4-lumieres-del-chrome-style-transitionnel-29272-013-lw-32017752,https://cdn.rona.ca/images/32017752_M.jpg,chacun,209.99,140.0,69.99000000000001,33.33,"69,99 $",2.0,2 en magasin,Ramassage en magasin,Livraison
CANARM,"Lustre à 6 lumières Jett de Canarm avec verre clair, style moderne, or",https://www.rona.ca/fr/produit/lustre-a-6-lumieres-jett-de-canarm-avec-verre-clair-style-moderne-or-ich671b06gd-05115807,https://cdn.rona.ca/images/05115807_M.jpg,chacun,289.99,220.0,69.99000000000001,24.14,"69,99 $",2.0,2 en magasin,Ramassage en magasin,Livraison
WEISER,"Clenche d'entrée Weiser Vancouver et poignée Halifax avec pêne dormant et technologie SmartKey, noir mat",https://www.rona.ca/fr/produit/clenche-dentree-weiser-vancouver-et-poignee-halifax-avec-pene-dormant-et-technologie-smartkey-noir-mat-9gla84710-005-09656118,https://cdn.rona.ca/images/09656118_M.jpg,chacun,269.99,202.0,67.99000000000001,25.18,"67,50 $",1.0,1 en magasin,Ramassage en magasin,Livraison
PASLODE,"Agrafes Paslode, couronne étroite, calibre 16, galvanisées, 1 po L., paquet de 16 500",https://www.rona.ca/fr/produit/agrafes-paslode-couronne-etroite-calibre-16-galvanisees-1-po-l-paquet-de-16-500-0t5242-22935060,https://cdn.rona.ca/images/22935060_M.jpg,boite,89.99,22.0,67.99,75.55,"67,49 $",9.0,9 en magasin,Ramassage en magasin,Livraison
KITCHENAID,"Cuisinière électrique encastrée 30 po KitchenAid 5 éléments convection four autonettoyant 6,4 pi³ acier inoxydable",https://www.rona.ca/fr/produit/cuisiniere-electrique-encastree-30-po-kitchenaid-5-elements-convection-four-autonettoyant-6-4-pi3-acier-inoxydable-ykseg700ess-30005287,https://cdn.rona.ca/images/30005287_M.jpg,chacun,195.0,129.0,66.0,33.85,66 $,,,,Livraison
KITCHENAID,"Lave-vaisselle encastré avec fini PrintShield, 24"", inox",https://www.rona.ca/fr/produit/kitchenaid-lave-vaisselle-encastre-avec-fini-printshield-24-inox-kdpm704kps-30006545,https://cdn.rona.ca/images/30006545_M.jpg,chacun,595.0,529.0,66.0,11.09,66 $,,,,Livraison
WEBER,"Ensemble de 2 grilles Weber Genesis(MD) 300, fonte émaillée, 2 grilles",https://www.rona.ca/fr/produit/ensemble-de-2-grilles-weber-genesismd-300-fonte-emaillee-2-grilles-7524-15895019,https://cdn.rona.ca/images/15895019_M.jpg,chacun,154.99,89.0,65.99000000000001,42.58,"65,59 $",7.0,7 en magasin,Ramassage en magasin,Livraison
LANDON&CO,"Robinet de cuisine Rhys Landon & Co., 1 poignée pivotante, chrome poli",https://www.rona.ca/fr/produit/landon-co-robinet-de-cuisine-rhys-landon-co-1-poignee-pivotante-chrome-poli-fp1b4207cp-80375174,https://cdn.rona.ca/images/80375174_M.jpg,chacun,229.99,164.0,65.99000000000001,28.69,65 $,2.0,2 en magasin,Ramassage en magasin,Livraison
PASLODE,"Agrafes standard Paslode, acier galvanisé, pointes de 1 1/4 po L. x couronne de 1/2 po l., 13 500 par paquet",https://www.rona.ca/fr/produit/agrafes-standard-paslode-acier-galvanise-pointes-de-1-1-4-po-l-x-couronne-de-1-2-po-l-13-500-par-paquet-0t5238-2293024,https://cdn.rona.ca/images/2293024_M.jpg,boite,129.0,64.0,65.0,50.39,"64,50 $",2.0,2 en magasin,Ramassage en magasin,Livraison
MOEN,"Robinet bain-douche Zarina de MOEN, 1 poignée, 6,65 L/min, chrome",https://www.rona.ca/fr/produit/robinet-bain-douche-zarina-de-moen-1-poignee-6-65-l-min-chrome-82533-15025344,https://cdn.rona.ca/images/15025344_M.jpg,chacun,219.99,155.0,64.99000000000001,29.54,64 $,7.0,7 en magasin,Ramassage en magasin,Livraison
CANARM,"Plafonnier à 3 lumières Solana de Canarm avec perles de bois, gris brossé",https://www.rona.ca/fr/produit/plafonnier-a-3-lumieres-solana-de-canarm-avec-perles-de-bois-gris-brosse-isf1033a03bgy-05115804,https://cdn.rona.ca/images/05115804_M.jpg,chacun,224.99,160.0,64.99000000000001,28.89,"64,99 $",2.0,2 en magasin,Ramassage en magasin,Livraison
WESTINGHOUSE,"Ventilateur de plafond Bendan Westinghouse, chrome satiné, 5 pales, 52 po dia",https://www.rona.ca/fr/produit/ventilateur-de-plafond-bendan-westinghouse-chrome-satine-5-pales-52-po-dia-7223814-84515080,https://cdn.rona.ca/images/84515080_M.jpg,chacun,364.99,300.0,64.99000000000001,17.81,"64,99 $",2.0,2 en magasin,Ramassage en magasin,Livraison
GLOBE ELECTRIC,"Applique murale 2 en 1 Selena de Globe Electric à 1 lumière, style traditionnel, 10 po l., chrome",https://www.rona.ca/fr/produit/applique-murale-2-en-1-selena-de-globe-electric-a-1-lumiere-style-traditionnel-10-po-l-chrome-51532-00795877,https://cdn.rona.ca/images/00795877_M.jpg,chacun,109.0,45.0,64.0,58.72,64 $,2.0,2 en magasin,Ramassage en magasin,Livraison
RELIABILT,"Poignée de passage réversible en acier inoxydable Stanford de Reliabilt, emballage multiple",https://www.rona.ca/fr/produit/poignee-de-passage-reversible-en-acier-inoxydable-stanford-de-reliabilt-emballage-multiple-8tms0s82-81305207,https://cdn.rona.ca/images/81305207_M.jpg,chacun,209.99,146.0,63.99000000000001,30.47,63 $,8.0,8 en magasin,Ramassage en magasin,Livraison
DIRT DEVIL,"Aspirateur-balai autoportant sans fil Dirt Devil mode surpuissance et accessoires, rouge",https://www.rona.ca/fr/produit/aspirateur-balai-autoportant-sans-fil-dirt-devil-mode-surpuissance-et-accessoires-rouge-bd57010v-37065035,https://cdn.rona.ca/images/37065035_M.jpg,chacun,249.99,187.0,62.99000000000001,25.2,"62,50 $",3.0,3 en magasin,Ramassage en magasin,Livraison
ALLEN + ROTH,Tapis Farren allen + roth 5'2 pi x 7'10 pi propylène beige et rouge,https://www.rona.ca/fr/produit/tapis-farren-allen-roth-52-pi-x-710-pi-propylene-beige-et-rouge-57-188-a1-14715171,https://cdn.rona.ca/images/14715171_M.jpg,chacun,179.0,118.0,61.0,34.08,"60,64 $",1.0,1 en magasin,Ramassage en magasin,Livraison
UTILITECH,"Chaufferette tour 1500 W 360 degrés 3 réglages noir 18,4 po",https://www.rona.ca/fr/produit/utilitech-chaufferette-tour-1500-w-360-degres-3-reglages-noir-18-4-po-ht1369-72495003,https://cdn.rona.ca/images/72495003_M.jpg,chacun,129.99,69.0,60.99000000000001,46.92,60 $,2.0,2 en magasin,Ramassage en magasin,Livraison
ESSENTIAL STYLE,"Robinet de salle de bain chromé à 2 manettes Indi d'Essential Style, 4 po",https://www.rona.ca/fr/produit/robinet-de-salle-de-bain-chrome-a-2-manettes-indi-dessential-style-4-po-ind74ccp-12365929,https://cdn.rona.ca/images/12365929_M.jpg,chacun,159.99,99.0,60.99000000000001,38.12,"60,99 $",3.0,3 en magasin,Ramassage en magasin,Livraison
RONA,"Peinture blanche pour marquage routier RONA à base d'eau, 18 L",https://www.rona.ca/fr/produit/peinture-blanche-pour-marquage-routier-rona-a-base-deau-18-l-508-50019-55505268,https://cdn.rona.ca/images/55505268_M.jpg,chacun,199.99,139.0,60.99000000000001,30.5,60 $,2.0,2 en magasin,Ramassage en magasin,Livraison
WORX,Ensemble de coupe-bordure et souffleur WORX sans fil sans balais 20 V avec batterie,https://www.rona.ca/fr/produit/ensemble-de-coupe-bordure-et-souffleur-worx-sans-fil-sans-balais-20-v-avec-batterie-wg940-06665016,https://cdn.rona.ca/images/06665016_M.jpg,chacun,299.99,239.0,60.99000000000001,20.33,60 $,2.0,2 en magasin,Ramassage en magasin,Livraison
DEWALT,"Ensemble perceuse-visseuse à chocs sans fil et moteur sans balais DEWALT, 1/2 po, 20 V",https://www.rona.ca/fr/produit/ensemble-perceuse-visseuse-a-chocs-sans-fil-et-moteur-sans-balais-dewalt-1-2-po-20-v-dcd778e1-00277574,https://cdn.rona.ca/images/00277574_M.jpg,chacun,239.0,179.0,60.0,25.1,"59,75 $",1.0,1 en magasin,Ramassage en magasin,Livraison
PROJECT SOURCE,"Plafonniers ronds Project Source, DEL, 12 po, métal/acrylique, bronze huilé, paquet de 2",https://www.rona.ca/fr/produit/plafonniers-ronds-project-source-del-12-po-metal-acrylique-bronze-huile-paquet-de-2-12195087,https://cdn.rona.ca/images/12195087_M.jpg,boite,129.99,70.0,59.99000000000001,46.15,"59,99 $",27.0,27 en magasin,Ramassage en magasin,Livraison
WEBER,Plaque de diffusion de la chaleur Weber pour barbecue au charbon de bois 22 po acier,https://www.rona.ca/fr/produit/plaque-de-diffusion-de-la-chaleur-weber-pour-barbecue-au-charbon-de-bois-22-po-acier-7666-15895268,https://cdn.rona.ca/images/15895268_M.jpg,chacun,149.99,90.0,59.99000000000001,40.0,"59,99 $",2.0,2 en magasin,Ramassage en magasin,Livraison
TRAEGER PELLET GRILL,Housse de barbecue Ironwood 650 de Traeger Pellet Grill polyester gris 46 po,https://www.rona.ca/fr/produit/housse-de-barbecue-ironwood-650-de-traeger-pellet-grill-polyester-gris-46-po-bac560-44995043,https://cdn.rona.ca/images/44995043_M.jpg,chacun,99.99,40.0,59.989999999999995,60.0,"59,99 $",6.0,6 en magasin,Ramassage en magasin,Livraison
TRAEGER PELLET GRILL,"Housse de barbecue Traeger noir, compatible avec modèle Traeger Pro 780",https://www.rona.ca/fr/produit/traeger-pellet-grill-housse-de-barbecue-traeger-noir-compatible-avec-modele-traeger-pro-780-bac557-44995017,https://cdn.rona.ca/images/44995017_M.jpg,chacun,109.99,50.0,59.989999999999995,54.54,"59,99 $",2.0,2 en magasin,Ramassage en magasin,Livraison
TRENZ LIGHTING,"Lot de 4 luminaires encastrables DEL Retina de Trenz 4 po 60 W à intensité variable, nickel brossé",https://www.rona.ca/fr/produit/trenz-lighting-lot-de-4-luminaires-encastrables-del-retina-de-trenz-4-po-60-w-a-intensite-variable-nickel-brosse-03865367,https://cdn.rona.ca/images/03865367_M.jpg,chacun,179.0,120.0,59.0,32.96,59 $,4.0,4 en magasin,Ramassage en magasin,Livraison
MAPELATH,Latte synthétique «Mapelath»,https://www.rona.ca/fr/produit/latte-synthetique-mapelath-02702000-2108180,https://cdn.rona.ca/images/2108180_M.jpg,rouleau,234.0,175.0,59.0,25.21,"58,50 $",2.0,2 en magasin,Ramassage en magasin,Livraison
CANARM,Suspension 3 lumières Como par Canarm globes verre clair contemporain nickel brossé,https://www.rona.ca/fr/produit/suspension-3-lumieres-como-par-canarm-globes-verre-clair-contemporain-nickel-brosse-ipl1040a03bn-05115801,https://cdn.rona.ca/images/05115801_M.jpg,chacun,259.0,200.0,59.0,22.78,59 $,1.0,1 en magasin,Ramassage en magasin,Livraison
LUMIRAMA,"Luminaire suspendu «Ivanna» à 5 lumières, 60 W, noir et nickel",https://www.rona.ca/fr/produit/luminaire-suspendu-ivanna-a-5-lumieres-60-w-noir-et-nickel-66905353,https://cdn.rona.ca/images/66905353_M.jpg,chacun,259.0,200.0,59.0,22.78,59 $,7.0,7 en magasin,Ramassage en magasin,Livraison
KICHLER LIGHTING,Suspension Kichler Lighting à 9 ampoules en verre clair (chrome),https://www.rona.ca/fr/produit/suspension-kichler-lighting-a-9-ampoules-en-verre-clair-chrome-82261-31885199,https://cdn.rona.ca/images/31885199_M.jpg,chacun,289.0,230.0,59.0,20.42,59 $,2.0,2 en magasin,Ramassage en magasin,Livraison
ARTIKA FOR LIVING,"Rail d'éclairage Artika Omni à 4 lumières DEL intégrées, 32 po, chrome",https://www.rona.ca/fr/produit/artika-for-living-rail-declairage-artika-omni-a-4-lumieres-del-integrees-32-po-chrome-trk4mn-p-l1-08325166,https://cdn.rona.ca/images/08325166_M.jpg,chacun,299.0,240.0,59.0,19.73,59 $,5.0,5 en magasin,Ramassage en magasin,Livraison
KICHLER LIGHTING,"Suspension Angelica de Kichler Lighting à 3 ampoules en verre clair, nickel poli",https://www.rona.ca/fr/produit/suspension-angelica-de-kichler-lighting-a-3-ampoules-en-verre-clair-nickel-poli-34835-31885175,https://cdn.rona.ca/images/31885175_M.jpg,chacun,329.0,270.0,59.0,17.93,59 $,1.0,1 en magasin,Ramassage en magasin,Livraison
RUST-OLEUM,Système de revêtement intérieur pour meubles,https://www.rona.ca/fr/produit/systeme-de-revetement-interieur-pour-meubles-03305812,https://cdn.rona.ca/images/03305812_M.jpg,chacun,114.0,57.0,57.0,50.0,57 $,1.0,1 en magasin,Ramassage en magasin,Livraison
ELLE DECOR,Tapis Elisa allen + roth 5'2 pi x 7'2 pi propylène gris,https://www.rona.ca/fr/produit/elle-decor-tapis-elisa-allen-roth-52-pi-x-72-pi-propylene-gris-227-451-a1-14715170,https://cdn.rona.ca/images/14715170_M.jpg,chacun,162.0,105.0,57.0,35.19,"56,70 $",5.0,5 en magasin,Ramassage en magasin,Livraison
ALLEN + ROTH,Tapis Devika Allen + Roth polypropylen 5 pi 2 x 7 pi 2 gris,https://www.rona.ca/fr/produit/tapis-devika-allen-roth-polypropylen-5-pi-2-x-7-pi-2-gris-7026-451-a1-14715164,https://cdn.rona.ca/images/14715164_M.jpg,chacun,162.0,105.0,57.0,35.19,"56,70 $",1.0,1 en magasin,Ramassage en magasin,Livraison
STELPRO,"Aéroconvecteur en polymère blanc Oasis par Stelpro de salle de bains, 15.6 po x 12.75 po x 2000 Watts/240 Volts",https://www.rona.ca/fr/produit/aeroconvecteur-en-polymere-blanc-oasis-par-stelpro-de-salle-de-bains-156-po-x-1275-po-x-2000-watts-240-volts-sorb2002mw-03915237,https://cdn.rona.ca/images/03915237_M.jpg,chacun,715.95,659.0,56.950000000000045,7.95,"56,95 $",2.0,2 en magasin,Ramassage en magasin,Livraison
LANDON&CO,Robinet de salle de bain Amari par Landon & Co. 1 poigné noir mat,https://www.rona.ca/fr/produit/landon-co-robinet-de-salle-de-bain-amari-par-landon-co-1-poigne-noir-mat-fs6a0230bl-80375184,https://cdn.rona.ca/images/80375184_M.jpg,chacun,154.99,99.0,55.99000000000001,36.12,"55,99 $",1.0,1 en magasin,Ramassage en magasin,Livraison
SKIL,"Scie alternative avec cordon BUZZKILL par SKIL, 13 A, 1 1/8 po",https://www.rona.ca/fr/produit/scie-alternative-avec-cordon-buzzkill-par-skil-13-a-1-1-8-po-spt44a-00-32165001,https://cdn.rona.ca/images/32165001_M.jpg,chacun,154.99,99.0,55.99000000000001,36.12,"55,99 $",2.0,2 en magasin,Ramassage en magasin,Livraison
BOSCH,"Scie sauteuse à fil avec étui de transport Bosch, moteur 7 A, 4 réglages, vitesse variable",https://www.rona.ca/fr/produit/scie-sauteuse-a-fil-avec-etui-de-transport-bosch-moteur-7-a-4-reglages-vitesse-variable-js470e-19835440,https://cdn.rona.ca/images/19835440_M.jpg,chacun,284.99,229.0,55.99000000000001,19.65,"55,99 $",4.0,4 en magasin,Ramassage en magasin,Livraison
GIANT,"Ensemble de vannes de service Giant, laiton, pour chauffe-eau sans réservoir, installation facile",https://www.rona.ca/fr/produit/ensemble-de-vannes-de-service-giant-laiton-pour-chauffe-eau-sans-reservoir-installation-facile-96000021-a-41355001,https://cdn.rona.ca/images/41355001_M.jpg,chacun,219.0,164.0,55.0,25.11,"54,75 $",2.0,2 en magasin,Ramassage en magasin,Livraison
GLOBE ELECTRIC,Lumière de sécurité double Heath Zenith DEL détecteur de mouvement 180 degrés 2000 lm bronze,https://www.rona.ca/fr/produit/globe-electric-lumiere-de-securite-double-heath-zenith-del-detecteur-de-mouvement-180-degres-2000-lm-bronze-hz-5835-bz-51025182,https://cdn.rona.ca/images/51025182_M.jpg,chacun,144.99,90.0,54.99000000000001,37.93,"54,99 $",1.0,1 en magasin,Ramassage en magasin,Livraison
FLUKE,"Multimètre numérique compact Fluke, 600 V, noir",https://www.rona.ca/fr/produit/multimetre-numerique-compact-fluke-600-v-noir-67815007,https://cdn.rona.ca/images/67815007_M.jpg,chacun,214.99,160.0,54.99000000000001,25.58,"54,99 $",2.0,2 en magasin,Ramassage en magasin,Livraison
GLOBE ELECTRIC,"Lustre à 4 lumières Verona, métal/verre, bronze/laiton",https://www.rona.ca/fr/produit/globe-electric-lustre-a-4-lumieres-verona-metal-verre-bronze-laiton-65951-00795687,https://cdn.rona.ca/images/00795687_M.jpg,chacun,264.99,210.0,54.99000000000001,20.75,"54,99 $",3.0,3 en magasin,Ramassage en magasin,Livraison
CANARM,"Suspension à 3 lumières Simone de Canarm avec globes en verre opale de style moderne, or",https://www.rona.ca/fr/produit/suspension-a-3-lumieres-simone-de-canarm-avec-globes-en-verre-opale-de-style-moderne-or-ipl1032a03gd-05115781,https://cdn.rona.ca/images/05115781_M.jpg,chacun,274.99,220.0,54.99000000000001,20.0,"54,99 $",2.0,2 en magasin,Ramassage en magasin,Livraison
CANARM,"Suspension à 1 lumière Coco de Canarm de forme géométrique, chrome",https://www.rona.ca/fr/produit/suspension-a-1-lumiere-coco-de-canarm-de-forme-geometrique-chrome-ipl1034a01ch-05115777,https://cdn.rona.ca/images/05115777_M.jpg,chacun,94.99,40.0,54.989999999999995,57.89,"54,99 $",5.0,5 en magasin,Ramassage en magasin,Livraison
ALLEN + ROTH,"Lampes de table allen + roth, 18,5 po x 8,75 po, métal/tissu, nickel brossé/blanc, ensemble de 2",https://www.rona.ca/fr/produit/lampes-de-table-allen-roth-18-5-po-x-8-75-po-metal-tissu-nickel-brosse-blanc-ensemble-de-2-18664-013-63745000,https://cdn.rona.ca/images/63745000_M.jpg,chacun,124.99,70.0,54.989999999999995,44.0,"54,99 $",8.0,8 en magasin,Ramassage en magasin,Livraison
PROJECT SOURCE,"Toilette compacte 2 morceaux Bexley de Project Source 4,8 L",https://www.rona.ca/fr/produit/toilette-compacte-2-morceaux-bexley-de-project-source-4-8-l-78195113,https://cdn.rona.ca/images/78195113_M.jpg,chacun,349.99,297.0,52.99000000000001,15.14,"52,50 $",3.0,3 en magasin,Ramassage en magasin,Livraison
GLOBE ELECTRIC,"Luminaire mural 2 en 1 Globe Electric avec ampoule taillée et corde en tissu, noir mat",https://www.rona.ca/fr/produit/luminaire-mural-2-en-1-globe-electric-avec-ampoule-taillee-et-corde-en-tissu-noir-mat-51664-00795876,https://cdn.rona.ca/images/00795876_M.jpg,chacun,87.99,35.0,52.989999999999995,60.22,"52,99 $",2.0,2 en magasin,Ramassage en magasin,Livraison
PFISTER,"Robinet de lavabo Karci à 2 poignées, entraxe de 4 po, nickel brossé",https://www.rona.ca/fr/produit/pfister-robinet-de-lavabo-karci-a-2-poignees-entraxe-de-4-po-nickel-brosse-lf-048-kags-02606041,https://cdn.rona.ca/images/02606041_M.jpg,chacun,159.99,109.0,50.99000000000001,31.87,50 $,2.0,2 en magasin,Ramassage en magasin,Livraison
KOHLER,"Robinet mitigeur de lavabo en chrome brillant Ealing de KOHLER, bonde à pression incluse",https://www.rona.ca/fr/produit/robinet-mitigeur-de-lavabo-en-chrome-brillant-ealing-de-kohler-bonde-a-pression-incluse-31535199,https://cdn.rona.ca/images/31535199_M.jpg,chacun,159.99,109.0,50.99000000000001,31.87,"50,99 $",2.0,2 en magasin,Ramassage en magasin,Livraison
CRAFTSMAN,"Remise de jardin verticale CRAFTSMAN résine grise 6,46 h. x 5,79 pi l.",https://www.rona.ca/fr/produit/remise-de-jardin-verticale-craftsman-resine-grise-6-46-h-x-5-79-pi-l-cmxrssc6250-07805105,https://cdn.rona.ca/images/07805105_M.jpg,chacun,849.99,799.0,50.99000000000001,6.0,"50,99 $",1.0,1 en magasin,Ramassage en magasin,Livraison
BLACK+DECKER,Nettoyeur à vapeur Matrix de BLACK+DECKER multifonction avec 6 accessoires,https://www.rona.ca/fr/produit/nettoyeur-a-vapeur-matrix-de-blackdecker-multifonction-avec-6-accessoires-bhsm15fx08-00277883,https://cdn.rona.ca/images/00277883_M.jpg,chacun,149.0,99.0,50.0,33.56,50 $,1.0,1 en magasin,Ramassage en magasin,Livraison
CRAFTSMAN,"Ensemble d'outils de mécanicien à 3 tiroirs Versa Stack de CRAFTSMAN, chrome poli, 216 pièces, noir et rouge",https://www.rona.ca/fr/produit/ensemble-doutils-de-mecanicien-a-3-tiroirs-versa-stack-de-craftsman-chrome-poli-216-pieces-noir-et-rouge-cmmt99206-00277302,https://cdn.rona.ca/images/00277302_M.jpg,chacun,249.0,199.0,50.0,20.08,50 $,7.0,7 en magasin,Ramassage en magasin,Livraison
CANARM,"Chandelier 5 lumières Donovan, 25'' x 27'', noir et or",https://www.rona.ca/fr/produit/canarm-chandelier-5-lumieres-donovan-25-x-27-noir-et-or-ich631b05bkg25-05115737,https://cdn.rona.ca/images/05115737_M.jpg,chacun,249.99,200.0,49.99000000000001,20.0,"49,99 $",2.0,2 en magasin,Ramassage en magasin,Livraison
ALLEN + ROTH,Lampe sur pied traditionnelle allen + roth noire de 72 po à 3 lumières,https://www.rona.ca/fr/produit/lampe-sur-pied-traditionnelle-allen-roth-noire-de-72-po-a-3-lumieres-zy92619ac-45095012,https://cdn.rona.ca/images/45095012_M.jpg,chacun,254.99,205.0,49.99000000000001,19.6,"49,99 $",2.0,2 en magasin,Ramassage en magasin,Livraison
CANARM,Applique murale Finch de 32 po l. à 4 lumières au fini noir mat et nickel brossé par Canarm,https://www.rona.ca/fr/produit/applique-murale-finch-de-32-po-l-a-4-lumieres-au-fini-noir-mat-et-nickel-brosse-par-canarm-ivl630b04bkn9-05115741,https://cdn.rona.ca/images/05115741_M.jpg,chacun,289.99,240.0,49.99000000000001,17.24,"49,99 $",3.0,3 en magasin,Ramassage en magasin,Livraison
CANARM,Suspension Viero Par Canarm éclairage DEL intégré style contemporain noir,https://www.rona.ca/fr/produit/suspension-viero-par-canarm-eclairage-del-integre-style-contemporain-noir-lch189a17bk-05115816,https://cdn.rona.ca/images/05115816_M.jpg,chacun,339.99,290.0,49.99000000000001,14.7,"49,99 $",3.0,3 en magasin,Ramassage en magasin,Livraison
PROSLAT,Armoire de plancher Proslat Elite 30 po x 35 po x 18 po acier 5 tiroirs gris,https://www.rona.ca/fr/produit/armoire-de-plancher-proslat-elite-30-po-x-35-po-x-18-po-acier-5-tiroirs-gris-17012-32018090,https://cdn.rona.ca/images/32018090_M.jpg,chacun,549.99,500.0,49.99000000000001,9.09,"49,99 $",2.0,2 en magasin,Ramassage en magasin,Livraison
RUST-OLEUM,"Crème à glacis scintillant, 946 mL, gris étain",https://www.rona.ca/fr/produit/creme-a-glacis-scintillant-946-ml-gris-etain-03306144,https://cdn.rona.ca/images/03306144_M.jpg,chacun,74.99,25.0,49.989999999999995,66.66,"49,99 $",2.0,2 en magasin,Ramassage en magasin,Livraison
CANARM,"Suspension à 1 lumière Viggo de Canarm avec abat-jour en forme de disque, noir mat",https://www.rona.ca/fr/produit/suspension-a-1-lumiere-viggo-de-canarm-avec-abat-jour-en-forme-de-disque-noir-mat-ipl696b01bk-05115784,https://cdn.rona.ca/images/05115784_M.jpg,chacun,89.99,40.0,49.989999999999995,55.55,"49,99 $",2.0,2 en magasin,Ramassage en magasin,Livraison
CANARM,"Suspension à 1 lumière Viggo de Canarm avec abat-jour en forme de disque, or",https://www.rona.ca/fr/produit/suspension-a-1-lumiere-viggo-de-canarm-avec-abat-jour-en-forme-de-disque-or-ipl696b01gd-05115785,https://cdn.rona.ca/images/05115785_M.jpg,chacun,89.99,40.0,49.989999999999995,55.55,"49,99 $",16.0,16 en magasin,Ramassage en magasin,Livraison
CANARM,"Suspension à 1 lumière Marlin de Canarm en métal, style transitionnel, or et gris",https://www.rona.ca/fr/produit/suspension-a-1-lumiere-marlin-de-canarm-en-metal-style-transitionnel-or-et-gris-ipl672b01ggd-05115811,https://cdn.rona.ca/images/05115811_M.jpg,chacun,94.99,45.0,49.989999999999995,52.63,"49,99 $",7.0,7 en magasin,Ramassage en magasin,Livraison
ECOBEE,"Interrupteur intelligent Switch Plus, Amazon Alexa intégré",https://www.rona.ca/fr/produit/ecobee-interrupteur-intelligent-switch-plus-amazon-alexa-integre-eb-smswvc-02-43125007,https://cdn.rona.ca/images/43125007_M.jpg,chacun,99.0,50.0,49.0,49.49,49 $,1.0,1 en magasin,Ramassage en magasin,Livraison
ALLEN + ROTH,Chandelier Allen + Roth à 4 ampoules (blanc mat),https://www.rona.ca/fr/produit/chandelier-allen-roth-a-4-ampoules-blanc-mat-jyd0714a-2-45095014,https://cdn.rona.ca/images/45095014_M.jpg,chacun,104.0,55.0,49.0,47.12,49 $,4.0,4 en magasin,Ramassage en magasin,Livraison
MALCO,"Pince à sertir en métal Malco, poignée ergonomique, acier, 12,5 po de long",https://www.rona.ca/fr/produit/pince-a-sertir-en-metal-malco-poignee-ergonomique-acier-12-5-po-de-long-pl1r-39205026,https://cdn.rona.ca/images/39205026_M.jpg,chacun,129.0,80.0,49.0,37.98,49 $,4.0,4 en magasin,Ramassage en magasin,Livraison
LASKO,"Chaufferette utilitaire Lasko, 1500 W, plastique/métal, noir",https://www.rona.ca/fr/produit/chaufferette-utilitaire-lasko-1500-w-plastique-metal-noir-5919c-30075001,https://cdn.rona.ca/images/30075001_M.jpg,chacun,97.99,49.0,48.989999999999995,49.99,48 $,5.0,5 en magasin,Ramassage en magasin,Livraison
COLUMBIA,"Miroir de plancher rectangulaire Columbia Frame, 26,45 po x 70 po, cadre noyer",https://www.rona.ca/fr/produit/miroir-de-plancher-rectangulaire-columbia-frame-26-45-po-x-70-po-cadre-noyer-lcmlnb70wn-58235541,https://cdn.rona.ca/images/58235541_M.jpg,chacun,189.0,141.0,48.0,25.4,"47,25 $",2.0,2 en magasin,Ramassage en magasin,Livraison
KICHLER LIGHTING,"Suspension Angelica de Kichler Lighting à 5 ampoules en verre clair, nickel poli",https://www.rona.ca/fr/produit/suspension-angelica-de-kichler-lighting-a-5-ampoules-en-verre-clair-nickel-poli-34832-31885173,https://cdn.rona.ca/images/31885173_M.jpg,chacun,268.0,220.0,48.0,17.91,48 $,1.0,1 en magasin,Ramassage en magasin,Livraison
GLOBE ELECTRIC,"Luminaire suspendu 2 en 1 Harrow de Globe Electric, 59 po, gris et blanc",https://www.rona.ca/fr/produit/luminaire-suspendu-2-en-1-harrow-de-globe-electric-59-po-gris-et-blanc-61135-00795872,https://cdn.rona.ca/images/00795872_M.jpg,chacun,92.99,45.0,47.989999999999995,51.61,"47,99 $",1.0,1 en magasin,Ramassage en magasin,Livraison
DALTILE,"Tuiles mosaïque Delfino Stone de 12 po x 12 po pour sol et mur, gris",https://www.rona.ca/fr/produit/daltile-tuiles-mosaique-delfino-stone-de-12-po-x-12-po-pour-sol-et-mur-gris-dg76pebmscc1p-30215127,https://cdn.rona.ca/images/30215127_M.jpg,boite,189.9,142.0,47.900000000000006,25.22,"47,47 $",8.0,8 en magasin,Ramassage en magasin,Livraison
ORIGIN 21,Tapis Liza Origin 21 5 pi 2 x 7 pi 2 beige,https://www.rona.ca/fr/produit/tapis-liza-origin-21-5-pi-2-x-7-pi-2-beige-8027-186-b1-14715157,https://cdn.rona.ca/images/14715157_M.jpg,chacun,159.99,113.0,46.99000000000001,29.37,"46,25 $",1.0,1 en magasin,Ramassage en magasin,Livraison
SCHLAGE,Pêne dormant et levier Latitude de Schlage pour couloir et placard cylindre unique noir mat,https://www.rona.ca/fr/produit/pene-dormant-et-levier-latitude-de-schlage-pour-couloir-et-placard-cylindre-unique-noir-mat-176324-12825567,https://cdn.rona.ca/images/12825567_M.jpg,chacun,91.99,45.0,46.989999999999995,51.08,46 $,4.0,4 en magasin,Ramassage en magasin,Livraison
PANACEA,"Lit de jardin surélevé, Panacea, acier 48 po x 12 po brun",https://www.rona.ca/fr/produit/lit-de-jardin-sureleve-panacea-acier-48-po-x-12-po-brun-83393-15305069,https://cdn.rona.ca/images/15305069_M.jpg,chacun,114.99,68.0,46.989999999999995,40.86,46 $,1.0,1 en magasin,Ramassage en magasin,Livraison
AIR KING,Humidificateur de fournaise en plastique W1000 Air King,https://www.rona.ca/fr/produit/humidificateur-de-fournaise-en-plastique-w1000-air-king-04355057,https://cdn.rona.ca/images/04355057_M.jpg,chacun,129.99,84.0,45.99000000000001,35.38,"45,50 $",3.0,3 en magasin,Ramassage en magasin,Livraison
LANDON&CO,Robinet de salle de bain Amaria par Landon & Co. chrome 1 poignée,https://www.rona.ca/fr/produit/landon-co-robinet-de-salle-de-bain-amaria-par-landon-co-chrome-1-poignee-fs6a0230cp-80375180,https://cdn.rona.ca/images/80375180_M.jpg,chacun,134.99,89.0,45.99000000000001,34.07,"45,99 $",1.0,1 en magasin,Ramassage en magasin,Livraison
ALLEN + ROTH,Tapis Iris allen + roth polyester 5 pi 2 x 7 pi 2 gris,https://www.rona.ca/fr/produit/tapis-iris-allen-roth-polyester-5-pi-2-x-7-pi-2-gris-562-451-a1-14715174,https://cdn.rona.ca/images/14715174_M.jpg,chacun,159.99,114.0,45.99000000000001,28.75,"45,23 $",4.0,4 en magasin,Ramassage en magasin,Livraison
KOHLER,"Robinet de salle de bain Lilyfield de KOHLER, 1 poignée, chrome poli",https://www.rona.ca/fr/produit/robinet-de-salle-de-bain-lilyfield-de-kohler-1-poignee-chrome-poli-31535082,https://cdn.rona.ca/images/31535082_M.jpg,chacun,174.99,129.0,45.99000000000001,26.28,45 $,1.0,1 en magasin,Ramassage en magasin,Livraison
MOEN,"Mitigeur de salle de bain en nickel brossé Mikah de MOEN, 1 poignée",https://www.rona.ca/fr/produit/mitigeur-de-salle-de-bain-en-nickel-brosse-mikah-de-moen-1-poignee-84310srn-15025854,https://cdn.rona.ca/images/15025854_M.jpg,chacun,179.99,134.0,45.99000000000001,25.55,45 $,11.0,11 en magasin,Ramassage en magasin,Livraison
CRAFTSMAN,"Ensemble d'outils de mécanicien Versastack de CRAFTSMAN, chrome poli, arc d'ouverture faible , inoxydable, 63 pièces",https://www.rona.ca/fr/produit/ensemble-doutils-de-mecanicien-versastack-de-craftsman-chrome-poli-arc-douverture-faible-inoxydable-63-pieces-cmmt45063-00277289,https://cdn.rona.ca/images/00277289_M.jpg,chacun,114.0,69.0,45.0,39.47,45 $,5.0,5 en magasin,Ramassage en magasin,Livraison
PROSLAT,Armoire mural Proslat Elite 30 po x 20 po x 13 po acier 2 portes gris,https://www.rona.ca/fr/produit/armoire-mural-proslat-elite-30-po-x-20-po-x-13-po-acier-2-portes-gris-17014-32016359,https://cdn.rona.ca/images/32016359_M.jpg,chacun,214.99,170.0,44.99000000000001,20.93,"44,99 $",1.0,1 en magasin,Ramassage en magasin,Livraison
GRILLPRO,Tuyau pour gaz naturel GrillPro 10 pi en caoutchouc noir,https://www.rona.ca/fr/produit/tuyau-pour-gaz-naturel-grillpro-10-pi-en-caoutchouc-noir-82110-1666235,https://cdn.rona.ca/images/1666235_M.jpg,chacun,69.99,25.0,44.989999999999995,64.28,"44,99 $",10.0,10 en magasin,Ramassage en magasin,Livraison
GE,"Ampoules de remplacement DEL T8 de GE 59 W 96 po à câblage direct blanc froid culot à base Fa8, 2/pqt",https://www.rona.ca/fr/produit/ampoules-de-remplacement-del-t8-de-ge-59-w-96-po-a-cablage-direct-blanc-froid-culot-a-base-fa8-2-pqt-93128867-41537545,https://cdn.rona.ca/images/41537545_M.jpg,chacun,84.99,40.0,44.989999999999995,52.94,"44,99 $",13.0,13 en magasin,Ramassage en magasin,Livraison
GE,"Tubes fluorescents DEL de 96 po Fa8 de GE, câblage direct type B, 43 W équivalent à 59 W, lumière du soleil, paquet de 2",https://www.rona.ca/fr/produit/tubes-fluorescents-del-de-96-po-fa8-de-ge-cablage-direct-type-b-43-w-equivalent-a-59-w-lumiere-du-soleil-paquet-de-2-93128869-41537543,https://cdn.rona.ca/images/41537543_M.jpg,chacun,84.99,40.0,44.989999999999995,52.94,"44,99 $",6.0,6 en magasin,Ramassage en magasin,Livraison
VICTOR,"Piège pour souris et rat, Victor, éléctronique, bleu",https://www.rona.ca/fr/produit/piege-pour-souris-et-rat-victor-electronique-bleu-rzc001-4tri-13095131,https://cdn.rona.ca/images/13095131_M.jpg,chacun,89.99,45.0,44.989999999999995,49.99,"44,50 $",2.0,2 en magasin,Ramassage en magasin,Livraison
SAMAN,Epox-Y Saman pour moulage finition très lustré 750 ml,https://www.rona.ca/fr/produit/epox-y-saman-pour-moulage-finition-tres-lustre-750-ml-epc-100-750-72645281,https://cdn.rona.ca/images/72645281_M.jpg,chacun,93.99,49.0,44.989999999999995,47.87,44 $,52.0,52 en magasin,Ramassage en magasin,Livraison
EGLO,"Luminaire suspendu Eglo, Mandana, nickel et taupe",https://www.rona.ca/fr/produit/luminaire-suspendu-eglo-mandana-nickel-et-taupe-204254a-21045043,https://cdn.rona.ca/images/21045043_M.jpg,chacun,94.99,50.0,44.989999999999995,47.36,"44,99 $",10.0,10 en magasin,Ramassage en magasin,Livraison
GLOBE ELECTRIC,Luminaire suspendu rétro Globe Electric 2 en 1 noir mat verre transparent,https://www.rona.ca/fr/produit/luminaire-suspendu-retro-globe-electric-2-en-1-noir-mat-verre-transparent-44647-00795875,https://cdn.rona.ca/images/00795875_M.jpg,chacun,114.99,70.0,44.989999999999995,39.13,"44,99 $",1.0,1 en magasin,Ramassage en magasin,Livraison
DEWALT,"Ensemble perceuse-visseuse et tournevis à percussion sans fil DEWALT, 2 batteries 20 V, noir/jaune",https://www.rona.ca/fr/produit/ensemble-perceuse-visseuse-et-tournevis-a-percussion-sans-fil-dewalt-2-batteries-20-v-noir-jaune-dck276e2-00277575,https://cdn.rona.ca/images/00277575_M.jpg,chacun,349.0,305.0,44.0,12.61,"43,62 $",7.0,7 en magasin,Ramassage en magasin,Livraison
SMARTPOND,Ensemble de filtres en mousse Smartpond noir,https://www.rona.ca/fr/produit/ensemble-de-filtres-en-mousse-smartpond-noir-70779-30195049,https://cdn.rona.ca/images/30195049_M.jpg,chacun,54.99,11.0,43.99,80.0,"43,99 $",6.0,6 en magasin,Ramassage en magasin,Livraison
,"Doucine en MDF apprêté Metrie, 8 pi x 6 3/4 po x 1 po",https://www.rona.ca/fr/produit/doucine-en-mdf-apprete-metrie-8-pi-x-6-3-4-po-x-1-po-mfpu901-08-61426871,https://cdn.rona.ca/images/61426871_M.jpg,chacun,57.99,14.0,43.99,75.86,"43,49 $",12.0,12 en magasin,Ramassage en magasin,Livraison
JOHN DEERE,"Lames standards de rechange John Deere en alliage d'acier à haute teneur en carbone pour tondeuse 54 po, 3/pqt",https://www.rona.ca/fr/produit/lames-standards-de-rechange-john-deere-en-alliage-dacier-a-haute-teneur-en-carbone-pour-tondeuse-54-po-3-pqt-gy20679-30735333,https://cdn.rona.ca/images/30735333_M.jpg,chacun,84.99,42.0,42.989999999999995,50.58,"42,49 $",1.0,1 en magasin,Ramassage en magasin,Livraison
GLOBE ELECTRIC,"Lanterne murale détecteur de mouvement par Globe, 150°, noir",https://www.rona.ca/fr/produit/globe-electric-lanterne-murale-detecteur-de-mouvement-par-globe-150-noir-hz-4630-bk-51025194,https://cdn.rona.ca/images/51025194_M.jpg,chacun,127.0,85.0,42.0,33.07,42 $,1.0,1 en magasin,Ramassage en magasin,Livraison
SICO ENDURANCE,"Peinture-apprêt acrylique SICO Endurance blanc perle, 18,9 L",https://www.rona.ca/fr/produit/peinture-appret-acrylique-sico-endurance-blanc-perle-18-9-l-50317352,https://cdn.rona.ca/images/50317352_M.jpg,chacun,269.0,228.0,41.0,15.24,"40,35 $",2.0,2 en magasin,Ramassage en magasin,Livraison
SICO ENDURANCE,"Peinture-apprêt SICO Endurance acrylique semi-lustrée, 18,9 L",https://www.rona.ca/fr/produit/peinture-appret-sico-endurance-acrylique-semi-lustree-18-9-l-50317353,https://cdn.rona.ca/images/50317353_M.jpg,chacun,273.0,232.0,41.0,15.02,"40,95 $",3.0,3 en magasin,Ramassage en magasin,Livraison
PROJECT SOURCE,"Robinet de bain et douche Mistry de Project Source, 1 poignée, chrome",https://www.rona.ca/fr/produit/robinet-de-bain-et-douche-mistry-de-project-source-1-poignee-chrome-f1aaf510cp-80375098,https://cdn.rona.ca/images/80375098_M.jpg,chacun,139.99,99.0,40.99000000000001,29.28,40 $,2.0,2 en magasin,Ramassage en magasin,Livraison
DREMEL,ACCESSOIRES DE MINI-SCIE,https://www.rona.ca/fr/produit/dremel-accessoires-de-mini-scie-670-01-1916204,https://cdn.rona.ca/images/1916204_M.jpg,chacun,70.99,30.0,40.989999999999995,57.74,"40,99 $",3.0,3 en magasin,Ramassage en magasin,Livraison
ENDLESS SUMMER,Foyer de table d'extérieur Endless Summer ronde en céramique noir,https://www.rona.ca/fr/produit/foyer-de-table-dexterieur-endless-summer-ronde-en-ceramique-noir-aad1501lc-34085115,https://cdn.rona.ca/images/34085115_M.jpg,chacun,89.99,49.0,40.989999999999995,45.55,40 $,4.0,4 en magasin,Ramassage en magasin,Livraison
BOSCH,"Chargeur de batterie pour outils électriques 18 V Bosch, puissance 16 A, power-boost, indicateur DEL",https://www.rona.ca/fr/produit/chargeur-de-batterie-pour-outils-electriques-18-v-bosch-puissance-16-a-power-boost-indicateur-del-gal18v-160c-19836361,https://cdn.rona.ca/images/19836361_M.jpg,chacun,159.0,119.0,40.0,25.16,40 $,1.0,1 en magasin,Ramassage en magasin,Livraison
MAKITA,"Perceuse sans fil 18 V et 1/2 po avec batteries et chargeur Makita, réversible, vitesse variable",https://www.rona.ca/fr/produit/perceuse-sans-fil-18-v-et-1-2-po-avec-batteries-et-chargeur-makita-reversible-vitesse-variable-ddf453y002-11975499,https://cdn.rona.ca/images/11975499_M.jpg,chacun,169.0,129.0,40.0,23.67,40 $,7.0,7 en magasin,Ramassage en magasin,Livraison
NESPRESSO,Cafetière Vertuo POP+ Nespresso noire,https://www.rona.ca/fr/produit/cafetiere-vertuo-pop-nespresso-noire-env92bca-30105009,https://cdn.rona.ca/images/30105009_M.jpg,chacun,169.0,129.0,40.0,23.67,40 $,5.0,5 en magasin,Ramassage en magasin,Livraison
HAMILTON BEACH,"Batteur sur socle à 7 vitesses Hamilton Beach, 4 L, 300 W, noir",https://www.rona.ca/fr/produit/batteur-sur-socle-a-7-vitesses-hamilton-beach-4-l-300-w-noir-63391-02505141,https://cdn.rona.ca/images/02505141_M.jpg,chacun,179.0,139.0,40.0,22.35,"39,01 $",1.0,1 en magasin,Ramassage en magasin,Livraison
STONEFFECTS,"Revêtement pour comptoir Stoneffects par Rust-Oleum 1,2 L epoxy brillant transparent",https://www.rona.ca/fr/produit/revetement-pour-comptoir-stoneffects-par-rust-oleum-1-2-l-epoxy-brillant-transparent-n5305150-03305281,https://cdn.rona.ca/images/03305281_M.jpg,chacun,129.99,90.0,39.99000000000001,30.76,39 $,5.0,5 en magasin,Ramassage en magasin,Livraison
ORBIT,"Minuterie d'arrosage numérique intelligente B-Hyve, Wi-Fi",https://www.rona.ca/fr/produit/orbit-minuterie-darrosage-numerique-intelligente-b-hyve-wi-fi-91930p-20555065,https://cdn.rona.ca/images/20555065_M.jpg,chacun,129.99,90.0,39.99000000000001,30.76,39 $,7.0,7 en magasin,Ramassage en magasin,Livraison
SPYDER,"Jeu de lames de scie circulaire combinées en acier 12 po Tarantula de Spyder, 40/80 dents, 2 lames",https://www.rona.ca/fr/produit/jeu-de-lames-de-scie-circulaire-combinees-en-acier-12-po-tarantula-de-spyder-40-80-dents-2-lames-13067ca-65165137,https://cdn.rona.ca/images/65165137_M.jpg,chacun,129.99,90.0,39.99000000000001,30.76,"39,99 $",1.0,1 en magasin,Ramassage en magasin,Livraison
PROJECT SOURCE,"Lampe suspendue à abat-jour bombé métallique noir Project Source contemporaine 18 x 16 po, ampoule incandescente",https://www.rona.ca/fr/produit/lampe-suspendue-a-abat-jour-bombe-metallique-noir-project-source-contemporaine-18-x-16-po-ampoule-incandescente-ws-sp-053-08385055,https://cdn.rona.ca/images/08385055_M.jpg,chacun,149.99,110.0,39.99000000000001,26.66,"39,99 $",2.0,2 en magasin,Ramassage en magasin,Livraison
CANARM,"Lustre à 4 lumières Coco de Canarm en forme de cage, or",https://www.rona.ca/fr/produit/lustre-a-4-lumieres-coco-de-canarm-en-forme-de-cage-or-ich1034a04gd14-05115776,https://cdn.rona.ca/images/05115776_M.jpg,chacun,224.99,185.0,39.99000000000001,17.77,"39,99 $",4.0,4 en magasin,Ramassage en magasin,Livraison
CANARM,"Luminaire suspendu à 4 lumières Armelle de Canarm, style contemporain, noir mat et gris brossé",https://www.rona.ca/fr/produit/luminaire-suspendu-a-4-lumieres-armelle-de-canarm-style-contemporain-noir-mat-et-gris-brosse-ipl673b04bkd20-05115812,https://cdn.rona.ca/images/05115812_M.jpg,chacun,279.99,240.0,39.99000000000001,14.28,"39,99 $",2.0,2 en magasin,Ramassage en magasin,Livraison
FILTRETE,"Filtres à air plissé électrostatique synthétique réducteur d'allergènes 4 saisons Filtrete, 16 x 25 x 1 po, paquet de 4",https://www.rona.ca/fr/produit/filtres-a-air-plisse-electrostatique-synthetique-reducteur-dallergenes-4-saisons-filtrete-16-x-25-x-1-po-paquet-de-4-7100231497-02095621,https://cdn.rona.ca/images/02095621_M.jpg,chacun,59.99,20.0,39.99,66.66,"39,99 $",10.0,10 en magasin,Ramassage en magasin,Livraison
VENMAR,Filtre au charbon,https://www.rona.ca/fr/produit/venmar-filtre-au-charbon-12227-0909210,https://cdn.rona.ca/images/0909210_M.jpg,chacun,64.99,25.0,39.989999999999995,61.53,"39,99 $",1.0,1 en magasin,Ramassage en magasin,Livraison
MONUMENT GRILLS,Housse de barbecue Monument Grills en polyester noir 12 x 46 x 43 po,https://www.rona.ca/fr/produit/housse-de-barbecue-monument-grills-en-polyester-noir-12-x-46-x-43-po-98472-60855067,https://cdn.rona.ca/images/60855067_M.jpg,chacun,69.99,30.0,39.989999999999995,57.14,"39,99 $",2.0,2 en magasin,Ramassage en magasin,Livraison
GLOBE ELECTRIC,"Applique murale 2 en 1 Globe Electric avec bras pivotant, tissu, nickel et blanc",https://www.rona.ca/fr/produit/applique-murale-2-en-1-globe-electric-avec-bras-pivotant-tissu-nickel-et-blanc-51656-00795867,https://cdn.rona.ca/images/00795867_M.jpg,chacun,109.99,70.0,39.989999999999995,36.36,"39,99 $",4.0,4 en magasin,Ramassage en magasin,Livraison
SPYDER,"Jeu de lames de scie circulaire de finition en acier 10 po Tarantula de Spyder, 40/60 dents, 2 lames",https://www.rona.ca/fr/produit/jeu-de-lames-de-scie-circulaire-de-finition-en-acier-10-po-tarantula-de-spyder-40-60-dents-2-lames-13066ca-65165136,https://cdn.rona.ca/images/65165136_M.jpg,chacun,119.99,80.0,39.989999999999995,33.33,"39,99 $",2.0,2 en magasin,Ramassage en magasin,Livraison
ROTOZIP,"Collecteur de poussière, plastique, noir",https://www.rona.ca/fr/produit/collecteur-de-poussiere-plastique-noir-19835916,https://cdn.rona.ca/images/19835916_M.jpg,chacun,59.89,20.0,39.89,66.61,"39,89 $",1.0,1 en magasin,Ramassage en magasin,Livraison
GLOBE ELECTRIC,"Luminaire suspendu à 3 lumières, Sydney, 35"", chrome poli",https://www.rona.ca/fr/produit/globe-electric-luminaire-suspendu-a-3-lumieres-sydney-35-chrome-poli-64024-37495417,https://cdn.rona.ca/images/37495417_M.jpg,chacun,159.0,120.0,39.0,24.53,39 $,1.0,1 en magasin,Ramassage en magasin,Livraison
KICHLER LIGHTING,Luminaire suspendu à 4 lumières Barrington de Kichler en similibois et métal noir,https://www.rona.ca/fr/produit/kichler-lighting-luminaire-suspendu-a-4-lumieres-barrington-de-kichler-en-similibois-et-metal-noir-34689-31885108,https://cdn.rona.ca/images/31885108_M.jpg,chacun,244.0,205.0,39.0,15.98,39 $,1.0,1 en magasin,Ramassage en magasin,Livraison
SICO ENDURANCE,"Peinture-apprêt SICO Endurance blanc mat, 18,9 L",https://www.rona.ca/fr/produit/peinture-appret-sico-endurance-blanc-mat-18-9-l-50317348,https://cdn.rona.ca/images/50317348_M.jpg,chacun,251.0,213.0,38.0,15.14,"37,65 $",8.0,8 en magasin,Ramassage en magasin,Livraison
SUPER DECAPANT,"Décapant Super formule gel pour peinture et vernis 18,9 L",https://www.rona.ca/fr/produit/super-decapant-decapant-super-formule-gel-pour-peinture-et-vernis-18-9-l-1020ng-77085017,https://cdn.rona.ca/images/77085017_M.jpg,chacun,249.99,212.0,37.99000000000001,15.2,"37,50 $",1.0,1 en magasin,Ramassage en magasin,Livraison
PIT BOSS,Housse pour barbecue Pit Boss Série 1150 en polyester noir,https://www.rona.ca/fr/produit/housse-pour-barbecue-pit-boss-serie-1150-en-polyester-noir-30942-49255033,https://cdn.rona.ca/images/49255033_M.jpg,chacun,97.99,60.0,37.989999999999995,38.77,"37,99 $",4.0,4 en magasin,Ramassage en magasin,Livraison
BAZZ SMART HOME,Luminaire DEL encastré 11 W blanc mat de 4 po Wi-Fi Mood par Bazz Smart Home,https://www.rona.ca/fr/produit/luminaire-del-encastre-11-w-blanc-mat-de-4-po-wi-fi-mood-par-bazz-smart-home-slmr4tnwfw-33785554,https://cdn.rona.ca/images/33785554_M.jpg,chacun,49.99,14.0,35.99,71.99,"35,25 $",2.0,2 en magasin,Ramassage en magasin,Livraison
PROJECT SOURCE,"Lavabo vasque, rond, 18,11"" x 18,11"" x 7,6"", blanc",https://www.rona.ca/fr/produit/project-source-lavabo-vasque-rond-18-11-x-18-11-x-7-6-blanc-ml-38ba-16905014,https://cdn.rona.ca/images/16905014_M.jpg,chacun,74.99,39.0,35.989999999999995,47.99,35 $,3.0,3 en magasin,Ramassage en magasin,Livraison
MURDESIGN,"Tuile à plafond Marquise, Mur Design, HDF, 2' x 4', bte/4",https://www.rona.ca/fr/produit/murdesign-tuile-a-plafond-marquise-mur-design-hdf-2-x-4-bte-4-panq-i24ma-48095075,https://cdn.rona.ca/images/48095075_M.jpg,boite,74.99,39.0,35.989999999999995,47.99,35 $,1.0,1 en magasin,Ramassage en magasin,Livraison
CANARM,Applique murale Poppy de 10 po au fini doré et à DEL intégrée de 7 W par Canarm,https://www.rona.ca/fr/produit/applique-murale-poppy-de-10-po-au-fini-dore-et-a-del-integree-de-7-w-par-canarm-lvl176a01gd-05115745,https://cdn.rona.ca/images/05115745_M.jpg,chacun,85.99,50.0,35.989999999999995,41.85,"35,99 $",21.0,21 en magasin,Ramassage en magasin,Livraison
NORTON,"Lame de scie circulaire turbo en diamant Classic Norton, tout usage, acier allié, 10 po dia",https://www.rona.ca/fr/produit/lame-de-scie-circulaire-turbo-en-diamant-classic-norton-tout-usage-acier-allie-10-po-dia-7660702780-77375717,https://cdn.rona.ca/images/77375717_M.jpg,chacun,95.99,60.0,35.989999999999995,37.49,"35,99 $",1.0,1 en magasin,Ramassage en magasin,Livraison
KORHANI HOME,"Tapis décoratif en polyester Melilla Korhani, 5 x 7 pi, beige et brun",https://www.rona.ca/fr/produit/korhani-home-tapis-decoratif-en-polyester-melilla-korhani-5-x-7-pi-beige-et-brun-k19761-51926885,https://cdn.rona.ca/images/51926885_M.jpg,chacun,99.99,64.0,35.989999999999995,35.99,35 $,3.0,3 en magasin,Ramassage en magasin,Livraison
KORHANI HOME,"Tapis décoratif en polyester Sintra Korhani, 5 x 7 pi, beige et crème",https://www.rona.ca/fr/produit/korhani-home-tapis-decoratif-en-polyester-sintra-korhani-5-x-7-pi-beige-et-creme-k19760-51926884,https://cdn.rona.ca/images/51926884_M.jpg,chacun,99.99,64.0,35.989999999999995,35.99,35 $,3.0,3 en magasin,Ramassage en magasin,Livraison
KORHANI HOME,"Tapis décoratif en polyester Argento Korhani, 5 x 7 pi, blanc et gris",https://www.rona.ca/fr/produit/korhani-home-tapis-decoratif-en-polyester-argento-korhani-5-x-7-pi-blanc-et-gris-k19762-51926886,https://cdn.rona.ca/images/51926886_M.jpg,chacun,99.99,64.0,35.989999999999995,35.99,35 $,2.0,2 en magasin,Ramassage en magasin,Livraison
KORHANI HOME,"Tapis décoratif en polyester Mesquit Korhani, 5 x 7 pi, beige et gris",https://www.rona.ca/fr/produit/korhani-home-tapis-decoratif-en-polyester-mesquit-korhani-5-x-7-pi-beige-et-gris-k19759-51926883,https://cdn.rona.ca/images/51926883_M.jpg,chacun,99.99,64.0,35.989999999999995,35.99,35 $,4.0,4 en magasin,Ramassage en magasin,Livraison
LENOX,"Scie-cloche 4,25 po à pointe en carbure Lenox, 1 pièce, sans arbre",https://www.rona.ca/fr/produit/scie-cloche-4-25-po-a-pointe-en-carbure-lenox-1-piece-sans-arbre-lxah3414-02445508,https://cdn.rona.ca/images/02445508_M.jpg,chacun,109.99,74.0,35.989999999999995,32.72,35 $,1.0,1 en magasin,Ramassage en magasin,Livraison
BBQ CROC,Barbecue au charbon de bois Croc Tools avec glacière,https://www.rona.ca/fr/produit/bbq-croc-barbecue-au-charbon-de-bois-croc-tools-avec-glaciere-89932-53245001,https://cdn.rona.ca/images/53245001_M.jpg,chacun,49.49,14.0,35.49,71.71,"34,50 $",11.0,11 en magasin,Ramassage en magasin,Livraison
GLOBE ELECTRIC,"Ensemble de salle de bains 5 pièces au fini laiton mat de style rétro-moderne de Globe Electric, 3 lumières",https://www.rona.ca/fr/produit/ensemble-de-salle-de-bains-5-pieces-au-fini-laiton-mat-de-style-retro-moderne-de-globe-electric-3-lumieres-51638-00795826,https://cdn.rona.ca/images/00795826_M.jpg,chacun,194.99,160.0,34.99000000000001,17.94,"34,99 $",4.0,4 en magasin,Ramassage en magasin,Livraison
CANARM,"Lustre Capri de Canarm avec éclairage DEL intégré, style moderne abstrait, noir mat",https://www.rona.ca/fr/produit/lustre-capri-de-canarm-avec-eclairage-del-integre-style-moderne-abstrait-noir-mat-lch192a24bk-05115818,https://cdn.rona.ca/images/05115818_M.jpg,chacun,219.99,185.0,34.99000000000001,15.91,"34,99 $",1.0,1 en magasin,Ramassage en magasin,Livraison
CANARM,"Éclairage sur rail Canarm Mayda, 3 lumières 14,75 po or",https://www.rona.ca/fr/produit/eclairage-sur-rail-canarm-mayda-3-lumieres-14-75-po-or-icw1035a03gd10-05115773,https://cdn.rona.ca/images/05115773_M.jpg,chacun,89.99,55.0,34.989999999999995,38.88,"34,99 $",6.0,6 en magasin,Ramassage en magasin,Livraison
JOHNSON,"Niveau d'angle numérique Johnson, aluminium, noir et argent, 2 fioles",https://www.rona.ca/fr/produit/niveau-dangle-numerique-johnson-aluminium-noir-et-argent-2-fioles-40-0925-5445001,https://cdn.rona.ca/images/5445001_M.jpg,chacun,109.99,75.0,34.989999999999995,31.81,"34,99 $",1.0,1 en magasin,Ramassage en magasin,Livraison
CANARM,"Lampe de luminothérapie Canarm avec commande tactile d'intensité et minuterie, lumière DEL 10 W, blanc",https://www.rona.ca/fr/produit/lampe-de-luminotherapie-canarm-avec-commande-tactile-dintensite-et-minuterie-lumiere-del-10-w-blanc-lh01wh-c-05115832,https://cdn.rona.ca/images/05115832_M.jpg,chacun,52.99,19.0,33.99,64.14,33 $,72.0,72 en magasin,Ramassage en magasin,Livraison
RELIABILT,"Clenche d'entrée Hydre de Reliabilt, zinc, nickel satiné",https://www.rona.ca/fr/produit/clenche-dentree-hydre-de-reliabilt-zinc-nickel-satine-r71290-snlb-08425037,https://cdn.rona.ca/images/08425037_M.jpg,chacun,109.99,76.0,33.989999999999995,30.9,33 $,7.0,7 en magasin,Ramassage en magasin,Livraison
EBSU,Tiroir EnSuite de EBSU 30 x 16 po bois composite blanc,https://www.rona.ca/fr/produit/tiroir-ensuite-de-ebsu-30-x-16-po-bois-composite-blanc-en-d3016-nybl-75396891,https://cdn.rona.ca/images/75396891_M.jpg,chacun,130.0,97.0,33.0,25.38,"32,50 $",2.0,2 en magasin,Ramassage en magasin,Livraison
SCHLAGE,"Poignée pour porte d'entrée Broadway, levier, acier, noir mat",https://www.rona.ca/fr/produit/schlage-poignee-pour-porte-dentree-broadway-levier-acier-noir-mat-156831-12825533,https://cdn.rona.ca/images/12825533_M.jpg,chacun,64.99,32.0,32.989999999999995,50.76,"32,50 $",10.0,10 en magasin,Ramassage en magasin,Livraison
LEVOLOR,"Store à enroulement automatique Levolor, solaire, 73 po x 72 po, PVC, blanc et beige",https://www.rona.ca/fr/produit/store-a-enroulement-automatique-levolor-solaire-73-po-x-72-po-pvc-blanc-et-beige-2049917-13896209,https://cdn.rona.ca/images/13896209_M.jpg,chacun,127.0,95.0,32.0,25.2,"31,01 $",9.0,9 en magasin,Ramassage en magasin,Livraison
FEDERAL PIONEER,Disjoncteur de défaut d'arc 15A 1P,https://www.rona.ca/fr/produit/federal-pioneer-disjoncteur-de-defaut-darc-15a-1p-na15afi-0265056,https://cdn.rona.ca/images/0265056_M.jpg,chacun,159.0,127.0,32.0,20.13,"31,80 $",3.0,3 en magasin,Ramassage en magasin,Livraison
METRIE,"Plinthe en MDF apprêtée Metrie, 9/16 po x 5 po x 12 pi",https://www.rona.ca/fr/produit/plinthe-en-mdf-appretee-metrie-9-16-po-x-5-po-x-12-pi-mfpu545-12-00175369,https://cdn.rona.ca/images/00175369_M.jpg,chacun,41.99,10.0,31.990000000000002,76.18,"31,49 $",2.0,2 en magasin,Ramassage en magasin,Livraison
CHAR-BROIL,"Grille de cuisson Char-Broil infrarouge en fonte, 17po x 6po",https://www.rona.ca/fr/produit/grille-de-cuisson-char-broil-infrarouge-en-fonte-17po-x-6po-3297527r04-07325154,https://cdn.rona.ca/images/07325154_M.jpg,chacun,61.99,30.0,31.990000000000002,51.61,"31,99 $",2.0,2 en magasin,Ramassage en magasin,Livraison
HOMEFRONT BY SCHLAGE,"Poignée de passage Home Front Ashburn, pour corridor et placard, 4/pqt",https://www.rona.ca/fr/produit/homefront-by-schlage-poignee-de-passage-home-front-ashburn-pour-corridor-et-placard-4-pqt-183015-12825595,https://cdn.rona.ca/images/12825595_M.jpg,chacun,124.99,93.0,31.989999999999995,25.59,"31,25 $",22.0,22 en magasin,Ramassage en magasin,Livraison
HOMEFRONT BY SCHLAGE,Poignée de passage à béquille Ashburn Home Front par Schlage noir mat 4/pqt,https://www.rona.ca/fr/produit/homefront-by-schlage-poignee-de-passage-a-bequille-ashburn-home-front-par-schlage-noir-mat-4-pqt-183016-12825596,https://cdn.rona.ca/images/12825596_M.jpg,chacun,124.99,93.0,31.989999999999995,25.59,"31,25 $",8.0,8 en magasin,Ramassage en magasin,Livraison
NINJA,Thermomètre sans fil Ninja ProChef en acier inoxydable,https://www.rona.ca/fr/produit/thermometre-sans-fil-ninja-prochef-en-acier-inoxydable-wp100c-87455028,https://cdn.rona.ca/images/87455028_M.jpg,chacun,129.99,99.0,30.99000000000001,23.84,30 $,1.0,1 en magasin,Ramassage en magasin,Livraison
HOGAR STUDIO,Tapis carré Hogar Studio Grazia 2 pi x 3 pi gris et noir,https://www.rona.ca/fr/produit/tapis-carre-hogar-studio-grazia-2-pi-x-3-pi-gris-et-noir-hg1601-20-34-00465188,https://cdn.rona.ca/images/00465188_M.jpg,chacun,39.99,9.0,30.990000000000002,77.49,30 $,2.0,2 en magasin,Ramassage en magasin,Livraison
BLACK+DECKER,"Vadrouille à vapeur BLACK+DECKER 11,5 po blanc",https://www.rona.ca/fr/produit/vadrouille-a-vapeur-blackdecker-11-5-po-blanc-hsm13e1-00277368,https://cdn.rona.ca/images/00277368_M.jpg,chacun,69.99,39.0,30.989999999999995,44.28,"30,99 $",2.0,2 en magasin,Ramassage en magasin,Livraison
CHAMBERLAIN,"Télécommande sans fil pour ouvre-porte de garage sans fil Chamberlain, à 3 boutons",https://www.rona.ca/fr/produit/telecommande-sans-fil-pour-ouvre-porte-de-garage-sans-fil-chamberlain-a-3-boutons-g953evc-p2-07645043,https://cdn.rona.ca/images/07645043_M.jpg,chacun,74.99,44.0,30.989999999999995,41.33,30 $,1.0,1 en magasin,Ramassage en magasin,Livraison
BAKERSTONE,Housse de barbecue Bakerstone PVC noir 45 x 44 x 28 po,https://www.rona.ca/fr/produit/housse-de-barbecue-bakerstone-pvc-noir-45-x-44-x-28-po-bsbc-1-p-41915017,https://cdn.rona.ca/images/41915017_M.jpg,chacun,79.99,49.0,30.989999999999995,38.74,30 $,6.0,6 en magasin,Ramassage en magasin,Livraison
GE,Tube fluorescent de croissance de GE avec fixation en plastique 48 po 30 W,https://www.rona.ca/fr/produit/tube-fluorescent-de-croissance-de-ge-avec-fixation-en-plastique-48-po-30-w-93120242-32285216,https://cdn.rona.ca/images/32285216_M.jpg,chacun,85.99,55.0,30.989999999999995,36.04,"30,99 $",6.0,6 en magasin,Ramassage en magasin,Livraison
CANARM,"Lampe de table Kailano de Canarm, 11 po x 14 po, céramique/tissu, or/bleu/blanc",https://www.rona.ca/fr/produit/lampe-de-table-kailano-de-canarm-11-po-x-14-po-ceramique-tissu-or-bleu-blanc-itl717b16gdb-05115834,https://cdn.rona.ca/images/05115834_M.jpg,chacun,95.99,65.0,30.989999999999995,32.28,"30,99 $",3.0,3 en magasin,Ramassage en magasin,Livraison
SUNCAST,Chariot-dévidoir pour tuyau Suncast plastique 175 pi,https://www.rona.ca/fr/produit/chariot-devidoir-pour-tuyau-suncast-plastique-175-pi-cpljst175p-07805103,https://cdn.rona.ca/images/07805103_M.jpg,chacun,99.99,69.0,30.989999999999995,30.99,30 $,9.0,9 en magasin,Ramassage en magasin,Livraison
,Main courante en cèdre « Colonial »,https://www.rona.ca/fr/produit/main-courante-en-cedre-colonial-shrfc8-8901012,https://cdn.rona.ca/images/8901012_M.jpg,chacun,119.0,89.0,30.0,25.21,"29,01 $",1.0,1 en magasin,Ramassage en magasin,Livraison
PROJECT SOURCE,"Lampe de table Project Source avec tissu et bois, 24 po x 15 po, noir et brun",https://www.rona.ca/fr/produit/lampe-de-table-project-source-avec-tissu-et-bois-24-po-x-15-po-noir-et-brun-zy92619y-45095001,https://cdn.rona.ca/images/45095001_M.jpg,chacun,129.99,100.0,29.99000000000001,23.07,"29,99 $",2.0,2 en magasin,Ramassage en magasin,Livraison
ALLEN + ROTH,"Lampe sur pied allen + roth avec accent marbré, 62 po, métal, laiton antique",https://www.rona.ca/fr/produit/lampe-sur-pied-allen-roth-avec-accent-marbre-62-po-metal-laiton-antique-gs-f00885ab-63745010,https://cdn.rona.ca/images/63745010_M.jpg,chacun,129.99,100.0,29.99000000000001,23.07,"29,99 $",1.0,1 en magasin,Ramassage en magasin,Livraison
GLOBE ELECTRIC,"Luminaire sur rail Globe Électrique blanc et laiton, 4 lumières 34 po",https://www.rona.ca/fr/produit/globe-electric-luminaire-sur-rail-globe-electrique-blanc-et-laiton-4-lumieres-34-po-59805-00795857,https://cdn.rona.ca/images/00795857_M.jpg,chacun,134.99,105.0,29.99000000000001,22.22,"29,99 $",2.0,2 en magasin,Ramassage en magasin,Livraison
ALLEN + ROTH,"Luminaire suspendu à 1 lumière Allen + Roth, blanc, montage sur corde, ampoule A19 de 60 W (vendue séparement)",https://www.rona.ca/fr/produit/luminaire-suspendu-a-1-lumiere-allen-roth-blanc-montage-sur-corde-ampoule-a19-de-60-w-vendue-separement-ws-pc2020-62-08385077,https://cdn.rona.ca/images/08385077_M.jpg,chacun,139.99,110.0,29.99000000000001,21.42,"29,99 $",1.0,1 en magasin,Ramassage en magasin,Livraison
ALLEN + ROTH,Suspension Allen + Roth à 5 ampoules en verre clair (nickel brossé),https://www.rona.ca/fr/produit/suspension-allen-roth-a-5-ampoules-en-verre-clair-nickel-brosse-fd18-352-45055029,https://cdn.rona.ca/images/45055029_M.jpg,chacun,149.99,120.0,29.99000000000001,19.99,"29,99 $",3.0,3 en magasin,Ramassage en magasin,Livraison
CANARM,Applique murale Dalroy de 23 po au fini chrome à 3 lumières par Canarm,https://www.rona.ca/fr/produit/applique-murale-dalroy-de-23-po-au-fini-chrome-a-3-lumieres-par-canarm-ivl1042a03ch-05115790,https://cdn.rona.ca/images/05115790_M.jpg,chacun,149.99,120.0,29.99000000000001,19.99,"29,99 $",2.0,2 en magasin,Ramassage en magasin,Livraison
CANARM,Applique murale Davi par Canarm 23 po 3 lumières noir mat,https://www.rona.ca/fr/produit/applique-murale-davi-par-canarm-23-po-3-lumieres-noir-mat-ivl699b03bk-05115788,https://cdn.rona.ca/images/05115788_M.jpg,chacun,149.99,120.0,29.99000000000001,19.99,"29,99 $",10.0,10 en magasin,Ramassage en magasin,Livraison
PROJECT SOURCE,"Lustre à 4 lumières, 18,5"" x 27,5"", métal, chrome",https://www.rona.ca/fr/produit/project-source-lustre-a-4-lumieres-18-5-x-27-5-metal-chrome-sm-201951404-c-43855117,https://cdn.rona.ca/images/43855117_M.jpg,chacun,159.99,130.0,29.99000000000001,18.74,"29,99 $",6.0,6 en magasin,Ramassage en magasin,Livraison
PROJECT SOURCE,"Lampe sur pied Project Source, métal et tissu, nickel brossé et blanc",https://www.rona.ca/fr/produit/lampe-sur-pied-project-source-metal-et-tissu-nickel-brosse-et-blanc-sm-142-66905383,https://cdn.rona.ca/images/66905383_M.jpg,chacun,159.99,130.0,29.99000000000001,18.74,"29,99 $",2.0,2 en magasin,Ramassage en magasin,Livraison
GLOBE ELECTRIC,"Suspension carrée Draper intensité variable, DEL 30 W, noir",https://www.rona.ca/fr/produit/globe-electric-suspension-carree-draper-intensite-variable-del-30-w-noir-65847-00795793,https://cdn.rona.ca/images/00795793_M.jpg,chacun,179.99,150.0,29.99000000000001,16.66,"29,99 $",1.0,1 en magasin,Ramassage en magasin,Livraison
DREMEL,"Meule à tronçonner Ultra-Saw Dremel, tailles variées, oxyde d'aluminium, paquet de 6",https://www.rona.ca/fr/produit/meule-a-tronconner-ultra-saw-dremel-tailles-variees-oxyde-daluminium-paquet-de-6-us700-19835914,https://cdn.rona.ca/images/19835914_M.jpg,chaque,49.99,20.0,29.990000000000002,59.99,"29,99 $",1.0,1 en magasin,Ramassage en magasin,Livraison
GE,Kit télécommande sans fil à variation de couleur et ampoule intelligente A19 blanc doux C by GE,https://www.rona.ca/fr/produit/kit-telecommande-sans-fil-a-variation-de-couleur-et-ampoule-intelligente-a19-blanc-doux-c-by-ge-93128924-41537547,https://cdn.rona.ca/images/41537547_M.jpg,chacun,54.99,25.0,29.990000000000002,54.54,"29,99 $",6.0,6 en magasin,Ramassage en magasin,Livraison
ALLEN + ROTH,"Plafonnier Prominence Home à DEL intégré de 13 po, nickel brossé",https://www.rona.ca/fr/produit/allen-roth-plafonnier-prominence-home-a-del-integre-de-13-po-nickel-brosse-41224-32019352,https://cdn.rona.ca/images/32019352_M.jpg,chacun,59.99,30.0,29.990000000000002,49.99,"29,99 $",26.0,26 en magasin,Ramassage en magasin,Livraison
BAZZ SMART HOME,"Convertisseur de télécommandes infrarouge, 4""",https://www.rona.ca/fr/produit/bazz-smart-home-convertisseur-de-telecommandes-infrarouge-4-irremotewfbk-33785565,https://cdn.rona.ca/images/33785565_M.jpg,chacun,59.99,30.0,29.990000000000002,49.99,"29,99 $",1.0,1 en magasin,Ramassage en magasin,Livraison
GREENWORKS,Batterie rechargeable aux ions lithium Greenworks 2.0 Ah/24 Volts,https://www.rona.ca/fr/produit/batterie-rechargeable-aux-ions-lithium-greenworks-20-ah-24-volts-29842-41536375,https://cdn.rona.ca/images/41536375_M.jpg,chacun,79.99,50.0,29.989999999999995,37.49,"29,99 $",3.0,3 en magasin,Ramassage en magasin,Livraison
NORTON,"Lame de scie circulaire segmentée en diamant Classic Norton, rejointoiement, acier allié, 4 1/2 po dia",https://www.rona.ca/fr/produit/lame-de-scie-circulaire-segmentee-en-diamant-classic-norton-rejointoiement-acier-allie-4-1-2-po-dia-70184681777-77375745,https://cdn.rona.ca/images/77375745_M.jpg,chacun,79.99,50.0,29.989999999999995,37.49,"29,99 $",1.0,1 en magasin,Ramassage en magasin,Livraison
HEATH ZENITH,"Lumière de sécurité DEL avec détecteur de mouvement à 180° Heath Zenith, noir, à batterie",https://www.rona.ca/fr/produit/lumiere-de-securite-del-avec-detecteur-de-mouvement-a-180-heath-zenith-noir-a-batterie-hw-9304-bk-00795965,https://cdn.rona.ca/images/00795965_M.jpg,chacun,79.99,50.0,29.989999999999995,37.49,"29,99 $",3.0,3 en magasin,Ramassage en magasin,Livraison
LUMIRAMA,Luminaire sur rail Lumirama blanc 3 lumières 17.5 po,https://www.rona.ca/fr/produit/luminaire-sur-rail-lumirama-blanc-3-lumieres-175-po-4024-73-wht-66905389,https://cdn.rona.ca/images/66905389_M.jpg,chacun,89.99,60.0,29.989999999999995,33.33,"29,99 $",6.0,6 en magasin,Ramassage en magasin,Livraison
GLOBE ELECTRIC,"Rail d'éclairage 4 lumières, 19,5 x 17'' x 31,5'' chrome",https://www.rona.ca/fr/produit/globe-electric-rail-declairage-4-lumieres-19-5-x-17-x-31-5-chrome-59373-00795777,https://cdn.rona.ca/images/00795777_M.jpg,chacun,119.99,90.0,29.989999999999995,24.99,"29,99 $",1.0,1 en magasin,Ramassage en magasin,Livraison
ALLEN + ROTH,"Plafonnier Prominence Home à DEL intégré de 13 po, bronze huilé, ensemble de 2",https://www.rona.ca/fr/produit/allen-roth-plafonnier-prominence-home-a-del-integre-de-13-po-bronze-huile-ensemble-de-2-41220-32019356,https://cdn.rona.ca/images/32019356_M.jpg,chacun,109.0,80.0,29.0,26.61,29 $,8.0,8 en magasin,Ramassage en magasin,Livraison
ALLEN + ROTH,Applique murale Vallymede 24 po à 3 lumières au fini bronze vieilli de style campagnard par allen + roth,https://www.rona.ca/fr/produit/applique-murale-vallymede-24-po-a-3-lumieres-au-fini-bronze-vieilli-de-style-campagnard-par-allen-roth-b10019-32016458,https://cdn.rona.ca/images/32016458_M.jpg,chacun,129.0,100.0,29.0,22.48,29 $,23.0,23 en magasin,Ramassage en magasin,Livraison
CANARM,"Rail d'éclairage Canarm Mayda, 4 lumières 29,5 po dimmable or",https://www.rona.ca/fr/produit/rail-declairage-canarm-mayda-4-lumieres-29-5-po-dimmable-or-it1035a04gd10-05115829,https://cdn.rona.ca/images/05115829_M.jpg,chacun,129.0,100.0,29.0,22.48,29 $,5.0,5 en magasin,Ramassage en magasin,Livraison
EUROFASE,"Luminaire arrondi suspendu, 15'' x 11,8'', DEL, noir",https://www.rona.ca/fr/produit/eurofase-luminaire-arrondi-suspendu-15-x-11-8-del-noir-34792-lwc-52945400,https://cdn.rona.ca/images/52945400_M.jpg,chacun,154.0,125.0,29.0,18.83,29 $,2.0,2 en magasin,Ramassage en magasin,Livraison
LUMIRAMA,"Semi-plafonnier Trattorua de Lumirama, 2 ampoules E26 de 60 W, fini bois noir, verre bullé",https://www.rona.ca/fr/produit/semi-plafonnier-trattorua-de-lumirama-2-ampoules-e26-de-60-w-fini-bois-noir-verre-bulle-3379-72-dkwd-66905297,https://cdn.rona.ca/images/66905297_M.jpg,chacun,159.0,130.0,29.0,18.24,29 $,2.0,2 en magasin,Ramassage en magasin,Livraison
GE,Kit détecteur de mouvements C by GE et ampoule intelligente A19 blanc doux C by GE,https://www.rona.ca/fr/produit/kit-detecteur-de-mouvements-c-by-ge-et-ampoule-intelligente-a19-blanc-doux-c-by-ge-93128925-41537557,https://cdn.rona.ca/images/41537557_M.jpg,chacun,49.99,21.0,28.990000000000002,57.99,"28,93 $",7.0,7 en magasin,Ramassage en magasin,Livraison
HANDY HEATER,Chauffrette portative de céramique Handy Heater 1200W,https://www.rona.ca/fr/produit/chauffrette-portative-de-ceramique-handy-heater-1200w-8857qp-24-11815059,https://cdn.rona.ca/images/11815059_M.jpg,chacun,57.99,29.0,28.990000000000002,49.99,28 $,10.0,10 en magasin,Ramassage en magasin,Livraison
MULTINAUTIC,"Roues de quille de en caoutchouc noir, 8 po",https://www.rona.ca/fr/produit/roues-de-quille-de-en-caoutchouc-noir-8-po-70615108,https://cdn.rona.ca/images/70615108_M.jpg,chacun,69.99,41.0,28.989999999999995,41.42,28 $,1.0,1 en magasin,Ramassage en magasin,Livraison
CHAMBERLAIN,"Télécommande de porte de garage Chamberlain avec porte-clés, 3 boutons, portée de 1500 pi",https://www.rona.ca/fr/produit/telecommande-de-porte-de-garage-chamberlain-avec-porte-cles-3-boutons-portee-de-1500-pi-g956evc-p2-07645044,https://cdn.rona.ca/images/07645044_M.jpg,chacun,71.99,43.0,28.989999999999995,40.27,"28,80 $",2.0,2 en magasin,Ramassage en magasin,Livraison
CHAMBERLAIN,"Télécommande universelle pour porte de garage Chamberlain, acier inoxydable",https://www.rona.ca/fr/produit/telecommande-universelle-pour-porte-de-garage-chamberlain-acier-inoxydable-klik5c-07645034,https://cdn.rona.ca/images/07645034_M.jpg,chacun,71.99,43.0,28.989999999999995,40.27,"28,80 $",1.0,1 en magasin,Ramassage en magasin,Livraison
PROJECT SOURCE,"Filtres à eau M-2-2 pour réfrigérateur Project Source, paquet de 2",https://www.rona.ca/fr/produit/filtres-a-eau-m-2-2-pour-refrigerateur-project-source-paquet-de-2-72365002,https://cdn.rona.ca/images/72365002_M.jpg,chacun,78.99,50.0,28.989999999999995,36.7,"28,99 $",14.0,14 en magasin,Ramassage en magasin,Livraison
PROJECT SOURCE,"Filtres à eau L-3-2 pour réfrigérateur Project Source, paquet de 2",https://www.rona.ca/fr/produit/filtres-a-eau-l-3-2-pour-refrigerateur-project-source-paquet-de-2-72365006,https://cdn.rona.ca/images/72365006_M.jpg,chacun,78.99,50.0,28.989999999999995,36.7,"28,99 $",15.0,15 en magasin,Ramassage en magasin,Livraison
PROJECT SOURCE,"Filtres à eau F-8-2 pour réfrigérateur Project Source, paquet de 2",https://www.rona.ca/fr/produit/filtres-a-eau-f-8-2-pour-refrigerateur-project-source-paquet-de-2-72365009,https://cdn.rona.ca/images/72365009_M.jpg,chacun,78.99,50.0,28.989999999999995,36.7,"28,99 $",17.0,17 en magasin,Ramassage en magasin,Livraison
PROJECT SOURCE,"Filtres à eau G-1-2 pour réfrigérateur de Project Source, paquet de 2",https://www.rona.ca/fr/produit/filtres-a-eau-g-1-2-pour-refrigerateur-de-project-source-paquet-de-2-72365001,https://cdn.rona.ca/images/72365001_M.jpg,chacun,78.99,50.0,28.989999999999995,36.7,"28,99 $",17.0,17 en magasin,Ramassage en magasin,Livraison
PROJECT SOURCE,"Filtres à eau S-4-2 pour réfrigérateur Project Source, paquet de 2",https://www.rona.ca/fr/produit/filtres-a-eau-s-4-2-pour-refrigerateur-project-source-paquet-de-2-72365008,https://cdn.rona.ca/images/72365008_M.jpg,chacun,78.99,50.0,28.989999999999995,36.7,"28,99 $",9.0,9 en magasin,Ramassage en magasin,Livraison
,"Lilas «Syringa» nain assortis, pot # 2",https://www.rona.ca/fr/produit/lilas-syringa-nain-assortis-pot-2-2synas0002-14905194,https://cdn.rona.ca/images/14905194_M.jpg,chacun,36.99,9.0,27.990000000000002,75.67,"27,74 $",1.0,1 en magasin,,
MULTY HOME,Tapis d'extérieur rond Polyweave par Multy Home en polyester tissé bleu 5 pi,https://www.rona.ca/fr/produit/tapis-dexterieur-rond-polyweave-par-multy-home-en-polyester-tisse-bleu-5-pi-mt1005772-76675164,https://cdn.rona.ca/images/76675164_M.jpg,chacun,44.99,17.0,27.990000000000002,62.21,27 $,6.0,6 en magasin,Ramassage en magasin,Livraison
LUTRON,Télécommande Lutron pour ventilateur avec gradateur blanc,https://www.rona.ca/fr/produit/telecommande-lutron-pour-ventilateur-avec-gradateur-blanc-3477028,https://cdn.rona.ca/images/3477028_M.jpg,chacun,52.99,25.0,27.990000000000002,52.82,"27,99 $",1.0,1 en magasin,Ramassage en magasin,Livraison
BAZZ SMART HOME,Luminaire DEL encastré 11 W blanc de 4 po Wi-Fi Color par Bazz Smart Home,https://www.rona.ca/fr/produit/luminaire-del-encastre-11-w-blanc-de-4-po-wi-fi-color-par-bazz-smart-home-slmr4rgbwwfw-33785551,https://cdn.rona.ca/images/33785551_M.jpg,chacun,54.99,27.0,27.990000000000002,50.9,"27,49 $",1.0,1 en magasin,Ramassage en magasin,Livraison
MALCO,"Cisailles Andy Malco, 12 po, gris",https://www.rona.ca/fr/produit/cisailles-andy-malco-12-po-gris-m12nev-39205004,https://cdn.rona.ca/images/39205004_M.jpg,chacun,57.99,30.0,27.990000000000002,48.27,"27,99 $",2.0,2 en magasin,Ramassage en magasin,Livraison
SCOTTS,"Pulvérisateur « Pump Zero », 2 gal, noir/blanc",https://www.rona.ca/fr/produit/scotts-pulverisateur-pump-zero-2-gal-noir-blanc-190567c-49455006,https://cdn.rona.ca/images/49455006_M.jpg,chacun,109.99,82.0,27.989999999999995,25.45,"27,50 $",2.0,2 en magasin,Ramassage en magasin,Livraison
DEWALT,"Brosse à fils ondulés pour meuleuses d'établi DEWALT, 6 po dia x 1 1/8 po L., 5/8 po diamètre d'arbre, acier au carbone",https://www.rona.ca/fr/produit/brosse-a-fils-ondules-pour-meuleuses-detabli-dewalt-6-po-dia-x-1-1-8-po-l-5-8-po-diametre-darbre-acier-au-carbone-dw4905-00275792,https://cdn.rona.ca/images/00275792_M.jpg,chacun,47.49,20.0,27.490000000000002,57.89,"27,49 $",4.0,4 en magasin,Ramassage en magasin,Livraison
,"Thuja Highlights, pot de culture de 2 gallons",https://www.rona.ca/fr/produit/thuja-highlights-pot-de-culture-de-2-gallons-829525013711-48745066,https://cdn.rona.ca/images/48745066_M.jpg,chacun,34.99,8.0,26.990000000000002,77.14,"26,24 $",3.0,3 en magasin,Ramassage en magasin,Livraison
IMPERIAL,"Raccord en T Imperial, acier noir mat, calibre 24, 7 po de diamètre",https://www.rona.ca/fr/produit/raccord-en-t-imperial-acier-noir-mat-calibre-24-7-po-de-diametre-bm0084-a-1224073,https://cdn.rona.ca/images/1224073_M.jpg,chacun,40.99,14.0,26.990000000000002,65.85,"26,92 $",4.0,4 en magasin,Ramassage en magasin,Livraison
DEWALT,"Genouillères Dewalt, tissu néoprène et PVC, noir",https://www.rona.ca/fr/produit/genouilleres-dewalt-tissu-neoprene-et-pvc-noir-dg5224-18985146,https://cdn.rona.ca/images/18985146_M.jpg,chacun,46.99,20.0,26.990000000000002,57.44,"26,99 $",2.0,2 en magasin,Ramassage en magasin,Livraison
GLOBE ELECTRIC,"Applique murale 2 en 1 Globe Electric, 1 lumière, laiton mat",https://www.rona.ca/fr/produit/applique-murale-2-en-1-globe-electric-1-lumiere-laiton-mat-51658-00795883,https://cdn.rona.ca/images/00795883_M.jpg,chacun,71.99,45.0,26.989999999999995,37.49,"26,99 $",1.0,1 en magasin,Ramassage en magasin,Livraison
RUST-OLEUM,"Crème à glacis scintillant, 946 mL, argent",https://www.rona.ca/fr/produit/creme-a-glacis-scintillant-946-ml-argent-03306140,https://cdn.rona.ca/images/03306140_M.jpg,chacun,52.49,26.0,26.490000000000002,50.47,"26,24 $",3.0,3 en magasin,Ramassage en magasin,Livraison
WHIRLPOOL,"Sécheuse électrique Whirlpool à conduit et porte battante réversible 7,0 pi³ blanche",https://www.rona.ca/fr/produit/secheuse-electrique-whirlpool-a-conduit-et-porte-battante-reversible-7-0-pi3-blanche-ywed4815ew-30005868,https://cdn.rona.ca/images/30005868_M.jpg,chacun,695.0,669.0,26.0,3.74,26 $,,,,Livraison
SCHLAGE,"Poignée intimité Broadway, levier, acier, noir mat",https://www.rona.ca/fr/produit/schlage-poignee-intimite-broadway-levier-acier-noir-mat-156830-12825532,https://cdn.rona.ca/images/12825532_M.jpg,chacun,49.99,24.0,25.990000000000002,51.99,25 $,7.0,7 en magasin,Ramassage en magasin,Livraison
GE,"Ampoule à DEL T8 U6 22,5 po de GE culot G13 à coude en U 13 W blanc froid",https://www.rona.ca/fr/produit/ampoule-a-del-t8-u6-22-5-po-de-ge-culot-g13-a-coude-en-u-13-w-blanc-froid-34041-32285038,https://cdn.rona.ca/images/32285038_M.jpg,chacun,29.99,4.0,25.99,86.66,25 $,5.0,5 en magasin,Ramassage en magasin,Livraison
GENERAL,"Rapporteur d'angle numérique Angle-Izer de General Tools, 180°, 6 po, acier inoxydable",https://www.rona.ca/fr/produit/rapporteur-dangle-numerique-angle-izer-de-general-tools-180-6-po-acier-inoxydable-1702-01215294,https://cdn.rona.ca/images/01215294_M.jpg,chacun,75.99,50.0,25.989999999999995,34.2,"25,99 $",4.0,4 en magasin,Ramassage en magasin,Livraison
IRWIN,"Foret à échelons fractionnés Unibit d'IRWIN, no 3 3/8 po, tige hexagonale, 9 formats, acier rapide",https://www.rona.ca/fr/produit/foret-a-echelons-fractionnes-unibit-dirwin-no-3-3-8-po-tige-hexagonale-9-formats-acier-rapide-10233-0244131,https://cdn.rona.ca/images/0244131_M.jpg,chacun,55.79,30.0,25.79,46.23,"25,79 $",1.0,1 en magasin,Ramassage en magasin,Livraison
PROJECT SOURCE,Luminaire lanterne Project Source noir à 3 lumières de 60 W,https://www.rona.ca/fr/produit/luminaire-lanterne-project-source-noir-a-3-lumieres-de-60-w-sm-115-43855126,https://cdn.rona.ca/images/43855126_M.jpg,chacun,134.99,110.0,24.99000000000001,18.51,"24,99 $",1.0,1 en magasin,Ramassage en magasin,Livraison
ALLEN + ROTH,"Luminaire suspendu à 1 lumière de allen + roth, noir mat, montage sur corde, ampoule type A19 de 60 W",https://www.rona.ca/fr/produit/luminaire-suspendu-a-1-lumiere-de-allen-roth-noir-mat-montage-sur-corde-ampoule-type-a19-de-60-w-ws-pc2020-3-08385074,https://cdn.rona.ca/images/08385074_M.jpg,chacun,139.99,115.0,24.99000000000001,17.85,"24,99 $",5.0,5 en magasin,Ramassage en magasin,Livraison
PROJECT SOURCE,"Plafonniers Project Source à 2 lumières 13,5 po x 5,5 po en verre opale et nickel brossé 6/pqt",https://www.rona.ca/fr/produit/plafonniers-project-source-a-2-lumieres-13-5-po-x-5-5-po-en-verre-opale-et-nickel-brosse-6-pqt-08385085,https://cdn.rona.ca/images/08385085_M.jpg,chacun,144.99,120.0,24.99000000000001,17.24,"24,99 $",4.0,4 en magasin,Ramassage en magasin,Livraison
CANARM,"Plafonnier Adira Canarm, DEL intégré, 22 W, 14 po, métal/acrylique, blanc",https://www.rona.ca/fr/produit/plafonnier-adira-canarm-del-integre-22-w-14-po-metal-acrylique-blanc-lfm177a14wh-05115769,https://cdn.rona.ca/images/05115769_M.jpg,chacun,164.99,140.0,24.99000000000001,15.15,"24,99 $",2.0,2 en magasin,Ramassage en magasin,Livraison
ALLEN + ROTH,"Lampe sur pied Allen + Roth Latchbury 3 lumières 66,55 po bronze",https://www.rona.ca/fr/produit/lampe-sur-pied-allen-roth-latchbury-3-lumieres-66-55-po-bronze-fl04bz-31955387,https://cdn.rona.ca/images/31955387_M.jpg,chacun,214.99,190.0,24.99000000000001,11.62,"24,99 $",1.0,1 en magasin,Ramassage en magasin,Livraison
,"Berbéris « Aurea Nana », assorti",https://www.rona.ca/fr/produit/berberis-aurea-nana-assorti-2beass0002-14905227,https://cdn.rona.ca/images/14905227_M.jpg,chacun,32.99,8.0,24.990000000000002,75.75,"24,74 $",2.0,2 en magasin,Ramassage en magasin,Livraison
SCOTTS,"Ensemble d'outils à main de jardin Scotts, 3 pièces, acier et caoutchouc, vert et noir",https://www.rona.ca/fr/produit/ensemble-doutils-a-main-de-jardin-scotts-3-pieces-acier-et-caoutchouc-vert-et-noir-sct30596qpd-49555317,https://cdn.rona.ca/images/49555317_M.jpg,chacun,36.99,12.0,24.990000000000002,67.56,24 $,17.0,17 en magasin,Ramassage en magasin,Livraison
OVE DECORS,"Trousse de finition pour trop-plein et drain de baignoire d'OVE Decors, noir mat",https://www.rona.ca/fr/produit/trousse-de-finition-pour-trop-plein-et-drain-de-baignoire-dove-decors-noir-mat-tubtrim-mb-69375246,https://cdn.rona.ca/images/69375246_M.jpg,chacun,49.99,25.0,24.990000000000002,49.99,"24,99 $",4.0,4 en magasin,Ramassage en magasin,Livraison
OVE DECORS,"Trousse de finition pour trop-plein et drain de baignoire d'OVE Decors, or brossé",https://www.rona.ca/fr/produit/trousse-de-finition-pour-trop-plein-et-drain-de-baignoire-dove-decors-or-brosse-tubtrim-bg-69375247,https://cdn.rona.ca/images/69375247_M.jpg,chacun,49.99,25.0,24.990000000000002,49.99,"24,99 $",4.0,4 en magasin,Ramassage en magasin,Livraison
OVE DECORS,"Trousse de finition pour trop-plein et drain de baignoire d'OVE Decors, blanc",https://www.rona.ca/fr/produit/trousse-de-finition-pour-trop-plein-et-drain-de-baignoire-dove-decors-blanc-tubtrim-wht-69375248,https://cdn.rona.ca/images/69375248_M.jpg,chacun,49.99,25.0,24.990000000000002,49.99,"24,99 $",3.0,3 en magasin,Ramassage en magasin,Livraison
GE,"Ampoule avec détecteur de mouvement à intensité variable GE Cync de 60 watts EQ, A19, blanc doux (1/pqt)",https://www.rona.ca/fr/produit/ampoule-avec-detecteur-de-mouvement-a-intensite-variable-ge-cync-de-60-watts-eq-a19-blanc-doux-1-pqt-93129569-32285495,https://cdn.rona.ca/images/32285495_M.jpg,chacun,49.99,25.0,24.990000000000002,49.99,"24,99 $",1.0,1 en magasin,Ramassage en magasin,Livraison
EMERGILITE,Lumière d'urgence angulaire à DEL par Emergi-Lite,https://www.rona.ca/fr/produit/emergilite-lumiere-durgence-angulaire-a-del-par-emergi-lite-ex10w-u-rt-03205603,https://cdn.rona.ca/images/03205603_M.jpg,chacun,64.99,40.0,24.989999999999995,38.45,"24,99 $",2.0,2 en magasin,Ramassage en magasin,Livraison
CANARM,"Suspension à 1 lumière Coco de Canarm de forme géométrique, or",https://www.rona.ca/fr/produit/suspension-a-1-lumiere-coco-de-canarm-de-forme-geometrique-or-ipl1034a01gd-05115778,https://cdn.rona.ca/images/05115778_M.jpg,chacun,94.99,70.0,24.989999999999995,26.31,"24,99 $",2.0,2 en magasin,Ramassage en magasin,Livraison
GLOBE ELECTRIC,"Applique 2 en 1 Globe Electric à 1 lumière avec bras pivotant, bronze foncé/beige",https://www.rona.ca/fr/produit/applique-2-en-1-globe-electric-a-1-lumiere-avec-bras-pivotant-bronze-fonce-beige-51657-00795866,https://cdn.rona.ca/images/00795866_M.jpg,chacun,109.99,85.0,24.989999999999995,22.72,"24,99 $",2.0,2 en magasin,Ramassage en magasin,Livraison
MOEN,Ensemble de 3 accessoires de salle de bain Iso par MOEN noir mat,https://www.rona.ca/fr/produit/ensemble-de-3-accessoires-de-salle-de-bain-iso-par-moen-noir-mat-dn0793bl-15025904,https://cdn.rona.ca/images/15025904_M.jpg,chacun,119.99,95.0,24.989999999999995,20.83,24 $,10.0,10 en magasin,Ramassage en magasin,Livraison
PROJECT SOURCE,"Luminaire suspendu à DEL, intensité variable, nickel satiné",https://www.rona.ca/fr/produit/luminaire-suspendu-a-del-intensite-variable-nickel-satine-43855108,https://cdn.rona.ca/images/43855108_M.jpg,chacun,124.99,100.0,24.989999999999995,19.99,"24,99 $",5.0,5 en magasin,Ramassage en magasin,Livraison
VOLTZ,"Applique murale DEL à verre bullé par Voltz, acier inoxydable",https://www.rona.ca/fr/produit/applique-murale-del-a-verre-bulle-par-voltz-acier-inoxydable-amp105-rnss-08325100,https://cdn.rona.ca/images/08325100_M.jpg,chacun,124.99,100.0,24.989999999999995,19.99,"24,99 $",5.0,5 en magasin,Ramassage en magasin,Livraison
MASTER PLUMBER,"Cartouche pour robinet, Emco, plastique, 3 1/2""",https://www.rona.ca/fr/produit/master-plumber-cartouche-pour-robinet-emco-plastique-3-1-2-e-10aa-6784076,https://cdn.rona.ca/images/6784076_M.jpg,chacun,124.99,100.0,24.989999999999995,19.99,"24,99 $",2.0,2 en magasin,Ramassage en magasin,Livraison
KOBALT,Barre de remplacement pour scie à chaîne 14 po,https://www.rona.ca/fr/produit/kobalt-barre-de-remplacement-pour-scie-a-chaine-14-po-45595095,https://cdn.rona.ca/images/45595095_M.jpg,chacun,39.49,15.0,24.490000000000002,62.02,"23,50 $",3.0,3 en magasin,Ramassage en magasin,Livraison
LUMIRAMA,"Suspension à 1 lumière, verre fumé, 12'' x 12''",https://www.rona.ca/fr/produit/lumirama-suspension-a-1-lumiere-verre-fume-12-x-12-3892-01-smk-66905380,https://cdn.rona.ca/images/66905380_M.jpg,chacun,109.0,85.0,24.0,22.02,24 $,3.0,3 en magasin,Ramassage en magasin,Livraison
EUROFASE,"Lanterne murale Eurofase extérieur à une lumière , 11 po, noir",https://www.rona.ca/fr/produit/lanterne-murale-eurofase-exterieur-a-une-lumiere-11-po-noir-33411-lwc-41537051,https://cdn.rona.ca/images/41537051_M.jpg,chacun,114.0,90.0,24.0,21.05,24 $,9.0,9 en magasin,Ramassage en magasin,Livraison
GENERAL,Règle multi-usage,https://www.rona.ca/fr/produit/general-regle-multi-usage-16me-0191032,https://cdn.rona.ca/images/0191032_M.jpg,chaque,38.99,15.0,23.990000000000002,61.53,"23,99 $",3.0,3 en magasin,Ramassage en magasin,Livraison
CLOSETMAID,Panier à linge brun,https://www.rona.ca/fr/produit/panier-a-linge-brun-36485248,https://cdn.rona.ca/images/36485248_M.jpg,chacun,39.99,16.0,23.990000000000002,59.99,"23,17 $",7.0,7 en magasin,Ramassage en magasin,Livraison
MASTER PLUMBER,"Cartouche de robinet Master Plumber de Kohler, plastique, pour poignée simple, blanche",https://www.rona.ca/fr/produit/cartouche-de-robinet-master-plumber-de-kohler-plastique-pour-poignee-simple-blanche-kh-3-67845644,https://cdn.rona.ca/images/67845644_M.jpg,chacun,41.99,18.0,23.990000000000002,57.13,"23,70 $",4.0,4 en magasin,Ramassage en magasin,Livraison
SCHLAGE,"Poignée de porte de passage Broadway, levier, acier, noir mat",https://www.rona.ca/fr/produit/schlage-poignee-de-porte-de-passage-broadway-levier-acier-noir-mat-156829-12825531,https://cdn.rona.ca/images/12825531_M.jpg,chacun,47.99,24.0,23.990000000000002,49.99,"23,99 $",11.0,11 en magasin,Ramassage en magasin,Livraison
SCHLAGE,Poignée bec passage «Broadway»,https://www.rona.ca/fr/produit/poignee-bec-passage-broadway-12825443,https://cdn.rona.ca/images/12825443_M.jpg,chacun,47.99,24.0,23.990000000000002,49.99,"23,50 $",11.0,11 en magasin,Ramassage en magasin,Livraison
,"Fusain de fortune « Emerald'N Gold », # 2",https://www.rona.ca/fr/produit/fusain-de-fortune-emeraldn-gold-2-5euego0002-14905033,https://cdn.rona.ca/images/14905033_M.jpg,chacun,30.99,7.0,23.99,77.41,"23,24 $",3.0,3 en magasin,Ramassage en magasin,Livraison
ALLEN + ROTH,"Store cellulaire opaque en polyester par Allen + Roth, sans cordon, 36 po x 72 po",https://www.rona.ca/fr/produit/store-cellulaire-opaque-en-polyester-par-allen-roth-sans-cordon-36-po-x-72-po-94773-31985149,https://cdn.rona.ca/images/31985149_M.jpg,chacun,76.99,53.0,23.989999999999995,31.16,"23,10 $",2.0,2 en magasin,Ramassage en magasin,Livraison
SCHLAGE,"Poignée de type levier et pêne dormant Latitude, nickel satiné",https://www.rona.ca/fr/produit/poignee-de-type-levier-et-pene-dormant-latitude-nickel-satine-12825511,https://cdn.rona.ca/images/12825511_M.jpg,chacun,91.99,68.0,23.989999999999995,26.08,23 $,1.0,1 en magasin,Ramassage en magasin,Livraison
CLOSETMAID,"Support et tablette ShelfTrack de ClosetMaid, métal recouvert d'époxy, nickel, 21 po l. x 4 po H. x 17,75 po P.",https://www.rona.ca/fr/produit/support-et-tablette-shelftrack-de-closetmaid-metal-recouvert-depoxy-nickel-21-po-l-x-4-po-h-x-17-75-po-p-3381600-36485245,https://cdn.rona.ca/images/36485245_M.jpg,chacun,32.99,10.0,22.990000000000002,69.69,"22,04 $",1.0,1 en magasin,Ramassage en magasin,Livraison
FILTRETE,Filtres à air plissé réducteur d'allergènes pour fournaise Filtrete par 3M 16 x 25 po rouge MPR 1000 3/pqt,https://www.rona.ca/fr/produit/filtres-a-air-plisse-reducteur-dallergenes-pour-fournaise-filtrete-par-3m-16-x-25-po-rouge-mpr-1000-3-pqt-9801-3pk-c-02095384,https://cdn.rona.ca/images/02095384_M.jpg,chacun,42.99,20.0,22.990000000000002,53.48,"22,99 $",23.0,23 en magasin,Ramassage en magasin,Livraison
KAYCAN,"Bordure de toit en vinyle Kaycan, canal pour soffite, blanc, 118 po L. x 8 po l. x 1 1/8 po É.",https://www.rona.ca/fr/produit/bordure-de-toit-en-vinyle-kaycan-canal-pour-soffite-blanc-118-po-l-x-8-po-l-x-1-1-8-po-e-049001-55395186,https://cdn.rona.ca/images/55395186_M.jpg,chacun,45.99,23.0,22.990000000000002,49.99,"22,99 $",6.0,6 en magasin,Ramassage en magasin,Livraison
,"Rosier rustique, Nº 2, couleurs assorties",https://www.rona.ca/fr/produit/rosier-rustique-n-2-couleurs-assorties-14905245,https://cdn.rona.ca/images/14905245_M.jpg,chacun,29.99,7.0,22.99,76.66,"22,49 $",7.0,7 en magasin,,
BLOOMIN EASY,"Arbuste Weigela Bloomin Easy assorti aux couleurs brillantes, pot de 2 gal",https://www.rona.ca/fr/produit/arbuste-weigela-bloomin-easy-assorti-aux-couleurs-brillantes-pot-de-2-gal-2weabe0002-14905292,https://cdn.rona.ca/images/14905292_M.jpg,chacun,29.99,7.0,22.99,76.66,"22,49 $",6.0,6 en magasin,,
BLOOMIN EASY,"Spirées assorties Bloomin' Easy par Sta-Green, pot de 2 gal",https://www.rona.ca/fr/produit/bloomin-easy-spirees-assorties-bloomin-easy-par-sta-green-pot-de-2-gal-2hyabe0002-14905293,https://cdn.rona.ca/images/14905293_M.jpg,chacun,29.99,7.0,22.99,76.66,"22,49 $",5.0,5 en magasin,,
FIRST EDITIONS,Weigela pourpre Shining Sensation First Editions dans un pot de 2 gal,https://www.rona.ca/fr/produit/weigela-pourpre-shining-sensation-first-editions-dans-un-pot-de-2-gal-61330422-48595260,https://cdn.rona.ca/images/48595260_M.jpg,chacun,29.99,7.0,22.99,76.66,"22,49 $",1.0,1 en magasin,,
PROVEN WINNERS,Arbuste à lilas Proven Winners assorti en pot de 2 gal,https://www.rona.ca/fr/produit/arbuste-a-lilas-proven-winners-assorti-en-pot-de-2-gal-2sypwa0002-14905310,https://cdn.rona.ca/images/14905310_M.jpg,chacun,29.99,7.0,22.99,76.66,"22,49 $",11.0,11 en magasin,,
NORTON,"Lame de scie circulaire Norton, alésage de 5/8 po, coupe humide ou sèche, bordure continue",https://www.rona.ca/fr/produit/lame-de-scie-circulaire-norton-alesage-de-5-8-po-coupe-humide-ou-seche-bordure-continue-7660702788-95045004,https://cdn.rona.ca/images/95045004_M.jpg,chacun,72.99,50.0,22.989999999999995,31.5,"22,99 $",1.0,1 en magasin,Ramassage en magasin,Livraison
WEISER,Poignée d'entrée béquille noir mat à clé Smartkey Milan de Weiser,https://www.rona.ca/fr/produit/poignee-dentree-bequille-noir-mat-a-cle-smartkey-milan-de-weiser-9gla5350-170-09656155,https://cdn.rona.ca/images/09656155_M.jpg,chacun,87.99,65.0,22.989999999999995,26.13,22 $,3.0,3 en magasin,Ramassage en magasin,Livraison
MAPEI,"Coulis prémélangé, Flexcolor CQ, biscuit, 3,8 l",https://www.rona.ca/fr/produit/coulis-premelange-flexcolor-cq-biscuit-3-8-l-21085502,https://cdn.rona.ca/images/21085502_M.jpg,chacun,89.99,67.0,22.989999999999995,25.55,"22,50 $",4.0,4 en magasin,Ramassage en magasin,Livraison
MASTER PLUMBER,Cartouche de robinet de bain ou douche Master Plumber pour modèles Delta RP32104,https://www.rona.ca/fr/produit/cartouche-de-robinet-de-bain-ou-douche-master-plumber-pour-modeles-delta-rp32104-d-25-37356091,https://cdn.rona.ca/images/37356091_M.jpg,chacun,109.99,87.0,22.989999999999995,20.9,22 $,5.0,5 en magasin,Ramassage en magasin,Livraison
MOEN,Miroir de salle de bains rond noir mat Iso par MOEN de 24 po,https://www.rona.ca/fr/produit/miroir-de-salle-de-bains-rond-noir-mat-iso-par-moen-de-24-po-dn0792bl-15025893,https://cdn.rona.ca/images/15025893_M.jpg,chacun,111.99,89.0,22.989999999999995,20.53,"22,40 $",2.0,2 en magasin,Ramassage en magasin,Livraison
UNIVERSAL,"Housse pour barbecue par Universal, petit/moyen, 55 po, noir",https://www.rona.ca/fr/produit/housse-pour-barbecue-par-universal-petit-moyen-55-po-noir-cvr-2791lcgd-34085085,https://cdn.rona.ca/images/34085085_M.jpg,chacun,46.49,24.0,22.490000000000002,48.38,"22,49 $",5.0,5 en magasin,Ramassage en magasin,Livraison
RUST-OLEUM,"Crème à glacis scintillant, 946 mL, or rose",https://www.rona.ca/fr/produit/creme-a-glacis-scintillant-946-ml-or-rose-03306141,https://cdn.rona.ca/images/03306141_M.jpg,chacun,52.49,30.0,22.490000000000002,42.85,"22,49 $",1.0,1 en magasin,Ramassage en magasin,Livraison
MALCO,"Outil de pliage de tôle Malco, 18 po",https://www.rona.ca/fr/produit/outil-de-pliage-de-tole-malco-18-po-18f-39205014,https://cdn.rona.ca/images/39205014_M.jpg,chacun,36.99,15.0,21.990000000000002,59.45,"21,99 $",2.0,2 en magasin,Ramassage en magasin,Livraison
BROAN,Interrupteur à bascule triple,https://www.rona.ca/fr/produit/broan-interrupteur-a-bascule-triple-p66wn-1540117,https://cdn.rona.ca/images/1540117_M.jpg,chacun,36.99,15.0,21.990000000000002,59.45,"21,99 $",2.0,2 en magasin,Ramassage en magasin,Livraison
WAIT,Vanne électrique pour humidificateur Wait,https://www.rona.ca/fr/produit/vanne-electrique-pour-humidificateur-wait-sv5000-04355065,https://cdn.rona.ca/images/04355065_M.jpg,chacun,61.99,40.0,21.990000000000002,35.47,"21,70 $",5.0,5 en magasin,Ramassage en magasin,Livraison
ALLEN + ROTH,"Store alvéolé sans cordon Allen + Roth, 23 po x 72 po, blanc",https://www.rona.ca/fr/produit/store-alveole-sans-cordon-allen-roth-23-po-x-72-po-blanc-94798-31985160,https://cdn.rona.ca/images/31985160_M.jpg,chacun,69.99,48.0,21.989999999999995,31.42,21 $,4.0,4 en magasin,Ramassage en magasin,Livraison
MOEN,Ensemble d'accessoires de salle de bain 3 pièces au fini nickel brossé Boardwalk de MOEN,https://www.rona.ca/fr/produit/ensemble-daccessoires-de-salle-de-bain-3-pieces-au-fini-nickel-brosse-boardwalk-de-moen-y3233bn-15025543,https://cdn.rona.ca/images/15025543_M.jpg,chacun,104.99,83.0,21.989999999999995,20.94,21 $,1.0,1 en magasin,Ramassage en magasin,Livraison
BOSCH,"Foret avec revêtement en titane Bosch, 31/64 po dia. x 5 7/8 po L., tige à 3 faces droites, 2 cannelures",https://www.rona.ca/fr/produit/foret-avec-revetement-en-titane-bosch-31-64-po-dia-x-5-7-8-po-l-tige-a-3-faces-droites-2-cannelures-ti2158-19835787,https://cdn.rona.ca/images/19835787_M.jpg,chacun,31.49,10.0,21.49,68.24,"21,49 $",5.0,5 en magasin,Ramassage en magasin,Livraison
TECHNISEAL,"Protecteur pour plancher de garage en polycarbonate lustré Techniseal 3,78 L, gris pierre",https://www.rona.ca/fr/produit/protecteur-pour-plancher-de-garage-en-polycarbonate-lustre-techniseal-3-78-l-gris-pierre-149-323-79245062,https://cdn.rona.ca/images/79245062_M.jpg,chacun,134.0,113.0,21.0,15.67,"20,10 $",1.0,1 en magasin,Ramassage en magasin,Livraison
MEATER,Thermomètre à viande Meater Plus de Traeger intelligent sans fil,https://www.rona.ca/fr/produit/thermometre-a-viande-meater-plus-de-traeger-intelligent-sans-fil-rt1-mt-mp01-44995061,https://cdn.rona.ca/images/44995061_M.jpg,chacun,149.99,129.0,20.99000000000001,13.99,20 $,1.0,1 en magasin,Ramassage en magasin,Livraison
BAKERSTONE,"Ensemble four à pizza BakerStone céramique noire 13,75 x 15 po",https://www.rona.ca/fr/produit/ensemble-four-a-pizza-bakerstone-ceramique-noire-13-75-x-15-po-41915012,https://cdn.rona.ca/images/41915012_M.jpg,chacun,159.99,139.0,20.99000000000001,13.12,20 $,1.0,1 en magasin,Ramassage en magasin,Livraison
CRAFTSMAN,"Ensemble d'outils pour mécanicien CRAFTSMAN avec boîtier, 121 pièces",https://www.rona.ca/fr/produit/ensemble-doutils-pour-mecanicien-craftsman-avec-boitier-121-pieces-cmmt12033-00276682,https://cdn.rona.ca/images/00276682_M.jpg,chacun,209.99,189.0,20.99000000000001,10.0,"20,99 $",13.0,13 en magasin,Ramassage en magasin,Livraison
SMART TILES,"Carreaux à dosseret autoadhésifs de style rétro Girona de Smart Tiles, résine, noir, 7,75 x 7,75 po, boîte de 4",https://www.rona.ca/fr/produit/carreaux-a-dosseret-autoadhesifs-de-style-retro-girona-de-smart-tiles-resine-noir-7-75-x-7-75-po-boite-de-4-sm1200m-04-qg-00465211,https://cdn.rona.ca/images/00465211_M.jpg,boite,35.99,15.0,20.990000000000002,58.32,"20,48 $",25.0,25 en magasin,Ramassage en magasin,Livraison
DAHL,Ensemble de robinet à bille droit et raccord en T,https://www.rona.ca/fr/produit/ensemble-de-robinet-a-bille-droit-et-raccord-en-t-36245132,https://cdn.rona.ca/images/36245132_M.jpg,chacun,35.99,15.0,20.990000000000002,58.32,"20,36 $",8.0,8 en magasin,Ramassage en magasin,Livraison
MECHANIX WEAR,"Gant coupe-vent pour homme Mechanix Wear, noir, très grand",https://www.rona.ca/fr/produit/gant-coupe-vent-pour-homme-mechanix-wear-noir-tres-grand-cwkws-58-011-56145103,https://cdn.rona.ca/images/56145103_M.jpg,chacun,51.99,31.0,20.990000000000002,40.37,"20,80 $",1.0,1 en magasin,Ramassage en magasin,Livraison
MECHANIX WEAR,"Gant d'hiver coupe-vent noir pour homme à fermeture auto-agrippante Mechanix Wear, grand",https://www.rona.ca/fr/produit/gant-dhiver-coupe-vent-noir-pour-homme-a-fermeture-auto-agrippante-mechanix-wear-grand-cwkws-58-010-56145106,https://cdn.rona.ca/images/56145106_M.jpg,chacun,51.99,31.0,20.990000000000002,40.37,"20,80 $",8.0,8 en magasin,Ramassage en magasin,Livraison
,"Arbuste à floraison, assorti",https://www.rona.ca/fr/produit/arbuste-a-floraison-assorti-2arsfa015-14905269,https://cdn.rona.ca/images/14905269_M.jpg,chacun,26.99,6.0,20.99,77.77,"20,24 $",2.0,2 en magasin,,
,Fausse spirée « Sem »,https://www.rona.ca/fr/produit/fausse-spiree-sem-14905165,https://cdn.rona.ca/images/14905165_M.jpg,chacun,26.99,6.0,20.99,77.77,"20,24 $",2.0,2 en magasin,,
COLONIAL ELEGANCE,"Barreau Colonial Elegance, acier inoxydable, carré, 40 1/2 po L. x 1/2 po l.",https://www.rona.ca/fr/produit/barreau-colonial-elegance-acier-inoxydable-carre-40-1-2-po-l-x-1-2-po-l-sss10040-08856118,https://cdn.rona.ca/images/08856118_M.jpg,chacun,27.99,7.0,20.99,74.99,"20,74 $",3.0,3 en magasin,Ramassage en magasin,Livraison
STYLE SELECTIONS,"Tapis avec imprimé feuille d'érable Style Selections intérieur/extérieur, 3 pi l. x 5 pi L.",https://www.rona.ca/fr/produit/tapis-avec-imprime-feuille-derable-style-selections-interieur-exterieur-3-pi-l-x-5-pi-l-49235157,https://cdn.rona.ca/images/49235157_M.jpg,chacun,29.99,9.0,20.99,69.99,20 $,2.0,2 en magasin,Ramassage en magasin,Livraison
LEVOLOR,"Store à enroulement automatique Levolor, solaire, 37 po x 72 po, PVC, blanc et beige",https://www.rona.ca/fr/produit/store-a-enroulement-automatique-levolor-solaire-37-po-x-72-po-pvc-blanc-et-beige-2049915-13896207,https://cdn.rona.ca/images/13896207_M.jpg,chacun,69.99,49.0,20.989999999999995,29.99,20 $,14.0,14 en magasin,Ramassage en magasin,Livraison
E.MISHAN & SONS,"Refroidisseur d'air par évaporation Arctic Air, portatif, 3 vitesses, technologie Hydro-Chill, blanc",https://www.rona.ca/fr/produit/emishan-sons-refroidisseur-dair-par-evaporation-arctic-air-portatif-3-vitesses-technologie-hydro-chill-blanc-2163qp-18-11815014,https://cdn.rona.ca/images/11815014_M.jpg,chacun,69.99,49.0,20.989999999999995,29.99,20 $,9.0,9 en magasin,Ramassage en magasin,Livraison
SCHLAGE,Poignée d'entrée à levier «Latitude» - Nickel satiné,https://www.rona.ca/fr/produit/poignee-dentree-a-levier-latitude-nickel-satine-12825433,https://cdn.rona.ca/images/12825433_M.jpg,chacun,79.99,59.0,20.989999999999995,26.24,20 $,1.0,1 en magasin,Ramassage en magasin,Livraison
NAPOLEON,Housse pour gril Rogue gamme 425 de Napoléon en polyester noir,https://www.rona.ca/fr/produit/napoleon-housse-pour-gril-rogue-gamme-425-de-napoleon-en-polyester-noir-61427-13365029,https://cdn.rona.ca/images/13365029_M.jpg,chacun,79.99,59.0,20.989999999999995,26.24,20 $,4.0,4 en magasin,Ramassage en magasin,Livraison
SCHLAGE,Poignée d'entrée à levier « Latitude »,https://www.rona.ca/fr/produit/poignee-dentree-a-levier-latitude-12825480,https://cdn.rona.ca/images/12825480_M.jpg,chacun,79.99,59.0,20.989999999999995,26.24,20 $,2.0,2 en magasin,Ramassage en magasin,Livraison
SCHLAGE,Poignée bec d'entrée «Broadway»,https://www.rona.ca/fr/produit/poignee-bec-dentree-broadway-12825445,https://cdn.rona.ca/images/12825445_M.jpg,chacun,79.99,59.0,20.989999999999995,26.24,20 $,1.0,1 en magasin,Ramassage en magasin,Livraison
SCHLAGE,Poignée d'entrée à levier « Accent »,https://www.rona.ca/fr/produit/schlage-poignee-dentree-a-levier-accent-79926-12825318,https://cdn.rona.ca/images/12825318_M.jpg,chacun,81.99,61.0,20.989999999999995,25.6,"20,50 $",2.0,2 en magasin,Ramassage en magasin,Livraison
PIT BOSS,"Poêle en fonte Pit Boss avec couvercle, 14 po",https://www.rona.ca/fr/produit/poele-en-fonte-pit-boss-avec-couvercle-14-po-40262-16335028,https://cdn.rona.ca/images/16335028_M.jpg,chacun,99.99,79.0,20.989999999999995,20.99,20 $,3.0,3 en magasin,Ramassage en magasin,Livraison
MOEN,Ensemble d'accessoires de salle de bain 3 pièces en alliage d'aluminium chromé Boardwalk de MOEN,https://www.rona.ca/fr/produit/ensemble-daccessoires-de-salle-de-bain-3-pieces-en-alliage-daluminium-chrome-boardwalk-de-moen-y3233ch-15025414,https://cdn.rona.ca/images/15025414_M.jpg,chacun,99.99,79.0,20.989999999999995,20.99,20 $,2.0,2 en magasin,Ramassage en magasin,Livraison
KOBALT,Barre de remplacement pour scie à chaîne 10 po,https://www.rona.ca/fr/produit/kobalt-barre-de-remplacement-pour-scie-a-chaine-10-po-45595097,https://cdn.rona.ca/images/45595097_M.jpg,chacun,31.49,11.0,20.49,65.07,"19,50 $",2.0,2 en magasin,Ramassage en magasin,Livraison
FILTRETE,"Purificateur d'air Filtrete à 3 vitesses, 150 pi² ENERGY STAR®",https://www.rona.ca/fr/produit/purificateur-dair-filtrete-a-3-vitesses-150-pi2-energy-star-fapca-c02ba-f2-02095623,https://cdn.rona.ca/images/02095623_M.jpg,chacun,169.0,149.0,20.0,11.83,20 $,7.0,7 en magasin,Ramassage en magasin,Livraison
EGLO,"Plafonnier argent modulable à DEL Eglo, 23 watts, abat-jour en tissu",https://www.rona.ca/fr/produit/plafonnier-argent-modulable-a-del-eglo-23-watts-abat-jour-en-tissu-202945a-21045036,https://cdn.rona.ca/images/21045036_M.jpg,chacun,129.99,110.0,19.99000000000001,15.38,"19,99 $",1.0,1 en magasin,Ramassage en magasin,Livraison
EGLO,"Plafonnier moderne carré à DEL Eglo Acolla, 16 W, 12,6 pouces, chrome",https://www.rona.ca/fr/produit/plafonnier-moderne-carre-a-del-eglo-acolla-16-w-12-6-pouces-chrome-203688a-21045046,https://cdn.rona.ca/images/21045046_M.jpg,chacun,129.99,110.0,19.99000000000001,15.38,"19,99 $",6.0,6 en magasin,Ramassage en magasin,Livraison
CANARM,Applique murale Poppy par Canarm 3 lumières noir mat,https://www.rona.ca/fr/produit/applique-murale-poppy-par-canarm-3-lumieres-noir-mat-lvl176a03bk-05115746,https://cdn.rona.ca/images/05115746_M.jpg,chacun,169.99,150.0,19.99000000000001,11.76,"19,99 $",1.0,1 en magasin,Ramassage en magasin,Livraison
CANARM,Suspension à 4 lumières « Isola »,https://www.rona.ca/fr/produit/suspension-a-4-lumieres-isola-34245181,https://cdn.rona.ca/images/34245181_M.jpg,chacun,299.99,280.0,19.99000000000001,6.66,"19,99 $",2.0,2 en magasin,Ramassage en magasin,Livraison
RICHARD,"Trépan ajustable pour cloison sèche Richard, diamètre maximal de 16 po, tige en acier, gradué",https://www.rona.ca/fr/produit/trepan-ajustable-pour-cloison-seche-richard-diametre-maximal-de-16-po-tige-en-acier-gradue-18870-0271176,https://cdn.rona.ca/images/0271176_M.jpg,chacun,34.99,15.0,19.990000000000002,57.13,"19,99 $",1.0,1 en magasin,Ramassage en magasin,Livraison
KOBALT,"Lampe de cou DEL par Kobalt 210 lumens, 3 à 6 heures d'autonomie",https://www.rona.ca/fr/produit/lampe-de-cou-del-par-kobalt-210-lumens-3-a-6-heures-dautonomie-kblt10c-68425003,https://cdn.rona.ca/images/68425003_M.jpg,chacun,39.99,20.0,19.990000000000002,49.99,"19,99 $",11.0,11 en magasin,Ramassage en magasin,Livraison
TRENZ LIGHTING,"Encastré DEL à déflecteur Omega Pro par Trenz 4 po 12 W blanc, TCP variable, 1030 lumens",https://www.rona.ca/fr/produit/trenz-lighting-encastre-del-a-deflecteur-omega-pro-par-trenz-4-po-12-w-blanc-tcp-variable-1030-lumens-tlslmb4cct590wh-03865394,https://cdn.rona.ca/images/03865394_M.jpg,chacun,49.99,30.0,19.990000000000002,39.99,"19,99 $",4.0,4 en magasin,Ramassage en magasin,Livraison
ROTOZIP,"Scie-cloche RotoZip, 1 po dia x 2 po l., tige ronde 1/4 po, abrasif de diamant",https://www.rona.ca/fr/produit/scie-cloche-rotozip-1-po-dia-x-2-po-l-tige-ronde-1-4-po-abrasif-de-diamant-xc-t1000-19165066,https://cdn.rona.ca/images/19165066_M.jpg,chacun,49.99,30.0,19.990000000000002,39.99,"19,99 $",3.0,3 en magasin,Ramassage en magasin,Livraison
MAKITA,Ensemble de 43 forets et embouts à percussion par Makita,https://www.rona.ca/fr/produit/ensemble-de-43-forets-et-embouts-a-percussion-par-makita-e-11922-11975501,https://cdn.rona.ca/images/11975501_M.jpg,chacun,59.99,40.0,19.990000000000002,33.32,"19,99 $",4.0,4 en magasin,Ramassage en magasin,Livraison
MR. BAR-B-Q,"Ensemble d'ustensiles pour barbecue par Mr. Bar-B-Q, 3 pièces, acier inoxydable",https://www.rona.ca/fr/produit/ensemble-dustensiles-pour-barbecue-par-mr-bar-b-q-3-pieces-acier-inoxydable-02465lcgd-34085090,https://cdn.rona.ca/images/34085090_M.jpg,chacun,25.99,6.0,19.99,76.91,19 $,12.0,12 en magasin,Ramassage en magasin,Livraison
LASER,Élément de cuisinière 1500 W de 6 po Laser,https://www.rona.ca/fr/produit/element-de-cuisiniere-1500-w-de-6-po-laser-62474-0819107,https://cdn.rona.ca/images/0819107_M.jpg,chacun,29.99,10.0,19.99,66.66,"19,99 $",1.0,1 en magasin,Ramassage en magasin,Livraison
ROTOZIP,Guide coupe-cercle de 4 po à 12 po,https://www.rona.ca/fr/produit/rotozip-guide-coupe-cercle-de-4-po-a-12-po-crct4-19835588,https://cdn.rona.ca/images/19835588_M.jpg,chacun,29.99,10.0,19.99,66.66,"19,99 $",1.0,1 en magasin,Ramassage en magasin,Livraison
SMARTPOND,"Boîtier pour filtre de pompe universelle de Smartpond, plastique",https://www.rona.ca/fr/produit/boitier-pour-filtre-de-pompe-universelle-de-smartpond-plastique-52500-30735628,https://cdn.rona.ca/images/30735628_M.jpg,chacun,64.99,45.0,19.989999999999995,30.76,"19,50 $",3.0,3 en magasin,Ramassage en magasin,Livraison
ONDURA,"Petit Chaperon de toit, Ondura, plastique, 20 po noir",https://www.rona.ca/fr/produit/petit-chaperon-de-toit-ondura-plastique-20-po-noir-9025763-05605072,https://cdn.rona.ca/images/05605072_M.jpg,chacun,76.99,57.0,19.989999999999995,25.96,"19,25 $",1.0,1 en magasin,Ramassage en magasin,Livraison
SCHLAGE,Poignée d'entrée à levier « Accent »,https://www.rona.ca/fr/produit/schlage-poignee-dentree-a-levier-accent-79921-12825322,https://cdn.rona.ca/images/12825322_M.jpg,chacun,77.99,58.0,19.989999999999995,25.63,"19,50 $",2.0,2 en magasin,Ramassage en magasin,Livraison
PROJECT SOURCE,"Filtres à eau L-5-2 pour réfrigérateur Project Source, paquet de 2",https://www.rona.ca/fr/produit/filtres-a-eau-l-5-2-pour-refrigerateur-project-source-paquet-de-2-72365003,https://cdn.rona.ca/images/72365003_M.jpg,chacun,78.99,59.0,19.989999999999995,25.31,"19,75 $",2.0,2 en magasin,Ramassage en magasin,Livraison
CANARM,"Plafonnier affleurant à finition nickel brossé Celie de Canarm, contemporain, 12 po de diamètre x 6 po H.",https://www.rona.ca/fr/produit/plafonnier-affleurant-a-finition-nickel-brosse-celie-de-canarm-contemporain-12-po-de-diametre-x-6-po-h-ifm540b12bn-05115717,https://cdn.rona.ca/images/05115717_M.jpg,chacun,79.99,60.0,19.989999999999995,24.99,"19,99 $",6.0,6 en magasin,Ramassage en magasin,Livraison
EGLO,"Luminaire suspendu Eglo, Mandana, nickel/rouge",https://www.rona.ca/fr/produit/luminaire-suspendu-eglo-mandana-nickel-rouge-204253a-21045042,https://cdn.rona.ca/images/21045042_M.jpg,chacun,94.99,75.0,19.989999999999995,21.04,"19,99 $",6.0,6 en magasin,Ramassage en magasin,Livraison
CANARM,"Suspension Thea de Canarm avec dôme en verre clair, noir mat/or",https://www.rona.ca/fr/produit/suspension-thea-de-canarm-avec-dome-en-verre-clair-noir-mat-or-ipl674b01bkg-05115813,https://cdn.rona.ca/images/05115813_M.jpg,chacun,109.99,90.0,19.989999999999995,18.17,"19,99 $",2.0,2 en magasin,Ramassage en magasin,Livraison
GLOBE ELECTRIC,"Lampe de plancher Winslow de Globe Electric à 3 lumières, 70 po, noire",https://www.rona.ca/fr/produit/lampe-de-plancher-winslow-de-globe-electric-a-3-lumieres-70-po-noire-12950-00795760,https://cdn.rona.ca/images/00795760_M.jpg,chacun,109.99,90.0,19.989999999999995,18.17,"19,99 $",2.0,2 en magasin,Ramassage en magasin,Livraison
PROJECT SOURCE,"Luminaire sur rail, 6 lumières, 45"", acier, chrome/blanc mat",https://www.rona.ca/fr/produit/project-source-luminaire-sur-rail-6-lumieres-45-acier-chrome-blanc-mat-fs190610-5-wh-45055022,https://cdn.rona.ca/images/45055022_M.jpg,chacun,109.99,90.0,19.989999999999995,18.17,"19,99 $",3.0,3 en magasin,Ramassage en magasin,Livraison
PROJECT SOURCE,"Rail d'éclairage à 4 lumières, Project Source, nickel satiné",https://www.rona.ca/fr/produit/rail-declairage-a-4-lumieres-project-source-nickel-satine-08385059,https://cdn.rona.ca/images/08385059_M.jpg,chacun,109.99,90.0,19.989999999999995,18.17,"19,99 $",3.0,3 en magasin,Ramassage en magasin,Livraison
PROJECT SOURCE,"Applique murale moderne Uberhaus 24 po à 3 lumières avec abat-jours en verre clair, chrome",https://www.rona.ca/fr/produit/project-source-applique-murale-moderne-uberhaus-24-po-a-3-lumieres-avec-abat-jours-en-verre-clair-chrome-ws516-08385044,https://cdn.rona.ca/images/08385044_M.jpg,chacun,119.99,100.0,19.989999999999995,16.66,"19,99 $",7.0,7 en magasin,Ramassage en magasin,Livraison
VOLTZ,"Applique murale DEL intérieur/extrieur à verre bullé Artika for Living, noir",https://www.rona.ca/fr/produit/voltz-applique-murale-del-interieur-extrieur-a-verre-bulle-artika-for-living-noir-amp105-rnbl-08325099,https://cdn.rona.ca/images/08325099_M.jpg,chacun,124.99,105.0,19.989999999999995,15.99,"19,99 $",1.0,1 en magasin,Ramassage en magasin,Livraison
,"Guide-chaîne de rechange pour scie mécanique, 20""",https://www.rona.ca/fr/produit/guide-chaine-de-rechange-pour-scie-mecanique-20-82305306,https://cdn.rona.ca/images/82305306_M.jpg,chacun,49.49,30.0,19.490000000000002,39.38,"19,49 $",4.0,4 en magasin,Ramassage en magasin,Livraison
EPOXYSHIELD,Additif teinté noyer noir,https://www.rona.ca/fr/produit/additif-teinte-noyer-noir-03305810,https://cdn.rona.ca/images/03305810_M.jpg,chacun,44.25,25.0,19.25,43.5,"19,25 $",4.0,4 en magasin,Ramassage en magasin,Livraison
EUROFASE,"Luminaire suspendu Eurofase 8,7 po x 18,8 po DEL noir",https://www.rona.ca/fr/produit/luminaire-suspendu-eurofase-8-7-po-x-18-8-po-del-noir-34766-lwc-52945399,https://cdn.rona.ca/images/52945399_M.jpg,chacun,104.0,85.0,19.0,18.27,19 $,1.0,1 en magasin,Ramassage en magasin,Livraison
CRAFTSMAN,"Ensemble d'outils pour mécanicien CRAFTSMAN, acier, 51 pièces",https://www.rona.ca/fr/produit/ensemble-doutils-pour-mecanicien-craftsman-acier-51-pieces-cmmt82334l-00276517,https://cdn.rona.ca/images/00276517_M.jpg,chacun,109.0,90.0,19.0,17.43,19 $,28.0,28 en magasin,Ramassage en magasin,Livraison
MULTINAUTIC,Plaque de fond pour quai « Multinautic »,https://www.rona.ca/fr/produit/plaque-de-fond-pour-quai-multinautic-11108-70615085,https://cdn.rona.ca/images/70615085_M.jpg,chacun,46.99,28.0,18.990000000000002,40.41,"18,80 $",1.0,1 en magasin,Ramassage en magasin,Livraison
GILMOUR,Minuterie électronique à piles pour arrosage Gilmour à sortie simple,https://www.rona.ca/fr/produit/minuterie-electronique-a-piles-pour-arrosage-gilmour-a-sortie-simple-830134-5001-88005132,https://cdn.rona.ca/images/88005132_M.jpg,chacun,59.99,41.0,18.990000000000002,31.66,18 $,3.0,3 en magasin,Ramassage en magasin,Livraison
SCOTTS,"Minuterie mécanique d'arrosage par Scotts, ABS, noir et vert",https://www.rona.ca/fr/produit/minuterie-mecanique-darrosage-par-scotts-abs-noir-et-vert-sct30592-49555288,https://cdn.rona.ca/images/49555288_M.jpg,chacun,24.99,6.0,18.99,75.99,18 $,3.0,3 en magasin,Ramassage en magasin,Livraison
HEATH ZENITH,"Détecteur de mouvement Globe sans fil à 270 degrés, blanc",https://www.rona.ca/fr/produit/heath-zenith-detecteur-de-mouvement-globe-sans-fil-a-270-degres-blanc-sl-7773-03-51025213,https://cdn.rona.ca/images/51025213_M.jpg,chacun,28.99,10.0,18.99,65.51,"18,99 $",8.0,8 en magasin,Ramassage en magasin,Livraison
SCOTTS,"Sécateur à main Scott's(MD), 8"", aluminium/acier",https://www.rona.ca/fr/produit/scotts-secateur-a-main-scottsmd-8-aluminium-acier-sct30552-49555242,https://cdn.rona.ca/images/49555242_M.jpg,chacun,28.99,10.0,18.99,65.51,18 $,2.0,2 en magasin,Ramassage en magasin,Livraison
FLUKE,"Étui de transport Fluke pour multimètre, vinyle souple, 8,6 po x 5 po x 2,5 po, noir et jaune",https://www.rona.ca/fr/produit/etui-de-transport-fluke-pour-multimetre-vinyle-souple-8-6-po-x-5-po-x-2-5-po-noir-et-jaune-c25-67815008,https://cdn.rona.ca/images/67815008_M.jpg,chacun,73.99,55.0,18.989999999999995,25.67,"18,99 $",1.0,1 en magasin,Ramassage en magasin,Livraison
PROJECT SOURCE,"Filtres à eau S-2-2 pour réfrigérateur Project Source, paquet de 2",https://www.rona.ca/fr/produit/filtres-a-eau-s-2-2-pour-refrigerateur-project-source-paquet-de-2-72365005,https://cdn.rona.ca/images/72365005_M.jpg,chacun,78.99,60.0,18.989999999999995,24.04,"18,99 $",1.0,1 en magasin,Ramassage en magasin,Livraison
LEVOLOR,"Store à enroulement automatique Levolor, PVC, 55 po x 72 po, beige",https://www.rona.ca/fr/produit/store-a-enroulement-automatique-levolor-pvc-55-po-x-72-po-beige-2049916-13896208,https://cdn.rona.ca/images/13896208_M.jpg,chacun,97.99,79.0,18.989999999999995,19.38,18 $,18.0,18 en magasin,Ramassage en magasin,Livraison
DIRT DEVIL,"Aspirateur à main sans fil polyvalent pour la Maison Dirt Devil 12 V avec accessoires, noir",https://www.rona.ca/fr/produit/aspirateur-a-main-sans-fil-polyvalent-pour-la-maison-dirt-devil-12-v-avec-accessoires-noir-bd40200v-37065034,https://cdn.rona.ca/images/37065034_M.jpg,chacun,119.99,101.0,18.989999999999995,15.83,18 $,6.0,6 en magasin,Ramassage en magasin,Livraison
,"Ensemble d'installation pour poteau de départ, chêne",https://www.rona.ca/fr/produit/ensemble-dinstallation-pour-poteau-de-depart-chene-hb912-04065065,https://cdn.rona.ca/images/04065065_M.jpg,chacun,35.49,17.0,18.490000000000002,52.1,"17,74 $",1.0,1 en magasin,Ramassage en magasin,Livraison
PANACEA,"Supports de jardin Panacea en acier noir, 4/pqt",https://www.rona.ca/fr/produit/supports-de-jardin-panacea-en-acier-noir-4-pqt-89584-37335109,https://cdn.rona.ca/images/37335109_M.jpg,chacun,44.49,26.0,18.490000000000002,41.56,"17,80 $",5.0,5 en magasin,Ramassage en magasin,Livraison
SAMAN,Huile d'Abrasin Saman Legend noir mat 946 ml,https://www.rona.ca/fr/produit/huile-dabrasin-saman-legend-noir-mat-946-ml-toh-405-1l-72645282,https://cdn.rona.ca/images/72645282_M.jpg,chacun,45.49,27.0,18.490000000000002,40.65,"18,20 $",13.0,13 en magasin,Ramassage en magasin,Livraison
WIHA,"Jeu d'embouts Torx T25 en acier pour tournevis à chocs TerminatorBlue de Wiha, 1 po, 20 morceaux",https://www.rona.ca/fr/produit/jeu-dembouts-torx-t25-en-acier-pour-tournevis-a-chocs-terminatorblue-de-wiha-1-po-20-morceaux-70060-98325004,https://cdn.rona.ca/images/98325004_M.jpg,paquet,23.49,5.0,18.49,78.71,"18,49 $",11.0,11 en magasin,Ramassage en magasin,Livraison
WIHA,"Jeu d'embouts cruciformes no 2 en acier pour tournevis à chocs TerminatorBlue de Wiha, 1 po, 20 unités",https://www.rona.ca/fr/produit/jeu-dembouts-cruciformes-no-2-en-acier-pour-tournevis-a-chocs-terminatorblue-de-wiha-1-po-20-unites-70042-98325003,https://cdn.rona.ca/images/98325003_M.jpg,paquet,23.49,5.0,18.49,78.71,"18,49 $",5.0,5 en magasin,Ramassage en magasin,Livraison
WIHA,"Jeu d'embouts carrés no 2 en acier pour tournevis à chocs TerminatorBlue de Wiha, 1 po, 20 morceaux",https://www.rona.ca/fr/produit/jeu-dembouts-carres-no-2-en-acier-pour-tournevis-a-chocs-terminatorblue-de-wiha-1-po-20-morceaux-70065-98325005,https://cdn.rona.ca/images/98325005_M.jpg,paquet,23.49,5.0,18.49,78.71,"18,49 $",3.0,3 en magasin,Ramassage en magasin,Livraison
AMERIMAX,"Coude ajustable pour gouttière Amerimax, vinyle noir",https://www.rona.ca/fr/produit/coude-ajustable-pour-gouttiere-amerimax-vinyle-noir-4631-01285107,https://cdn.rona.ca/images/01285107_M.jpg,chacun,32.99,15.0,17.990000000000002,54.53,17 $,5.0,5 en magasin,Ramassage en magasin,Livraison
ENERGIZER,"Piles AAA Ultimate Lithium(MC), paquet de 4",https://www.rona.ca/fr/produit/piles-aaa-ultimate-lithiummc-paquet-de-4-03335227,https://cdn.rona.ca/images/03335227_M.jpg,chacun,32.99,15.0,17.990000000000002,54.53,"17,99 $",8.0,8 en magasin,Ramassage en magasin,Livraison
JOHN DEERE,Filtre à air en papier John Deere pour moteur 4 temps 22 à 23 HP,https://www.rona.ca/fr/produit/filtre-a-air-en-papier-john-deere-pour-moteur-4-temps-22-a-23-hp-gy21056-30735981,https://cdn.rona.ca/images/30735981_M.jpg,chacun,34.99,17.0,17.990000000000002,51.41,"17,49 $",1.0,1 en magasin,Ramassage en magasin,Livraison
,Poteau de rampe en cèdre « Colonial »,https://www.rona.ca/fr/produit/poteau-de-rampe-en-cedre-colonial-sdpccc54r-8901009,https://cdn.rona.ca/images/8901009_M.jpg,chacun,56.99,39.0,17.990000000000002,31.57,17 $,3.0,3 en magasin,Ramassage en magasin,Livraison
MULTINAUTIC,"Treuil manuel bidirectionnel en zinc, 1300 lb",https://www.rona.ca/fr/produit/treuil-manuel-bidirectionnel-en-zinc-1300-lb-70615119,https://cdn.rona.ca/images/70615119_M.jpg,chacun,59.99,42.0,17.990000000000002,29.99,"17,66 $",2.0,2 en magasin,Ramassage en magasin,Livraison
,"Berbéris, assortis",https://www.rona.ca/fr/produit/berberis-assortis-14905226,https://cdn.rona.ca/images/14905226_M.jpg,chacun,22.99,5.0,17.99,78.25,"17,24 $",1.0,1 en magasin,Ramassage en magasin,Livraison
,"Weigelas, assorti",https://www.rona.ca/fr/produit/weigelas-assorti-2weass0002-14905058,https://cdn.rona.ca/images/14905058_M.jpg,chacun,22.99,5.0,17.99,78.25,"17,24 $",4.0,4 en magasin,,
METRIE,Cadrage « Colonial »,https://www.rona.ca/fr/produit/metrie-cadrage-colonial-msp12032-09565531,https://cdn.rona.ca/images/09565531_M.jpg,chacun,22.99,5.0,17.99,78.25,"17,24 $",12.0,12 en magasin,Ramassage en magasin,Livraison
MONO SERRA,"Moulure d'extrémité Mono Serra, grise, panneau de fibres de haute densité, 94 po L. x 1 3/4 po l.",https://www.rona.ca/fr/produit/moulure-dextremite-mono-serra-grise-panneau-de-fibres-de-haute-densite-94-po-l-x-1-3-4-po-l-rlm-074-84665884,https://cdn.rona.ca/images/84665884_M.jpg,chacun,29.99,12.0,17.99,59.99,"17,99 $",10.0,10 en magasin,Ramassage en magasin,Livraison
WEISER,"Pêne dormant Weiser Midtown avec technologie SmartKey, noir mat",https://www.rona.ca/fr/produit/pene-dormant-weiser-midtown-avec-technologie-smartkey-noir-mat-9gd14710-034-09656209,https://cdn.rona.ca/images/09656209_M.jpg,chacun,69.99,52.0,17.989999999999995,25.7,"17,50 $",5.0,5 en magasin,Ramassage en magasin,Livraison
PROJECT SOURCE,"Luminaire sur rail, 4 lumières, 32"", acier, chrome/blanc mat",https://www.rona.ca/fr/produit/project-source-luminaire-sur-rail-4-lumieres-32-acier-chrome-blanc-mat-fs190610-4-wh-45055021,https://cdn.rona.ca/images/45055021_M.jpg,chacun,77.99,60.0,17.989999999999995,23.07,"17,99 $",3.0,3 en magasin,Ramassage en magasin,Livraison
MOEN,"Tablette en verre pour salle de bains noir mat de 20,4 po Iso par MOEN",https://www.rona.ca/fr/produit/tablette-en-verre-pour-salle-de-bains-noir-mat-de-20-4-po-iso-par-moen-dn0790bl-15025897,https://cdn.rona.ca/images/15025897_M.jpg,chacun,85.99,68.0,17.989999999999995,20.92,"17,20 $",1.0,1 en magasin,Ramassage en magasin,Livraison
SYNLAWN,"Colle à prise rapide pour gazon artificiel SYNLawn, 858-ml",https://www.rona.ca/fr/produit/colle-a-prise-rapide-pour-gazon-artificiel-synlawn-858-ml-55405005,https://cdn.rona.ca/images/55405005_M.jpg,chacun,34.49,17.0,17.490000000000002,50.71,17 $,21.0,21 en magasin,Ramassage en magasin,Livraison
SMARTPOND,"Mousse filtrante pour filtre sous pression Smartpond, 3 par paquet",https://www.rona.ca/fr/produit/mousse-filtrante-pour-filtre-sous-pression-smartpond-3-par-paquet-70778-30195048,https://cdn.rona.ca/images/30195048_M.jpg,chacun,43.49,26.0,17.490000000000002,40.22,"17,40 $",6.0,6 en magasin,Ramassage en magasin,Livraison
TREMCLAD,Peinture antirouille « fini mat »,https://www.rona.ca/fr/produit/tremclad-peinture-antirouille-fini-mat-26061wb155-03305388,https://cdn.rona.ca/images/03305388_M.jpg,chacun,111.0,94.0,17.0,15.32,"16,65 $",1.0,1 en magasin,Ramassage en magasin,Livraison
,TEXTURE EN AÉROSOL,https://www.rona.ca/fr/produit/texture-en-aerosol-4155-06-3539010,https://cdn.rona.ca/images/3539010_M.jpg,chacun,33.99,17.0,16.990000000000002,49.99,"16,99 $",2.0,2 en magasin,Ramassage en magasin,Livraison
SPYDER,"Lame à couper circulaire acier de carbure diamanté Spyder, 5 po",https://www.rona.ca/fr/produit/lame-a-couper-circulaire-acier-de-carbure-diamante-spyder-5-po-14005ca-65165015,https://cdn.rona.ca/images/65165015_M.jpg,chacun,36.99,20.0,16.990000000000002,45.93,"16,99 $",8.0,8 en magasin,Ramassage en magasin,Livraison
GE,"Ampoules fluorescentes T8 96 po de GE 59 W blanc froid culot à une broche, 2/pqt",https://www.rona.ca/fr/produit/ampoules-fluorescentes-t8-96-po-de-ge-59-w-blanc-froid-culot-a-une-broche-2-pqt-93119136-32285401,https://cdn.rona.ca/images/32285401_M.jpg,chacun,39.99,23.0,16.990000000000002,42.49,16 $,4.0,4 en magasin,Ramassage en magasin,Livraison
MR. BAR-B-Q,Housse protectrice universelle pour barbecue Mr. Bar-B-Q 65 po noir,https://www.rona.ca/fr/produit/housse-protectrice-universelle-pour-barbecue-mr-bar-b-q-65-po-noir-cvr-2795lcgd-34085087,https://cdn.rona.ca/images/34085087_M.jpg,chacun,40.99,24.0,16.990000000000002,41.45,"16,99 $",192.0,192 en magasin,Ramassage en magasin,Livraison
STA-GREEN,"Engrais de pelouse Sta-Green 30-0-3, 12 kg",https://www.rona.ca/fr/produit/engrais-de-pelouse-sta-green-30-0-3-12-kg-23966-12675470,https://cdn.rona.ca/images/12675470_M.jpg,chacun,40.99,24.0,16.990000000000002,41.45,16 $,26.0,26 en magasin,Ramassage en magasin,Livraison
BELL + HOWELL,"Ventilateur de plafond lumineux blanc Bell + Howell à douille 1000 lumens de 15,7 po, 4 pales",https://www.rona.ca/fr/produit/ventilateur-de-plafond-lumineux-blanc-bell-howell-a-douille-1000-lumens-de-15-7-po-4-pales-9965fe-6-83505023,https://cdn.rona.ca/images/83505023_M.jpg,chacun,61.99,45.0,16.990000000000002,27.41,"16,74 $",1.0,1 en magasin,Ramassage en magasin,Livraison
,Haie assortie,https://www.rona.ca/fr/produit/haie-assortie-14905228,https://cdn.rona.ca/images/14905228_M.jpg,chacun,21.99,5.0,16.99,77.26,"16,49 $",6.0,6 en magasin,Ramassage en magasin,Livraison
WIHA,"Ensemble d'embouts de tournevis carrés no 2 TerminatorBlue en acier très résistants Wiha, 2 po, paquet de 15",https://www.rona.ca/fr/produit/ensemble-dembouts-de-tournevis-carres-no-2-terminatorblue-en-acier-tres-resistants-wiha-2-po-paquet-de-15-70265-98325017,https://cdn.rona.ca/images/98325017_M.jpg,paquet,21.99,5.0,16.99,77.26,"16,99 $",7.0,7 en magasin,Ramassage en magasin,Livraison
WIHA,"Embouts de tournevis à percussion Torx T25 de 2 po en acier TerminatorBlue de Wiha, 15 pièces",https://www.rona.ca/fr/produit/embouts-de-tournevis-a-percussion-torx-t25-de-2-po-en-acier-terminatorblue-de-wiha-15-pieces-70260-98325016,https://cdn.rona.ca/images/98325016_M.jpg,paquet,21.99,5.0,16.99,77.26,"16,99 $",3.0,3 en magasin,Ramassage en magasin,Livraison
WIHA,"Ensemble d'embouts cruciformes nº 2 en acier de 2 po pour visseuses à percussion TerminatorBlue de Wiha, 15 morceaux",https://www.rona.ca/fr/produit/ensemble-dembouts-cruciformes-n-2-en-acier-de-2-po-pour-visseuses-a-percussion-terminatorblue-de-wiha-15-morceaux-70242-98325015,https://cdn.rona.ca/images/98325015_M.jpg,paquet,21.99,5.0,16.99,77.26,"16,99 $",4.0,4 en magasin,Ramassage en magasin,Livraison
ROTOZIP,"Foret pour panneau de fibres de bois RotoZip, acier au carbure, 5/32 po dia, 1 par emballage",https://www.rona.ca/fr/produit/foret-pour-panneau-de-fibres-de-bois-rotozip-acier-au-carbure-5-32-po-dia-1-par-emballage-xb-ul1-1916291,https://cdn.rona.ca/images/1916291_M.jpg,chacun,26.99,10.0,16.99,62.95,"16,99 $",12.0,12 en magasin,Ramassage en magasin,Livraison
MALCO,"Poinçon à verrou Malco, poignée en vinyle rouge, robuste, 9 po de long",https://www.rona.ca/fr/produit/poincon-a-verrou-malco-poignee-en-vinyle-rouge-robuste-9-po-de-long-sl5-39205001,https://cdn.rona.ca/images/39205001_M.jpg,chacun,31.99,15.0,16.99,53.11,"16,99 $",7.0,7 en magasin,Ramassage en magasin,Livraison
MAPEBAND,Contour de renvois,https://www.rona.ca/fr/produit/mapeband-contour-de-renvois-02101000-2108183,https://cdn.rona.ca/images/2108183_M.jpg,chacun,64.99,48.0,16.989999999999995,26.14,"16,25 $",6.0,6 en magasin,Ramassage en magasin,Livraison
SCHLAGE,Poignée d'entrée Sacramento à fini au nickel satiné,https://www.rona.ca/fr/produit/poignee-dentree-sacramento-a-fini-au-nickel-satine-12825477,https://cdn.rona.ca/images/12825477_M.jpg,chacun,64.99,48.0,16.989999999999995,26.14,"16,25 $",3.0,3 en magasin,Ramassage en magasin,Livraison
MOEN,Ensemble de 3 accessoires nickel brossé pour salle de bains Laia par MOEN,https://www.rona.ca/fr/produit/ensemble-de-3-accessoires-nickel-brosse-pour-salle-de-bains-laia-par-moen-bh5333bn-15025891,https://cdn.rona.ca/images/15025891_M.jpg,chacun,83.99,67.0,16.989999999999995,20.23,"16,80 $",7.0,7 en magasin,Ramassage en magasin,Livraison
WOLFCRAFT,"Brosse Wolfcraft, nylon, 1 par paquet, 4 po dia",https://www.rona.ca/fr/produit/brosse-wolfcraft-nylon-1-par-paquet-4-po-dia-1512405-1137140,https://cdn.rona.ca/images/1137140_M.jpg,chacun,36.79,20.0,16.79,45.64,"16,79 $",1.0,1 en magasin,Ramassage en magasin,Livraison
WOLFCRAFT,"Gabarit pour goujons Wolfcraft, tailles assorties, guide réglable, plastique à fort impact avec douilles",https://www.rona.ca/fr/produit/gabarit-pour-goujons-wolfcraft-tailles-assorties-guide-reglable-plastique-a-fort-impact-avec-douilles-4641404-1137056,https://cdn.rona.ca/images/1137056_M.jpg,chacun,46.19,30.0,16.189999999999998,35.05,"16,19 $",1.0,1 en magasin,Ramassage en magasin,Livraison
SAMSUNG,Lave-vaisselle encastrable 3 casiers en acier inoxydable 24 po Samsung avec séchage à l'air et commandes dissimulées,https://www.rona.ca/fr/produit/lave-vaisselle-encastrable-3-casiers-en-acier-inoxydable-24-po-samsung-avec-sechage-a-lair-et-commandes-dissimulees-dw80cg5451sraa-22945561,https://cdn.rona.ca/images/22945561_M.jpg,chacun,845.0,829.0,16.0,1.89,16 $,,,,Livraison
VARATHANE,"Teinture en gel pour l'intérieur Varathane Premium, à base d'huile, opaque, gris vieilli, 946 ml",https://www.rona.ca/fr/produit/teinture-en-gel-pour-linterieur-varathane-premium-a-base-dhuile-opaque-gris-vieilli-946-ml-287955-03305881,https://cdn.rona.ca/images/03305881_M.jpg,chacun,38.99,23.0,15.990000000000002,41.01,"15,60 $",2.0,2 en magasin,Ramassage en magasin,Livraison
VISION HOME,Lumière de puits Vision Home DEL aluminium noir,https://www.rona.ca/fr/produit/lumiere-de-puits-vision-home-del-aluminium-noir-lg00012-lv-64785012,https://cdn.rona.ca/images/64785012_M.jpg,chacun,49.99,34.0,15.990000000000002,31.99,15 $,4.0,4 en magasin,Ramassage en magasin,Livraison
SCHLAGE,Pêne dormant Century à clé et verrou à levier,https://www.rona.ca/fr/produit/pene-dormant-century-a-cle-et-verrou-a-levier-12825468,https://cdn.rona.ca/images/12825468_M.jpg,chacun,59.99,44.0,15.990000000000002,26.65,15 $,6.0,6 en magasin,Ramassage en magasin,Livraison
JIFFY,Système de culture hydroponique pour plantes jeunes et matures,https://www.rona.ca/fr/produit/systeme-de-culture-hydroponique-pour-plantes-jeunes-et-matures-10685852,https://cdn.rona.ca/images/10685852_M.jpg,chacun,59.99,44.0,15.990000000000002,26.65,15 $,9.0,9 en magasin,Ramassage en magasin,Livraison
SCHLAGE,Poignée à levier non verrouillable Century Latitude,https://www.rona.ca/fr/produit/poignee-a-levier-non-verrouillable-century-latitude-12825466,https://cdn.rona.ca/images/12825466_M.jpg,chacun,59.99,44.0,15.990000000000002,26.65,15 $,4.0,4 en magasin,Ramassage en magasin,Livraison
ROTOZIP,"Foret à stratifié RotoZip, 5/32 po, acier au carbure",https://www.rona.ca/fr/produit/foret-a-stratifie-rotozip-5-32-po-acier-au-carbure-xb-lf1-1916286,https://cdn.rona.ca/images/1916286_M.jpg,chacun,25.99,10.0,15.989999999999998,61.52,"15,99 $",3.0,3 en magasin,Ramassage en magasin,Livraison
GLOBE ELECTRIC,"Bouton de sonnette sans fil Globe, 100 pi, noir/nickel",https://www.rona.ca/fr/produit/globe-electric-bouton-de-sonnette-sans-fil-globe-100-pi-noir-nickel-sl-7303-03-02555053,https://cdn.rona.ca/images/02555053_M.jpg,chacun,27.99,12.0,15.989999999999998,57.13,"15,99 $",1.0,1 en magasin,Ramassage en magasin,Livraison
PARADISE,"Lumières de jardin à énergie solaire, DEL, paquet de 6",https://www.rona.ca/fr/produit/lumieres-de-jardin-a-energie-solaire-del-paquet-de-6-84565165,https://cdn.rona.ca/images/84565165_M.jpg,chacun,29.99,14.0,15.989999999999998,53.32,15 $,7.0,7 en magasin,Ramassage en magasin,Livraison
OLYMPIC,"Scellant concentré à pulvériser Olympic Smartguard, multisurfaces, transparent, 443 ml",https://www.rona.ca/fr/produit/scellant-concentre-a-pulveriser-olympic-smartguard-multisurfaces-transparent-443-ml-55280-ea-63575469,https://cdn.rona.ca/images/63575469_M.jpg,chacun,30.99,15.0,15.989999999999998,51.6,"15,49 $",40.0,40 en magasin,Ramassage en magasin,Livraison
PROTECTIVE COATING,Durcisseur de bois imperméable « PC-Rot Terminator »,https://www.rona.ca/fr/produit/durcisseur-de-bois-impermeable-pc-rot-terminator-60956215,https://cdn.rona.ca/images/60956215_M.jpg,chacun,30.99,15.0,15.989999999999998,51.6,"15,49 $",1.0,1 en magasin,Ramassage en magasin,Livraison
SMART STRIP,"Décapant supérieur pour peinture SmartStrip de Dumond, à base d'eau, non toxique, 3,8 L",https://www.rona.ca/fr/produit/smart-strip-decapant-superieur-pour-peinture-smartstrip-de-dumond-a-base-deau-non-toxique-3-8-l-301014-60956211,https://cdn.rona.ca/images/60956211_M.jpg,chacun,99.99,84.0,15.989999999999995,15.99,15 $,4.0,4 en magasin,Ramassage en magasin,Livraison
WATCH DOG,"Décapant à graffitis pour surfaces poreuses Watch Dog de 3,8 L",https://www.rona.ca/fr/produit/decapant-a-graffitis-pour-surfaces-poreuses-watch-dog-de-3-8-l-301041-36115012,https://cdn.rona.ca/images/36115012_M.jpg,chacun,104.99,89.0,15.989999999999995,15.23,"15,75 $",7.0,7 en magasin,Ramassage en magasin,Livraison
DEWALT,"Brosse pour meuleuse d'établi DEWALT, fils ondulés, 1 par paquet, 6 po dia x 1/18 po L.",https://www.rona.ca/fr/produit/brosse-pour-meuleuse-detabli-dewalt-fils-ondules-1-par-paquet-6-po-dia-x-1-18-po-l-dw4904-00275791,https://cdn.rona.ca/images/00275791_M.jpg,chacun,35.49,20.0,15.490000000000002,43.65,"15,49 $",4.0,4 en magasin,Ramassage en magasin,Livraison
CLOSETMAID,"Porte-chaussure extensible ShelfTrack, acier enduit d'époxy, 11 1/2 po p. x 12 27/32 po H. x 41 55/64 po l., blanc",https://www.rona.ca/fr/produit/closetmaid-porte-chaussure-extensible-shelftrack-acier-enduit-depoxy-11-1-2-po-p-x-12-27-32-po-h-x-41-55-64-po-l-blanc-2844000-36485169,https://cdn.rona.ca/images/36485169_M.jpg,chacun,49.49,34.0,15.490000000000002,31.3,"14,85 $",3.0,3 en magasin,Ramassage en magasin,Livraison
HERSHEY'S,Boîte à ingrédients pour sandwich choco-gimauve par Hershey's S'mores,https://www.rona.ca/fr/produit/boite-a-ingredients-pour-sandwich-choco-gimauve-par-hersheys-smores-01230hsylc-34085122,https://cdn.rona.ca/images/34085122_M.jpg,chacun,20.49,5.0,15.489999999999998,75.6,"15,49 $",4.0,4 en magasin,Ramassage en magasin,Livraison
GENERAL,Miroir d'inspection à manche télescopique,https://www.rona.ca/fr/produit/miroir-dinspection-a-manche-telescopique-01215299,https://cdn.rona.ca/images/01215299_M.jpg,chacun,27.49,12.0,15.489999999999998,56.35,"14,99 $",5.0,5 en magasin,Ramassage en magasin,Livraison
MULTINAUTIC,"Pare-choc de coin pour quai « Multinautic », 10""x10""",https://www.rona.ca/fr/produit/pare-choc-de-coin-pour-quai-multinautic-10x10-15003-7061009,https://cdn.rona.ca/images/7061009_M.jpg,chacun,36.99,22.0,14.990000000000002,40.52,"14,34 $",1.0,1 en magasin,Ramassage en magasin,Livraison
GLOBE ELECTRIC,Détecteur de mouvement,https://www.rona.ca/fr/produit/globe-electric-detecteur-de-mouvement-hz-5407-wh-02555041,https://cdn.rona.ca/images/02555041_M.jpg,chacun,39.99,25.0,14.990000000000002,37.48,"14,99 $",3.0,3 en magasin,Ramassage en magasin,Livraison
NAPOLEON,"Ensemble de fumaison pour barbecue de Napoleon, acier inoxydable",https://www.rona.ca/fr/produit/ensemble-de-fumaison-pour-barbecue-de-napoleon-acier-inoxydable-67020-82985005,https://cdn.rona.ca/images/82985005_M.jpg,chacun,39.99,25.0,14.990000000000002,37.48,"14,99 $",1.0,1 en magasin,Ramassage en magasin,Livraison
CLOSETMAID,"Porte-chaussure en acier ShelfTrack de ClosetMaid, 2 niveaux, extensible, revêtement d'époxy, 24 po à 42 po L., blanc",https://www.rona.ca/fr/produit/porte-chaussure-en-acier-shelftrack-de-closetmaid-2-niveaux-extensible-revetement-depoxy-24-po-a-42-po-l-blanc-3284400-36485170,https://cdn.rona.ca/images/36485170_M.jpg,chacun,46.99,32.0,14.990000000000002,31.9,"14,10 $",12.0,12 en magasin,Ramassage en magasin,Livraison
WEISER,"Poignée verrouillable Weiser Toluca pour porte de chambre ou salle de bain, nickel satiné",https://www.rona.ca/fr/produit/poignee-verrouillable-weiser-toluca-pour-porte-de-chambre-ou-salle-de-bain-nickel-satine-9gla3310-049-09655863,https://cdn.rona.ca/images/09655863_M.jpg,chacun,55.99,41.0,14.990000000000002,26.77,14 $,3.0,3 en magasin,Ramassage en magasin,Livraison
SCHLAGE,Poignée privée à bec « Accent »,https://www.rona.ca/fr/produit/schlage-poignee-privee-a-bec-accent-49859-1282185,https://cdn.rona.ca/images/1282185_M.jpg,chacun,55.99,41.0,14.990000000000002,26.77,14 $,2.0,2 en magasin,Ramassage en magasin,Livraison
,"Lys oriental, assorti",https://www.rona.ca/fr/produit/lys-oriental-assorti-00098-42895032,https://cdn.rona.ca/images/42895032_M.jpg,chacun,18.99,4.0,14.989999999999998,78.94,"14,24 $",2.0,2 en magasin,,
IMPERIAL,"Raccord d'évasement, 5'' x 6'', calibre 24, noir mat",https://www.rona.ca/fr/produit/imperial-raccord-devasement-5-x-6-calibre-24-noir-mat-bm0059-b-1224354,https://cdn.rona.ca/images/1224354_M.jpg,chacun,19.99,5.0,14.989999999999998,74.99,"14,99 $",1.0,1 en magasin,Ramassage en magasin,Livraison
IMPERIAL,"Grille d'aération murale Imperial, acier au fini de laiton poli, 14 po de large x 6 po de haut",https://www.rona.ca/fr/produit/grille-daeration-murale-imperial-acier-au-fini-de-laiton-poli-14-po-de-large-x-6-po-de-haut-rg0413-1152009,https://cdn.rona.ca/images/1152009_M.jpg,chacun,20.99,6.0,14.989999999999998,71.41,"14,13 $",3.0,3 en magasin,Ramassage en magasin,Livraison
SAFDIE & CO.,"Rideau filtrant en imitation de lin, 52 po x 84 po, blanc/noir",https://www.rona.ca/fr/produit/rideau-filtrant-en-imitation-de-lin-52-po-x-84-po-blanc-noir-15465446,https://cdn.rona.ca/images/15465446_M.jpg,chacun,24.99,10.0,14.989999999999998,59.98,"14,59 $",9.0,9 en magasin,Ramassage en magasin,Livraison
JOHN DEERE,Filtre à air en papier John Deere moteur 20 HP 4 temps,https://www.rona.ca/fr/produit/filtre-a-air-en-papier-john-deere-moteur-20-hp-4-temps-gy20575-30735953,https://cdn.rona.ca/images/30735953_M.jpg,chacun,28.99,14.0,14.989999999999998,51.71,"14,49 $",13.0,13 en magasin,Ramassage en magasin,Livraison
GE,Tube de culture T8 GE à spectre lumière rouge avancé DEL 48 po 18 W culot G13,https://www.rona.ca/fr/produit/tube-de-culture-t8-ge-a-spectre-lumiere-rouge-avance-del-48-po-18-w-culot-g13-93120245-32285211,https://cdn.rona.ca/images/32285211_M.jpg,chacun,29.99,15.0,14.989999999999998,49.98,"14,99 $",1.0,1 en magasin,Ramassage en magasin,Livraison
AQUA-DYNAMIC,"Té flexible avec collier en acier inoxydable de série 300 Aqua Dynamic , PVC, antirouille, 3 po x 1 1/2 po diamètre",https://www.rona.ca/fr/produit/aqua-dynamic-te-flexible-avec-collier-en-acier-inoxydable-de-serie-300-aqua-dynamic-pvc-antirouille-3-po-x-1-1-2-po-diametre-3621-003lc-01735279,https://cdn.rona.ca/images/01735279_M.jpg,chacun,29.99,15.0,14.989999999999998,49.98,"14,99 $",3.0,3 en magasin,Ramassage en magasin,Livraison
GE,Rallonge pour bande lumineuse intelligente Full Color C by GE (40 pouces),https://www.rona.ca/fr/produit/rallonge-pour-bande-lumineuse-intelligente-full-color-c-by-ge-40-pouces-93119774-32285402,https://cdn.rona.ca/images/32285402_M.jpg,chacun,29.99,15.0,14.989999999999998,49.98,"14,99 $",7.0,7 en magasin,Ramassage en magasin,Livraison
SPYDER,"Ensemble d'embouts pour perceuse-visseuse à chocs de 30 pièces Mach-Blue de Spyder, 1/4 po, étui rigide",https://www.rona.ca/fr/produit/ensemble-dembouts-pour-perceuse-visseuse-a-chocs-de-30-pieces-mach-blue-de-spyder-1-4-po-etui-rigide-19032ca-65165148,https://cdn.rona.ca/images/65165148_M.jpg,chacun,64.99,50.0,14.989999999999995,23.07,"14,99 $",4.0,4 en magasin,Ramassage en magasin,Livraison
ALLEN + ROTH,"Luminaire suspendu à 3 lumières Allen + Roth, noir mat, montage sur corde, ampoules G9 de 35 W (vendues séparement)",https://www.rona.ca/fr/produit/luminaire-suspendu-a-3-lumieres-allen-roth-noir-mat-montage-sur-corde-ampoules-g9-de-35-w-vendues-separement-ws-pc2020-24-08385076,https://cdn.rona.ca/images/08385076_M.jpg,chacun,94.99,80.0,14.989999999999995,15.78,"14,99 $",6.0,6 en magasin,Ramassage en magasin,Livraison
CANARM,"Suspension Simone de Canarm avec globe en verre opale de style moderne, noir mat",https://www.rona.ca/fr/produit/suspension-simone-de-canarm-avec-globe-en-verre-opale-de-style-moderne-noir-mat-ipl1032a01bk-05115780,https://cdn.rona.ca/images/05115780_M.jpg,chacun,94.99,80.0,14.989999999999995,15.78,"14,99 $",2.0,2 en magasin,Ramassage en magasin,Livraison
PUREGUARDIAN,"Humidificateur ultrasonique, Pureguardian, 30-heures 2-vitesse, blanc",https://www.rona.ca/fr/produit/humidificateur-ultrasonique-pureguardian-30-heures-2-vitesse-blanc-h950ar-64545001,https://cdn.rona.ca/images/64545001_M.jpg,chacun,94.99,80.0,14.989999999999995,15.78,"14,25 $",15.0,15 en magasin,Ramassage en magasin,Livraison
PROJECT SOURCE,"Luminaire sur rail, 6 lumières, 45"", acier, chrome/noir mat",https://www.rona.ca/fr/produit/project-source-luminaire-sur-rail-6-lumieres-45-acier-chrome-noir-mat-fs190610-5-bk-45055016,https://cdn.rona.ca/images/45055016_M.jpg,chacun,109.99,95.0,14.989999999999995,13.63,"14,99 $",5.0,5 en magasin,Ramassage en magasin,Livraison
KAYCAN,Coin de gouttière U-Snap Kaycan en vinyle blanc,https://www.rona.ca/fr/produit/coin-de-gouttiere-u-snap-kaycan-en-vinyle-blanc-u04701-55395863,https://cdn.rona.ca/images/55395863_M.jpg,chacun,28.49,14.0,14.489999999999998,50.86,"14,24 $",42.0,42 en magasin,Ramassage en magasin,Livraison
DEWALT,"Brosse à fils noués DEWALT, acier au carbone, 1 par paquet, 4 po dia x 7/8 po L.",https://www.rona.ca/fr/produit/brosse-a-fils-noues-dewalt-acier-au-carbone-1-par-paquet-4-po-dia-x-7-8-po-l-dw4925-00275796,https://cdn.rona.ca/images/00275796_M.jpg,chacun,29.49,15.0,14.489999999999998,49.14,"14,49 $",5.0,5 en magasin,Ramassage en magasin,Livraison
HOLIDAY LIVING,"Étagère pour plantes, 9 sections, 12"" x 12""",https://www.rona.ca/fr/produit/holiday-living-etagere-pour-plantes-9-sections-12-x-12-lw33-js011-14375795,https://cdn.rona.ca/images/14375795_M.jpg,chacun,28.23,14.0,14.23,50.41,"14,11 $",8.0,8 en magasin,Ramassage en magasin,Livraison
TRENZ LIGHTING,"Ensemble d'encastrés à DEL 4 po ThinLED Pro LENZ de Liteline blanc, paquet de 4, 5 TCP",https://www.rona.ca/fr/produit/trenz-lighting-ensemble-dencastres-a-del-4-po-thinled-pro-lenz-de-liteline-blanc-paquet-de-4-5-tcp-tlslm4cct590wh4-03865399,https://cdn.rona.ca/images/03865399_M.jpg,chacun,149.0,135.0,14.0,9.4,14 $,4.0,4 en magasin,Ramassage en magasin,Livraison
SCHLAGE,Poignée bec privée «Broadway»,https://www.rona.ca/fr/produit/poignee-bec-privee-broadway-12825444,https://cdn.rona.ca/images/12825444_M.jpg,chacun,52.99,39.0,13.990000000000002,26.4,"13,25 $",14.0,14 en magasin,Ramassage en magasin,Livraison
SCHLAGE,Poignée d'entrée Schlage Georgian laiton satiné,https://www.rona.ca/fr/produit/poignee-dentree-schlage-georgian-laiton-satine-138901-12825498,https://cdn.rona.ca/images/12825498_M.jpg,chacun,52.99,39.0,13.990000000000002,26.4,"13,25 $",1.0,1 en magasin,Ramassage en magasin,Livraison
WEISER,"Bec-de-cane verrouillable Weiser Perth pour porte de chambre ou salle de bain, noir mat",https://www.rona.ca/fr/produit/bec-de-cane-verrouillable-weiser-perth-pour-porte-de-chambre-ou-salle-de-bain-noir-mat-9gla3310-157-09656243,https://cdn.rona.ca/images/09656243_M.jpg,chacun,54.99,41.0,13.990000000000002,25.44,"13,75 $",7.0,7 en magasin,Ramassage en magasin,Livraison
SCHLAGE,Poignée de porte intimité « Accent »,https://www.rona.ca/fr/produit/schlage-poignee-de-porte-intimite-accent-47390-1282149,https://cdn.rona.ca/images/1282149_M.jpg,chacun,54.99,41.0,13.990000000000002,25.44,"13,75 $",20.0,20 en magasin,Ramassage en magasin,Livraison
WEISER,"Bec-de-cane verrouillable Weiser Troy pour porte de chambre ou salle de bain, nickel satiné",https://www.rona.ca/fr/produit/bec-de-cane-verrouillable-weiser-troy-pour-porte-de-chambre-ou-salle-de-bain-nickel-satine-9gla3310-136-09656183,https://cdn.rona.ca/images/09656183_M.jpg,chacun,54.99,41.0,13.990000000000002,25.44,"13,75 $",4.0,4 en magasin,Ramassage en magasin,Livraison
SCHLAGE,Poignée privé «Latitude»,https://www.rona.ca/fr/produit/poignee-prive-latitude-12825431,https://cdn.rona.ca/images/12825431_M.jpg,chacun,54.99,41.0,13.990000000000002,25.44,"13,75 $",7.0,7 en magasin,Ramassage en magasin,Livraison
RELIABILT,"Levier d'entrée ReliaBilt Emrick, zinc nickel satin",https://www.rona.ca/fr/produit/levier-dentree-reliabilt-emrick-zinc-nickel-satin-tms0s00lb-81305168,https://cdn.rona.ca/images/81305168_M.jpg,chacun,54.99,41.0,13.990000000000002,25.44,"13,75 $",1.0,1 en magasin,Ramassage en magasin,Livraison
SCHLAGE,Poignée privée Accent de Schlage noir,https://www.rona.ca/fr/produit/poignee-privee-accent-de-schlage-noir-23818-12825574,https://cdn.rona.ca/images/12825574_M.jpg,chacun,54.99,41.0,13.990000000000002,25.44,"13,75 $",7.0,7 en magasin,Ramassage en magasin,Livraison
LUMIRAMA,"Suspension simple, verre bullé, fini bois, noir",https://www.rona.ca/fr/produit/suspension-simple-verre-bulle-fini-bois-noir-66905300,https://cdn.rona.ca/images/66905300_M.jpg,chacun,59.99,46.0,13.990000000000002,23.32,"13,99 $",7.0,7 en magasin,Ramassage en magasin,Livraison
PROVEN WINNERS,"Vivace assorti Proven Winners, 1 gallon",https://www.rona.ca/fr/produit/vivace-assorti-proven-winners-1-gallon-52750411-48595256,https://cdn.rona.ca/images/48595256_M.jpg,chacun,17.99,4.0,13.989999999999998,77.77,"13,49 $",10.0,10 en magasin,,
ENERGIZER,Piles haute performance rechargeables,https://www.rona.ca/fr/produit/energizer-piles-haute-performance-rechargeables-nh50bp2-0333043,https://cdn.rona.ca/images/0333043_M.jpg,chacun,23.99,10.0,13.989999999999998,58.32,"13,99 $",7.0,7 en magasin,Ramassage en magasin,Livraison
,"Plaque de finition, acier inoxydable, paquet de 10",https://www.rona.ca/fr/produit/plaque-de-finition-acier-inoxydable-paquet-de-10-08856165,https://cdn.rona.ca/images/08856165_M.jpg,chacun,27.99,14.0,13.989999999999998,49.98,"13,99 $",4.0,4 en magasin,Ramassage en magasin,Livraison
CRAFTSMAN,"Ensemble d'outils de précision CRAFTSMAN, embouts multiples, 18/pqt",https://www.rona.ca/fr/produit/ensemble-doutils-de-precision-craftsman-embouts-multiples-18-pqt-cmht68002-00276944,https://cdn.rona.ca/images/00276944_M.jpg,chacun,28.99,15.0,13.989999999999998,48.26,"13,99 $",1.0,1 en magasin,Ramassage en magasin,Livraison
DREMEL,"Meule diamantée Ultra-Saw Dremel, 50 grès, 1 par paquet, 4 po dia",https://www.rona.ca/fr/produit/meule-diamantee-ultra-saw-dremel-50-gres-1-par-paquet-4-po-dia-us410-01-19835911,https://cdn.rona.ca/images/19835911_M.jpg,chacun,28.99,15.0,13.989999999999998,48.26,"13,99 $",1.0,1 en magasin,Ramassage en magasin,Livraison
WIHA,"Ensemble de 8 embouts de tournevis à chocs aimantés TerminatorBlue de Wiha, 1 po, acier inoxydable",https://www.rona.ca/fr/produit/ensemble-de-8-embouts-de-tournevis-a-chocs-aimantes-terminatorblue-de-wiha-1-po-acier-inoxydable-70098-98325029,https://cdn.rona.ca/images/98325029_M.jpg,,18.79,5.0,13.79,73.39,"13,79 $",9.0,9 en magasin,Ramassage en magasin,Livraison
WIHA,"Ensemble d'embouts de tournevis à chocs TerminatorBlue 2 po de Wiha, alliage d'acier, 7 pièces",https://www.rona.ca/fr/produit/ensemble-dembouts-de-tournevis-a-chocs-terminatorblue-2-po-de-wiha-alliage-dacier-7-pieces-70298-98325030,https://cdn.rona.ca/images/98325030_M.jpg,,18.79,5.0,13.79,73.39,"13,79 $",1.0,1 en magasin,Ramassage en magasin,Livraison
SMARTPOND,Ampoule ultra-violette de remplacement Smartpond 7 W,https://www.rona.ca/fr/produit/ampoule-ultra-violette-de-remplacement-smartpond-7-w-70782-30195052,https://cdn.rona.ca/images/30195052_M.jpg,chacun,33.49,20.0,13.490000000000002,40.28,"13,40 $",6.0,6 en magasin,Ramassage en magasin,Livraison
PROUD GRILL,"Recharge pour trousse Q-Swiper Steam-Clean de Proud Grill, 2 lingettes",https://www.rona.ca/fr/produit/recharge-pour-trousse-q-swiper-steam-clean-de-proud-grill-2-lingettes-2020c-61525003,https://cdn.rona.ca/images/61525003_M.jpg,chacun,16.49,3.0,13.489999999999998,81.81,"13,49 $",1.0,1 en magasin,Ramassage en magasin,Livraison
PORTFOLIO,Batteries solaires de rechange au lithium-fer-phosphate rechargeables Portfolio paquet de 2,https://www.rona.ca/fr/produit/batteries-solaires-de-rechange-au-lithium-fer-phosphate-rechargeables-portfolio-paquet-de-2-0335638-16055010,https://cdn.rona.ca/images/16055010_M.jpg,chacun,17.49,4.0,13.489999999999998,77.13,"12,50 $",6.0,6 en magasin,Ramassage en magasin,Livraison
JOHN DEERE,Filtre à huile pour tondeuse à gazon poussée John Deere 190 cc,https://www.rona.ca/fr/produit/filtre-a-huile-pour-tondeuse-a-gazon-poussee-john-deere-190-cc-mia11787-30735990,https://cdn.rona.ca/images/30735990_M.jpg,chacun,22.49,9.0,13.489999999999998,59.98,"13,49 $",3.0,3 en magasin,Ramassage en magasin,Livraison
KOBALT,Barre de remplacement pour scie à chaîne 8 po,https://www.rona.ca/fr/produit/kobalt-barre-de-remplacement-pour-scie-a-chaine-8-po-45595092,https://cdn.rona.ca/images/45595092_M.jpg,chacun,24.49,11.0,13.489999999999998,55.08,"12,50 $",2.0,2 en magasin,Ramassage en magasin,Livraison
KOBALT,"Bobines de fil double pour coupe-bordures Kobalt en plastique bleu 0,065 po x 19 pi, 3/pqt",https://www.rona.ca/fr/produit/bobines-de-fil-double-pour-coupe-bordures-kobalt-en-plastique-bleu-0-065-po-x-19-pi-3-pqt-45595117,https://cdn.rona.ca/images/45595117_M.jpg,chacun,24.49,11.0,13.489999999999998,55.08,"12,50 $",8.0,8 en magasin,Ramassage en magasin,Livraison
KAYCAN,"Revêtement vertical D-5 de Kaycan, vinyle au fini kaki, 10 pi de long x 10 po de large",https://www.rona.ca/fr/produit/revetement-vertical-d-5-de-kaycan-vinyle-au-fini-kaki-10-pi-de-long-x-10-po-de-large-023595-55395669,https://cdn.rona.ca/images/55395669_M.jpg,chacun,25.49,12.0,13.489999999999998,52.92,"12,74 $",4.0,4 en magasin,Ramassage en magasin,Livraison
KAYCAN,Cuvette de descente pluviale pour gouttière U-Snap Kaycan en vinyle blanc,https://www.rona.ca/fr/produit/cuvette-de-descente-pluviale-pour-gouttiere-u-snap-kaycan-en-vinyle-blanc-u11721-55395867,https://cdn.rona.ca/images/55395867_M.jpg,chacun,26.49,13.0,13.489999999999998,50.92,"12,99 $",11.0,11 en magasin,Ramassage en magasin,Livraison
JOHN DEERE,Filtre à air en papier John Deere moteur 17 HP 4 temps,https://www.rona.ca/fr/produit/filtre-a-air-en-papier-john-deere-moteur-17-hp-4-temps-gy20573-30735952,https://cdn.rona.ca/images/30735952_M.jpg,chacun,26.49,13.0,13.489999999999998,50.92,"13,24 $",5.0,5 en magasin,Ramassage en magasin,Livraison
COLONIAL ELEGANCE,"Connecteur pour 2 rails «Loft», 2'' x 1'', acier inoxydable",https://www.rona.ca/fr/produit/connecteur-pour-2-rails-loft-2-x-1-acier-inoxydable-08856198,https://cdn.rona.ca/images/08856198_M.jpg,chacun,26.49,13.0,13.489999999999998,50.92,"13,24 $",5.0,5 en magasin,Ramassage en magasin,Livraison
SYNLAWN,"Tissu de couture pour gazon artificiel SYNLawn 12 po x 20 pi, blanc",https://www.rona.ca/fr/produit/tissu-de-couture-pour-gazon-artificiel-synlawn-12-po-x-20-pi-blanc-55405000,https://cdn.rona.ca/images/55405000_M.jpg,chacun,28.49,15.0,13.489999999999998,47.35,13 $,8.0,8 en magasin,Ramassage en magasin,Livraison
WOLFCRAFT,"Brosse Wolfcraft, 80 grès, 1 par paquet, 3 po dia",https://www.rona.ca/fr/produit/brosse-wolfcraft-80-gres-1-par-paquet-3-po-dia-2034-1137176,https://cdn.rona.ca/images/1137176_M.jpg,chacun,28.39,15.0,13.39,47.16,"13,39 $",2.0,2 en magasin,Ramassage en magasin,Livraison
ORBIT,"Boyau d'arrosage Orbit robuste en vinyle de 50 pi x 5/8 po, 400 lb/po²",https://www.rona.ca/fr/produit/boyau-darrosage-orbit-robuste-en-vinyle-de-50-pi-x-5-8-po-400-lb-po2-91959-38095367,https://cdn.rona.ca/images/38095367_M.jpg,chacun,39.99,27.0,12.990000000000002,32.48,12 $,18.0,18 en magasin,Ramassage en magasin,Livraison
DURACLIC,"Nez de marche Mono Serra, 2,25 po x 96 po, chêne blanc Vanity",https://www.rona.ca/fr/produit/duraclic-nez-de-marche-mono-serra-2-25-po-x-96-po-chene-blanc-vanity-10029-32225087,https://cdn.rona.ca/images/32225087_M.jpg,chacun,39.99,27.0,12.990000000000002,32.48,12 $,3.0,3 en magasin,Ramassage en magasin,Livraison
C-I-L,"Engrais pour pelouse C-I-L, 9-0-0, 1000 pi², 19,8 lb",https://www.rona.ca/fr/produit/engrais-pour-pelouse-c-i-l-9-0-0-1000-pi2-19-8-lb-2305451-85665101,https://cdn.rona.ca/images/85665101_M.jpg,chacun,40.99,28.0,12.990000000000002,31.69,"12,30 $",4.0,4 en magasin,Ramassage en magasin,Livraison
CRAFTSMAN,"Chaîne pour scie à chaîne CRAFTSMAN, M78 20 po",https://www.rona.ca/fr/produit/chaine-pour-scie-a-chaine-craftsman-m78-20-po-cmxgzam700118-41537733,https://cdn.rona.ca/images/41537733_M.jpg,chacun,42.99,30.0,12.990000000000002,30.22,"12,90 $",7.0,7 en magasin,Ramassage en magasin,Livraison
EATON,Boîtier cache-prise étanche EATON,https://www.rona.ca/fr/produit/boitier-cache-prise-etanche-eaton-wiuxtwrsgf15w-fl-04806092,https://cdn.rona.ca/images/04806092_M.jpg,chacun,48.99,36.0,12.990000000000002,26.52,"12,25 $",4.0,4 en magasin,Ramassage en magasin,Livraison
WEISER,"Bec-de-cane de passage Weiser Perth pour porte de couloir ou garde-robe, noir mat",https://www.rona.ca/fr/produit/bec-de-cane-de-passage-weiser-perth-pour-porte-de-couloir-ou-garde-robe-noir-mat-9gla1010-164-09656242,https://cdn.rona.ca/images/09656242_M.jpg,chacun,48.99,36.0,12.990000000000002,26.52,"12,25 $",7.0,7 en magasin,Ramassage en magasin,Livraison
SCHLAGE,Poignée à levier verrouillable Sacramento,https://www.rona.ca/fr/produit/poignee-a-levier-verrouillable-sacramento-12825476,https://cdn.rona.ca/images/12825476_M.jpg,chacun,48.99,36.0,12.990000000000002,26.52,"12,25 $",9.0,9 en magasin,Ramassage en magasin,Livraison
WEISER,"Poignée de passage Weiser Toluca pour porte de couloir ou garde-robe, noir mat",https://www.rona.ca/fr/produit/poignee-de-passage-weiser-toluca-pour-porte-de-couloir-ou-garde-robe-noir-mat-9gla1010-118-09656109,https://cdn.rona.ca/images/09656109_M.jpg,chacun,49.99,37.0,12.990000000000002,25.99,"12,50 $",4.0,4 en magasin,Ramassage en magasin,Livraison
RELIABILT,Levier d'entrée à clé Hydre de Reliabilt fini noir mat,https://www.rona.ca/fr/produit/levier-dentree-a-cle-hydre-de-reliabilt-fini-noir-mat-tq14900lb-81305197,https://cdn.rona.ca/images/81305197_M.jpg,chacun,49.99,37.0,12.990000000000002,25.99,"12,50 $",11.0,11 en magasin,Ramassage en magasin,Livraison
SCHLAGE,Poignée de porte de passage « Accent »,https://www.rona.ca/fr/produit/schlage-poignee-de-porte-de-passage-accent-47387-1282150,https://cdn.rona.ca/images/1282150_M.jpg,chacun,49.99,37.0,12.990000000000002,25.99,"12,50 $",7.0,7 en magasin,Ramassage en magasin,Livraison
SCHLAGE,Poignée de passage Accent de Schlage noir,https://www.rona.ca/fr/produit/poignee-de-passage-accent-de-schlage-noir-23708-12825573,https://cdn.rona.ca/images/12825573_M.jpg,chacun,49.99,37.0,12.990000000000002,25.99,"12,50 $",1.0,1 en magasin,Ramassage en magasin,Livraison
WEISER,"Bec-de-cane verrouillable Weiser Belmont pour porte de chambre ou salle de bain, chrome satiné",https://www.rona.ca/fr/produit/bec-de-cane-verrouillable-weiser-belmont-pour-porte-de-chambre-ou-salle-de-bain-chrome-satine-glc331blm26d-09655717,https://cdn.rona.ca/images/09655717_M.jpg,chacun,49.99,37.0,12.990000000000002,25.99,"12,50 $",4.0,4 en magasin,Ramassage en magasin,Livraison
WEISER,"Bec-de-cane de passage Weiser Prague pour porte de couloir ou garde-robe, nickel satiné",https://www.rona.ca/fr/produit/bec-de-cane-de-passage-weiser-prague-pour-porte-de-couloir-ou-garde-robe-nickel-satine-9gla1010-137-09656182,https://cdn.rona.ca/images/09656182_M.jpg,chacun,49.99,37.0,12.990000000000002,25.99,"12,50 $",4.0,4 en magasin,Ramassage en magasin,Livraison
HOMEFRONT BY SCHLAGE,Poignée d'entrée à clé Ashburn de Home Front noir mat,https://www.rona.ca/fr/produit/homefront-by-schlage-poignee-dentree-a-cle-ashburn-de-home-front-noir-mat-183012-12825592,https://cdn.rona.ca/images/12825592_M.jpg,chacun,49.99,37.0,12.990000000000002,25.99,"12,50 $",1.0,1 en magasin,Ramassage en magasin,Livraison
HONEYWELL HOME,Capteur de pièce intelligent blanc Honeywell Home,https://www.rona.ca/fr/produit/capteur-de-piece-intelligent-blanc-honeywell-home-rchtsensor-1pk-e-05225152,https://cdn.rona.ca/images/05225152_M.jpg,chacun,62.99,50.0,12.990000000000002,20.62,"12,99 $",4.0,4 en magasin,Ramassage en magasin,Livraison
DREMEL,Guide de coupe « Saw-Max(MC) »,https://www.rona.ca/fr/produit/guide-de-coupe-saw-maxmc-19835902,https://cdn.rona.ca/images/19835902_M.jpg,chacun,14.99,2.0,12.99,86.66,"12,99 $",2.0,2 en magasin,Ramassage en magasin,Livraison
,Vivaces assorties,https://www.rona.ca/fr/produit/vivaces-assorties-42895004,https://cdn.rona.ca/images/42895004_M.jpg,chacun,16.99,4.0,12.989999999999998,76.46,"12,74 $",17.0,17 en magasin,,
CERTAINTEED,Moulure à échelon,https://www.rona.ca/fr/produit/certainteed-moulure-a-echelon-095610-0993060,https://cdn.rona.ca/images/0993060_M.jpg,chacun,16.99,4.0,12.989999999999998,76.46,"12,34 $",32.0,32 en magasin,Ramassage en magasin,Livraison
BOUCLAIR,"Plante artificielle en pot de céramique beige par Bouclair, 4,7 po",https://www.rona.ca/fr/produit/plante-artificielle-en-pot-de-ceramique-beige-par-bouclair-4-7-po-9405727-50325098,https://cdn.rona.ca/images/50325098_M.jpg,chacun,24.99,12.0,12.989999999999998,51.98,"12,49 $",16.0,16 en magasin,Ramassage en magasin,Livraison
IMPERIAL,"Grille d'aération pour plinthe Imperial, acier de couleur blanche, 30 po de large x 6 po de haut",https://www.rona.ca/fr/produit/grille-daeration-pour-plinthe-imperial-acier-de-couleur-blanche-30-po-de-large-x-6-po-de-haut-rg0095-c-1152018,https://cdn.rona.ca/images/1152018_M.jpg,chacun,25.99,13.0,12.989999999999998,49.98,"12,99 $",21.0,21 en magasin,Ramassage en magasin,Livraison
IMPERIAL,"Grille d'aération murale Imperial, acier au fini d'étain, 14 po de large x 6 po de haut x 3/16 po d'épais",https://www.rona.ca/fr/produit/grille-daeration-murale-imperial-acier-au-fini-detain-14-po-de-large-x-6-po-de-haut-x-3-16-po-depais-rg2050-1224460,https://cdn.rona.ca/images/1224460_M.jpg,chacun,25.99,13.0,12.989999999999998,49.98,"12,99 $",7.0,7 en magasin,Ramassage en magasin,Livraison
COLONIAL ELEGANCE,"Barreau d'escalier carré par Colonial Elegance en acier inoxydable noir mat, 41 po x 1/2 po",https://www.rona.ca/fr/produit/barreau-descalier-carre-par-colonial-elegance-en-acier-inoxydable-noir-mat-41-po-x-1-2-po-sss10040-bl-08856242,https://cdn.rona.ca/images/08856242_M.jpg,chacun,25.99,13.0,12.989999999999998,49.98,"12,99 $",6.0,6 en magasin,Ramassage en magasin,Livraison
CHAR-BROIL,"Raccord rapide pour gaz naturel Char-Broil, 3/8 po",https://www.rona.ca/fr/produit/raccord-rapide-pour-gaz-naturel-char-broil-3-8-po-8725621p06-07325039,https://cdn.rona.ca/images/07325039_M.jpg,chacun,27.99,15.0,12.989999999999998,46.41,"12,99 $",9.0,9 en magasin,Ramassage en magasin,Livraison
MULTINAUTIC,"Pare-battage pour bateau « Multinautic », 20 x 5 po",https://www.rona.ca/fr/produit/pare-battage-pour-bateau-multinautic-20-x-5-po-35007-7061004,https://cdn.rona.ca/images/7061004_M.jpg,chacun,29.99,17.0,12.989999999999998,43.31,12 $,2.0,2 en magasin,Ramassage en magasin,Livraison
BAZZ,"Applique murale d'extérieur Bazz à intensité variable DEL acier inoxydable 13,25 po x 3 po",https://www.rona.ca/fr/produit/applique-murale-dexterieur-bazz-a-intensite-variable-del-acier-inoxydable-13-25-po-x-3-po-w16639ss-33785415,https://cdn.rona.ca/images/33785415_M.jpg,chacun,77.99,65.0,12.989999999999995,16.66,"12,99 $",6.0,6 en magasin,Ramassage en magasin,Livraison
PROJECT SOURCE,"Duo de plafonniers Project Source, abat-jour en verre dépoli et boîtier nickel, modulable",https://www.rona.ca/fr/produit/duo-de-plafonniers-project-source-abat-jour-en-verre-depoli-et-boitier-nickel-modulable-21401-43105001,https://cdn.rona.ca/images/43105001_M.jpg,chacun,92.99,80.0,12.989999999999995,13.97,"12,99 $",3.0,3 en magasin,Ramassage en magasin,Livraison
ENERGIZER,Piles haute performance « Energizer e2 »,https://www.rona.ca/fr/produit/piles-haute-performance-energizer-e2-l92bp-2-0333233,https://cdn.rona.ca/images/0333233_M.jpg,chacun,19.79,7.0,12.79,64.63,"12,79 $",20.0,20 en magasin,Ramassage en magasin,Livraison
MOEN,Porte-serviettes double chromé Preston par MOEN de 24 po,https://www.rona.ca/fr/produit/porte-serviettes-double-chrome-preston-par-moen-de-24-po-dn8422ch-8131311,https://cdn.rona.ca/images/8131311_M.jpg,chacun,57.49,45.0,12.490000000000002,21.73,"11,50 $",1.0,1 en magasin,Ramassage en magasin,Livraison
GRILLPRO,Tube à granules Onward pour le barbecue avec brosse de nettoyage.,https://www.rona.ca/fr/produit/grillpro-tube-a-granules-onward-pour-le-barbecue-avec-brosse-de-nettoyage-00181-35056209,https://cdn.rona.ca/images/35056209_M.jpg,chacun,17.49,5.0,12.489999999999998,71.41,"12,49 $",11.0,11 en magasin,Ramassage en magasin,Livraison
CHAR-BROIL,"Allumage Piezo Char-Broil, double étincelle pour barbecue",https://www.rona.ca/fr/produit/allumage-piezo-char-broil-double-etincelle-pour-barbecue-1666551p06-07325061,https://cdn.rona.ca/images/07325061_M.jpg,chacun,18.49,6.0,12.489999999999998,67.55,"11,50 $",10.0,10 en magasin,Ramassage en magasin,Livraison
PRECISION,"Vis à plancher à tête plate de Precision, empreinte carrée, paquet de 5 lb, no 8 x 4 po",https://www.rona.ca/fr/produit/vis-a-plancher-a-tete-plate-de-precision-empreinte-carree-paquet-de-5-lb-no-8-x-4-po-514-919-63868983,https://cdn.rona.ca/images/63868983_M.jpg,boite,47.29,35.0,12.29,25.99,"11,82 $",2.0,2 en magasin,Ramassage en magasin,Livraison
ONWARD,"Judas grand-angle Onward, 3/15 po dia. x 1 3/4 po L., chromé, pour portes en bois et en métal",https://www.rona.ca/fr/produit/judas-grand-angle-onward-3-15-po-dia-x-1-3-4-po-l-chrome-pour-portes-en-bois-et-en-metal-105cr-35055224,https://cdn.rona.ca/images/35055224_M.jpg,chacun,17.19,5.0,12.190000000000001,70.91,"12,08 $",4.0,4 en magasin,Ramassage en magasin,Livraison
LUTRON,Gradateur Lutron Diva pour DEL/halogènes/incandescentes à intensité variable SP 3 voies amande,https://www.rona.ca/fr/produit/gradateur-lutron-diva-pour-del-halogenes-incandescentes-a-intensite-variable-sp-3-voies-amande-dvwcl-153ph-lac-32017710,https://cdn.rona.ca/images/32017710_M.jpg,chacun,38.99,27.0,11.990000000000002,30.75,"11,99 $",3.0,3 en magasin,Ramassage en magasin,Livraison
SCHLAGE,Poignée à levier non verrouillable Sacramento,https://www.rona.ca/fr/produit/poignee-a-levier-non-verrouillable-sacramento-12825475,https://cdn.rona.ca/images/12825475_M.jpg,chacun,43.99,32.0,11.990000000000002,27.26,11 $,8.0,8 en magasin,Ramassage en magasin,Livraison
WEISER,"Bec-de-cane de passage Weiser Belmont pour porte de couloir ou garde-robe, chrome satiné",https://www.rona.ca/fr/produit/bec-de-cane-de-passage-weiser-belmont-pour-porte-de-couloir-ou-garde-robe-chrome-satine-glc101blm26d-09655716,https://cdn.rona.ca/images/09655716_M.jpg,chacun,44.99,33.0,11.990000000000002,26.65,"11,25 $",3.0,3 en magasin,Ramassage en magasin,Livraison
WEISER,"Poignée verrouillable Weiser Prague pour porte de chambre ou salle de bain, noir mat",https://www.rona.ca/fr/produit/poignee-verrouillable-weiser-prague-pour-porte-de-chambre-ou-salle-de-bain-noir-mat-9ga3310-157-09656215,https://cdn.rona.ca/images/09656215_M.jpg,chacun,45.99,34.0,11.990000000000002,26.07,"11,50 $",1.0,1 en magasin,Ramassage en magasin,Livraison
WEISER,"Poignée verrouillable Weiser Troy pour porte de chambre ou salle de bain, nickel satiné",https://www.rona.ca/fr/produit/poignee-verrouillable-weiser-troy-pour-porte-de-chambre-ou-salle-de-bain-nickel-satine-9ga3310-156-09656212,https://cdn.rona.ca/images/09656212_M.jpg,chacun,45.99,34.0,11.990000000000002,26.07,"11,50 $",5.0,5 en magasin,Ramassage en magasin,Livraison
MOEN,Barre à serviettes noir mat de 18 po Iso par MOEN,https://www.rona.ca/fr/produit/barre-a-serviettes-noir-mat-de-18-po-iso-par-moen-dn0718bl-15025898,https://cdn.rona.ca/images/15025898_M.jpg,chacun,55.99,44.0,11.990000000000002,21.41,"11,20 $",3.0,3 en magasin,Ramassage en magasin,Livraison
MOEN,Double porte-serviettes nickel brossé Boardwalk par MOEN de 24 po,https://www.rona.ca/fr/produit/double-porte-serviettes-nickel-brosse-boardwalk-par-moen-de-24-po-y3222bn-15025571,https://cdn.rona.ca/images/15025571_M.jpg,chacun,58.99,47.0,11.990000000000002,20.33,"11,80 $",1.0,1 en magasin,Ramassage en magasin,Livraison
MOEN,Barre à serviettes chromée de 24 po Boardwalk par MOEN,https://www.rona.ca/fr/produit/barre-a-serviettes-chromee-de-24-po-boardwalk-par-moen-y3224bn-15025373,https://cdn.rona.ca/images/15025373_M.jpg,chacun,58.99,47.0,11.990000000000002,20.33,"11,80 $",4.0,4 en magasin,Ramassage en magasin,Livraison
VERRY BERRY,"Plant de framboises Very Berry Devry Greenhouse, 1 gal",https://www.rona.ca/fr/produit/verry-berry-plant-de-framboises-very-berry-devry-greenhouse-1-gal-vb1ras-54615575,https://cdn.rona.ca/images/54615575_M.jpg,chacun,15.99,4.0,11.99,74.98,"11,99 $",8.0,8 en magasin,,
,Lilas assorti 5 pi h. dans un pot de 1 gallon,https://www.rona.ca/fr/produit/lilas-assorti-5-pi-h-dans-un-pot-de-1-gallon-2syass0001-14905312,https://cdn.rona.ca/images/14905312_M.jpg,chacun,15.99,4.0,11.99,74.98,"11,99 $",3.0,3 en magasin,,
RUST-OLEUM,"Peinture Rust-Oleum(MD) en aérosol, spécialité ciment, 312 g",https://www.rona.ca/fr/produit/peinture-rust-oleummd-en-aerosol-specialite-ciment-312-g-336056-03306235,https://cdn.rona.ca/images/03306235_M.jpg,chacun,22.99,11.0,11.989999999999998,52.15,"11,49 $",1.0,1 en magasin,Ramassage en magasin,Livraison
RUST-OLEUM,"Peinture métallique antirouille à pulvériser Rust-Oleum, mauve , à base d'huile, 312 g",https://www.rona.ca/fr/produit/peinture-metallique-antirouille-a-pulveriser-rust-oleum-mauve-a-base-dhuile-312-g-242695-03305444,https://cdn.rona.ca/images/03305444_M.jpg,chacun,22.99,11.0,11.989999999999998,52.15,"11,49 $",10.0,10 en magasin,Ramassage en magasin,Livraison
KAYCAN,"Panneau de soffite ventilé Kaycan, vinyle de couleur blanche, 12 pi de long x 16 po de large",https://www.rona.ca/fr/produit/panneau-de-soffite-ventile-kaycan-vinyle-de-couleur-blanche-12-pi-de-long-x-16-po-de-large-061701-55395050,https://cdn.rona.ca/images/55395050_M.jpg,chacun,23.99,12.0,11.989999999999998,49.98,"11,99 $",5.0,5 en magasin,Ramassage en magasin,Livraison
YORK WALLCOVERINGS,"Décoration murale autocollante RoomMates, tuiles avec cercles entrelacés, 34,9 po x 16,9 po, gris, 2 pièces",https://www.rona.ca/fr/produit/york-wallcoverings-decoration-murale-autocollante-roommates-tuiles-avec-cercles-entrelaces-34-9-po-x-16-9-po-gris-2-pieces-rmk4652gm-11835292,https://cdn.rona.ca/images/11835292_M.jpg,chacun,24.99,13.0,11.989999999999998,47.98,"11,49 $",1.0,1 en magasin,Ramassage en magasin,Livraison
MULTINAUTIC,"Taquet d'amarrage « escamotable » en aluminium blanc, 6""",https://www.rona.ca/fr/produit/taquet-damarrage-escamotable-en-aluminium-blanc-6-70615093,https://cdn.rona.ca/images/70615093_M.jpg,chacun,27.99,16.0,11.989999999999998,42.84,"11,20 $",1.0,1 en magasin,Ramassage en magasin,Livraison
GE,"Ampoule de remplacement LED PAR38 GE 90W, à variation de couleur, projecteur d'extérieur (paquet de 1 unité)",https://www.rona.ca/fr/produit/ampoule-de-remplacement-led-par38-ge-90w-a-variation-de-couleur-projecteur-dexterieur-paquet-de-1-unite-93128872-41537520,https://cdn.rona.ca/images/41537520_M.jpg,chacun,28.99,17.0,11.989999999999998,41.36,"11,60 $",1.0,1 en magasin,Ramassage en magasin,Livraison
GLOBE ELECTRIC,"Applique murale Belmont 2 en 1 de Globe Electric, forme de sablier, noir et or",https://www.rona.ca/fr/produit/applique-murale-belmont-2-en-1-de-globe-electric-forme-de-sablier-noir-et-or-51665-00795874,https://cdn.rona.ca/images/00795874_M.jpg,chacun,76.99,65.0,11.989999999999995,15.57,"11,99 $",4.0,4 en magasin,Ramassage en magasin,Livraison
FEIT ELECTRIC,Lampe de croissance pour plantes Feit Electric DEL 17 po,https://www.rona.ca/fr/produit/lampe-de-croissance-pour-plantes-feit-electric-del-17-po-31925418,https://cdn.rona.ca/images/31925418_M.jpg,chacun,91.99,80.0,11.989999999999995,13.03,"11,99 $",8.0,8 en magasin,Ramassage en magasin,Livraison
KAYCAN,"Revêtement extérieur D4D Avanti série Timberlake de Kaycan, vinyle couleur moka, 12 1/2 pi L. x 8 po l.",https://www.rona.ca/fr/produit/revetement-exterieur-d4d-avanti-serie-timberlake-de-kaycan-vinyle-couleur-moka-12-1-2-pi-l-x-8-po-l-006368-55395089,https://cdn.rona.ca/images/55395089_M.jpg,chacun,21.49,10.0,11.489999999999998,53.47,"10,74 $",7.0,7 en magasin,Ramassage en magasin,Livraison
KAYCAN,"Revêtement D4D Avanti série Timberlake de Kaycan, vinyle de couleur ivoire, 12 1/2 pi L. x 8 po l.",https://www.rona.ca/fr/produit/revetement-d4d-avanti-serie-timberlake-de-kaycan-vinyle-de-couleur-ivoire-12-1-2-pi-l-x-8-po-l-006308-55395010,https://cdn.rona.ca/images/55395010_M.jpg,chacun,21.49,10.0,11.489999999999998,53.47,"10,74 $",137.0,137 en magasin,Ramassage en magasin,Livraison
RUST-OLEUM,"Peinture en aérosol crayeuse Rust-Oleum, brun mat (340 g)",https://www.rona.ca/fr/produit/peinture-en-aerosol-crayeuse-rust-oleum-brun-mat-340-g-335846-03306322,https://cdn.rona.ca/images/03306322_M.jpg,chacun,21.49,10.0,11.489999999999998,53.47,"10,74 $",7.0,7 en magasin,Ramassage en magasin,Livraison
DURACELL,"Piles alcalines Duracell AAA Optimum 1,5V paquet de 12 cuivre",https://www.rona.ca/fr/produit/piles-alcalines-duracell-aaa-optimum-1-5v-paquet-de-12-cuivre-5012042-21095022,https://cdn.rona.ca/images/21095022_M.jpg,chacun,26.49,15.0,11.489999999999998,43.37,"11,49 $",3.0,3 en magasin,Ramassage en magasin,Livraison
GENERAL,"Compas à crayon General(MD), capacité de 8 pi",https://www.rona.ca/fr/produit/compas-a-crayon-generalmd-capacite-de-8-pi-842-0191025,https://cdn.rona.ca/images/0191025_M.jpg,chaque,18.19,7.0,11.190000000000001,61.52,"10,69 $",3.0,3 en magasin,Ramassage en magasin,Livraison
,QUART DE ROND EN PIN JOINTÉ,https://www.rona.ca/fr/produit/quart-de-rond-en-pin-jointe-mp21332-09566384,https://cdn.rona.ca/images/09566384_M.jpg,chacun,14.19,3.0,11.19,78.86,"10,64 $",6.0,6 en magasin,Ramassage en magasin,Livraison
GILMOUR,"Vanne d'arrêt à 4 voies, laiton massif, robuste",https://www.rona.ca/fr/produit/gilmour-vanne-darret-a-4-voies-laiton-massif-robuste-871404-5001-20245090,https://cdn.rona.ca/images/20245090_M.jpg,chacun,34.99,24.0,10.990000000000002,31.41,"10,50 $",8.0,8 en magasin,Ramassage en magasin,Livraison
HARBOR BREEZE,"Cordon lumineux DEL blanc chaud Harbor Breeze 16,4 pi",https://www.rona.ca/fr/produit/cordon-lumineux-del-blanc-chaud-harbor-breeze-16-4-pi-jlw57332fob-18106030,https://cdn.rona.ca/images/18106030_M.jpg,chacun,34.99,24.0,10.990000000000002,31.41,10 $,1.0,1 en magasin,Ramassage en magasin,Livraison
CLOSETMAID,"Dessus de tiroir en résine ClosetMaid, blanc, 22 po L. x 19 po l. x 1 po H., pour paniers de 17 po",https://www.rona.ca/fr/produit/dessus-de-tiroir-en-resine-closetmaid-blanc-22-po-l-x-19-po-l-x-1-po-h-pour-paniers-de-17-po-622500-36485239,https://cdn.rona.ca/images/36485239_M.jpg,chacun,34.99,24.0,10.990000000000002,31.41,"10,50 $",1.0,1 en magasin,Ramassage en magasin,Livraison
SHUR-TRIM,"Bordure égalisatrice pour plancher Shur-Trim, bois de chêne, teinte naturelle",https://www.rona.ca/fr/produit/bordure-egalisatrice-pour-plancher-shur-trim-bois-de-chene-teinte-naturelle-fw3840nat06-0097071,https://cdn.rona.ca/images/0097071_M.jpg,chacun,35.99,25.0,10.990000000000002,30.54,"10,80 $",3.0,3 en magasin,Ramassage en magasin,Livraison
EATON,"Prise de courant Eaton de 20A avec plaque murale incluse, protection DDFT, blanc (1/pqt)",https://www.rona.ca/fr/produit/prise-de-courant-eaton-de-20a-avec-plaque-murale-incluse-protection-ddft-blanc-1-pqt-sgfd20w-l-04806040,https://cdn.rona.ca/images/04806040_M.jpg,chacun,39.99,29.0,10.990000000000002,27.48,10 $,1.0,1 en magasin,Ramassage en magasin,Livraison
HOMEFRONT BY SCHLAGE,Poignée privée courbée Ashburn de Home Front nickel satiné,https://www.rona.ca/fr/produit/homefront-by-schlage-poignee-privee-courbee-ashburn-de-home-front-nickel-satine-183006-12825587,https://cdn.rona.ca/images/12825587_M.jpg,chacun,39.99,29.0,10.990000000000002,27.48,10 $,1.0,1 en magasin,Ramassage en magasin,Livraison
WEISER,"Poignée de passage Weiser Prague pour porte de couloir ou garde-robe, nickel satiné",https://www.rona.ca/fr/produit/poignee-de-passage-weiser-prague-pour-porte-de-couloir-ou-garde-robe-nickel-satine-9ga1010-153-09656211,https://cdn.rona.ca/images/09656211_M.jpg,chacun,41.99,31.0,10.990000000000002,26.17,"10,50 $",10.0,10 en magasin,Ramassage en magasin,Livraison
MASTER PLUMBER,"Cartouche de laiton Master Plumber, 1/2"", chaud",https://www.rona.ca/fr/produit/cartouche-de-laiton-master-plumber-1-2-chaud-kh-2-67845643,https://cdn.rona.ca/images/67845643_M.jpg,chacun,49.99,39.0,10.990000000000002,21.98,10 $,15.0,15 en magasin,Ramassage en magasin,Livraison
MASTER PLUMBER,"Cartouche de laiton Master Plumber, 1/2"", froid",https://www.rona.ca/fr/produit/cartouche-de-laiton-master-plumber-1-2-froid-kh-1-67845642,https://cdn.rona.ca/images/67845642_M.jpg,chacun,49.99,39.0,10.990000000000002,21.98,10 $,11.0,11 en magasin,Ramassage en magasin,Livraison
MOEN,Barre à serviettes simple nickel brossé de 18 po Lindor par MOEN,https://www.rona.ca/fr/produit/barre-a-serviettes-simple-nickel-brosse-de-18-po-lindor-par-moen-my8718bn-15025834,https://cdn.rona.ca/images/15025834_M.jpg,chacun,50.99,40.0,10.990000000000002,21.55,"10,20 $",2.0,2 en magasin,Ramassage en magasin,Livraison
,"Cordon d'alimentation électrique pour cuisinière de 5 pi, 40 A 125/250 V",https://www.rona.ca/fr/produit/cordon-dalimentation-electrique-pour-cuisiniere-de-5-pi-40-a-125-250-v-544094-0238113,https://cdn.rona.ca/images/0238113_M.jpg,chaque,52.99,42.0,10.990000000000002,20.74,"10,60 $",4.0,4 en magasin,Ramassage en magasin,Livraison
MOEN,Barre à serviettes nickel brossé de 18 po Boardwalk MOEN,https://www.rona.ca/fr/produit/barre-a-serviettes-nickel-brosse-de-18-po-boardwalk-moen-y3218bn-15025366,https://cdn.rona.ca/images/15025366_M.jpg,chacun,53.99,43.0,10.990000000000002,20.36,"10,80 $",5.0,5 en magasin,Ramassage en magasin,Livraison
MOEN,Barre à serviettes simple nickel brossé Lindor par MOEN de 24 po,https://www.rona.ca/fr/produit/barre-a-serviettes-simple-nickel-brosse-lindor-par-moen-de-24-po-my8724bn-15025922,https://cdn.rona.ca/images/15025922_M.jpg,chacun,53.99,43.0,10.990000000000002,20.36,"10,80 $",2.0,2 en magasin,Ramassage en magasin,Livraison
EATON,Eaton 15A WI-FI Smart Switch Blanc Nouveau,https://www.rona.ca/fr/produit/eaton-15a-wi-fi-smart-switch-blanc-nouveau-04806050,https://cdn.rona.ca/images/04806050_M.jpg,chacun,54.99,44.0,10.990000000000002,19.99,10 $,9.0,9 en magasin,Ramassage en magasin,Livraison
,"Collection de vivaces assorties, 17 cm",https://www.rona.ca/fr/produit/collection-de-vivaces-assorties-17-cm-42895070,https://cdn.rona.ca/images/42895070_M.jpg,chacun,13.99,3.0,10.99,78.56,"10,49 $",21.0,21 en magasin,,
UBERHAUS,"Lumières solaires sur branches, 60 lumières DEL, 32""",https://www.rona.ca/fr/produit/lumieres-solaires-sur-branches-60-lumieres-del-32-12195054,https://cdn.rona.ca/images/12195054_M.jpg,chacun,19.99,9.0,10.989999999999998,54.98,10 $,20.0,20 en magasin,Ramassage en magasin,Livraison
YORK WALLCOVERINGS,Appliqué mural autocollant «Singes Matinaux»,https://www.rona.ca/fr/produit/applique-mural-autocollant-singes-matinaux-11835048,https://cdn.rona.ca/images/11835048_M.jpg,chacun,19.99,9.0,10.989999999999998,54.98,"10,99 $",1.0,1 en magasin,Ramassage en magasin,Livraison
KAYCAN,"Garniture d'angle externe Kaycan, ivoire, en vinyle, 10 pi de long x 3 po de large",https://www.rona.ca/fr/produit/garniture-dangle-externe-kaycan-ivoire-en-vinyle-10-pi-de-long-x-3-po-de-large-110508-55395044,https://cdn.rona.ca/images/55395044_M.jpg,chacun,21.99,11.0,10.989999999999998,49.98,"10,99 $",2.0,2 en magasin,Ramassage en magasin,Livraison
RUST-OLEUM,Peinture métallique en aérosol,https://www.rona.ca/fr/produit/rust-oleum-peinture-metallique-en-aerosol-253405-03305672,https://cdn.rona.ca/images/03305672_M.jpg,chacun,21.99,11.0,10.989999999999998,49.98,"10,99 $",13.0,13 en magasin,Ramassage en magasin,Livraison
RUST-OLEUM,"Peinture en aérosol Rust-Oleum jaune lustré, John Deere Yellow (340 g)",https://www.rona.ca/fr/produit/peinture-en-aerosol-rust-oleum-jaune-lustre-john-deere-yellow-340-g-350602-03306286,https://cdn.rona.ca/images/03306286_M.jpg,chacun,21.99,11.0,10.989999999999998,49.98,"10,99 $",4.0,4 en magasin,Ramassage en magasin,Livraison
RUST-OLEUM,"Peinture int/ext, Rust-Oleum, « Perle métallique », aérosol, 312 g, champagne",https://www.rona.ca/fr/produit/peinture-int-ext-rust-oleum-perle-metallique-aerosol-312-g-champagne-302311-03306047,https://cdn.rona.ca/images/03306047_M.jpg,chacun,21.99,11.0,10.989999999999998,49.98,"10,99 $",3.0,3 en magasin,Ramassage en magasin,Livraison
RUST-OLEUM,"Apprêt et peinture en aérosol, 312 g, brume perle",https://www.rona.ca/fr/produit/rust-oleum-appret-et-peinture-en-aerosol-312-g-brume-perle-264652-03305684,https://cdn.rona.ca/images/03305684_M.jpg,chacun,21.99,11.0,10.989999999999998,49.98,"10,99 $",10.0,10 en magasin,Ramassage en magasin,Livraison
HARBOR BREEZE,Lumières DEL blanc chaud pour parasol Harbor Breeze crochets en métal,https://www.rona.ca/fr/produit/lumieres-del-blanc-chaud-pour-parasol-harbor-breeze-crochets-en-metal-jlw57428fob-18106032,https://cdn.rona.ca/images/18106032_M.jpg,chacun,24.99,14.0,10.989999999999998,43.98,10 $,4.0,4 en magasin,Ramassage en magasin,Livraison
ETHEL,"Gants de jardinage Ethel pour femmes, format moyen, cuir synthétique, rendezvous",https://www.rona.ca/fr/produit/gants-de-jardinage-ethel-pour-femmes-format-moyen-cuir-synthetique-rendezvous-eth-rnd-520-56145112,https://cdn.rona.ca/images/56145112_M.jpg,chacun,26.99,16.0,10.989999999999998,40.72,"10,80 $",3.0,3 en magasin,Ramassage en magasin,Livraison
RUST-OLEUM,Peinture en aérosol haute température 340g - Cuivre vieilli,https://www.rona.ca/fr/produit/rust-oleum-peinture-en-aerosol-haute-temperature-340g-cuivre-vieilli-242665-03305478,https://cdn.rona.ca/images/03305478_M.jpg,chacun,28.99,18.0,10.989999999999998,37.91,"10,99 $",4.0,4 en magasin,Ramassage en magasin,Livraison
AIR KING,Humidistat électronique Air King,https://www.rona.ca/fr/produit/humidistat-electronique-air-king-4a000806-04355001,https://cdn.rona.ca/images/04355001_M.jpg,chacun,29.99,19.0,10.989999999999998,36.65,"10,50 $",7.0,7 en magasin,Ramassage en magasin,Livraison
ORIGIN 21,Verre à cocktail de 12 oz. Origin 21,https://www.rona.ca/fr/produit/verre-a-cocktail-de-12-oz-origin-21-410-085-0132-77475000,https://cdn.rona.ca/images/77475000_M.jpg,chacun,29.99,19.0,10.989999999999998,36.65,10 $,3.0,3 en magasin,Ramassage en magasin,Livraison
VICTOR,"Répulsif à rongeurs ultrasonique Pestchaser(MD), blanc",https://www.rona.ca/fr/produit/victor-repulsif-a-rongeurs-ultrasonique-pestchasermd-blanc-cm751ps-13095194,https://cdn.rona.ca/images/13095194_M.jpg,chacun,29.99,19.0,10.989999999999998,36.65,"10,50 $",7.0,7 en magasin,Ramassage en magasin,Livraison
HARBOR BREEZE,"Cordon lumineux Harbor Breeze de 16,4 pi, DEL blanc froid",https://www.rona.ca/fr/produit/cordon-lumineux-harbor-breeze-de-16-4-pi-del-blanc-froid-jlw57092fob-18106040,https://cdn.rona.ca/images/18106040_M.jpg,chacun,29.99,19.0,10.989999999999998,36.65,10 $,4.0,4 en magasin,Ramassage en magasin,Livraison
ORIGIN 21,"Verres réfrigérant bleu/vert de 12 oz, Origin 21",https://www.rona.ca/fr/produit/verres-refrigerant-bleu-vert-de-12-oz-origin-21-410-084-0132-77475002,https://cdn.rona.ca/images/77475002_M.jpg,chacun,29.99,19.0,10.989999999999998,36.65,10 $,9.0,9 en magasin,Ramassage en magasin,Livraison
HUSQVARNA,"Fil de coupe-bordure Titanium XPro de Husqvarna en polymère orange 0,105 po x 690 pi",https://www.rona.ca/fr/produit/fil-de-coupe-bordure-titanium-xpro-de-husqvarna-en-polymere-orange-0-105-po-x-690-pi-596781301-82305354,https://cdn.rona.ca/images/82305354_M.jpg,chacun,74.99,64.0,10.989999999999995,14.66,10 $,4.0,4 en magasin,Ramassage en magasin,Livraison
METALUX,"Bande d'éclairage DEL Metalux en métal, blanc froid 120V 4 pi",https://www.rona.ca/fr/produit/bande-declairage-del-metalux-en-metal-blanc-froid-120v-4-pi-4slstp5540dd-unv-31545030,https://cdn.rona.ca/images/31545030_M.jpg,chacun,85.99,75.0,10.989999999999995,12.78,"10,99 $",1.0,1 en magasin,Ramassage en magasin,Livraison
MTD,Ensemble de déchiquetage MTD pour plateau de coupe 46 po,https://www.rona.ca/fr/produit/ensemble-de-dechiquetage-mtd-pour-plateau-de-coupe-46-po-19b30005oem-02225331,https://cdn.rona.ca/images/02225331_M.jpg,chacun,99.99,89.0,10.989999999999995,10.99,10 $,1.0,1 en magasin,Ramassage en magasin,Livraison
,GORGE EN CHÊNE,https://www.rona.ca/fr/produit/gorge-en-chene-mro12412-09565473,https://cdn.rona.ca/images/09565473_M.jpg,chacun,13.79,3.0,10.79,78.25,"10,34 $",2.0,2 en magasin,Ramassage en magasin,Livraison
SCOTTS,"Cultivateur Scotts, acier inoxydable, vert et noir",https://www.rona.ca/fr/produit/cultivateur-scotts-acier-inoxydable-vert-et-noir-sct30542-49555233,https://cdn.rona.ca/images/49555233_M.jpg,chacun,13.79,3.0,10.79,78.25,"9,80 $",8.0,8 en magasin,Ramassage en magasin,Livraison
GRILLPRO,"Brûleur tubulaire réglable Grillpro, 12 po à 18 po",https://www.rona.ca/fr/produit/bruleur-tubulaire-reglable-grillpro-12-po-a-18-po-21218-1666331,https://cdn.rona.ca/images/1666331_M.jpg,chacun,19.79,9.0,10.79,54.52,"9,80 $",3.0,3 en magasin,Ramassage en magasin,Livraison
WOODS,"Rallonge et protecteur de connexion Woods de 10 pi à 6 prises, vert",https://www.rona.ca/fr/produit/rallonge-et-protecteur-de-connexion-woods-de-10-pi-a-6-prises-vert-59850c-21685162,https://cdn.rona.ca/images/21685162_M.jpg,chacun,39.49,29.0,10.490000000000002,26.56,"9,87 $",12.0,12 en magasin,Ramassage en magasin,Livraison
,"Lumière sur piquet, énergie solaire, DEL, verre/métal, 6/pqt",https://www.rona.ca/fr/produit/lumiere-sur-piquet-energie-solaire-del-verre-metal-6-pqt-24010-32018194,https://cdn.rona.ca/images/32018194_M.jpg,chacun,44.49,34.0,10.490000000000002,23.58,"9,50 $",48.0,48 en magasin,Ramassage en magasin,Livraison
COLONIAL ELEGANCE,"Loquet de porte «Barn» de Colonial Elegance, acier inoxydable",https://www.rona.ca/fr/produit/loquet-de-porte-barn-de-colonial-elegance-acier-inoxydable-barnlock-ss-08856221,https://cdn.rona.ca/images/08856221_M.jpg,chacun,20.49,10.0,10.489999999999998,51.2,"10,24 $",4.0,4 en magasin,Ramassage en magasin,Livraison
IRWIN,FORET DE BOIS TARIÈRE,https://www.rona.ca/fr/produit/irwin-foret-de-bois-tariere-49913-0159077,https://cdn.rona.ca/images/0159077_M.jpg,chacun,20.49,10.0,10.489999999999998,51.2,"10,49 $",11.0,11 en magasin,Ramassage en magasin,Livraison
CRAFTSMAN,Tournevis Phillips CRAFTSMAN #2,https://www.rona.ca/fr/produit/tournevis-phillips-craftsman-2-cmht65008-00276967,https://cdn.rona.ca/images/00276967_M.jpg,chacun,22.49,12.0,10.489999999999998,46.64,"9,99 $",4.0,4 en magasin,Ramassage en magasin,Livraison
BOSCH,"Trousse de superposition avec tablette coulissante, blanc",https://www.rona.ca/fr/produit/trousse-de-superposition-avec-tablette-coulissante-blanc-30855035,https://cdn.rona.ca/images/30855035_M.jpg,chacun,19.0,9.0,10.0,52.63,"9,50 $",,,,Livraison
ALLEN + ROTH,"Luminaire suspendu à 3 lumières Allen + Roth, blanc, montage sur corde, ampoules A19 de 60 W (vendues séparement)",https://www.rona.ca/fr/produit/luminaire-suspendu-a-3-lumieres-allen-roth-blanc-montage-sur-corde-ampoules-a19-de-60-w-vendues-separement-ws-pc2020-63-08385081,https://cdn.rona.ca/images/08385081_M.jpg,chacun,139.99,130.0,9.990000000000009,7.14,"9,99 $",1.0,1 en magasin,Ramassage en magasin,Livraison
CLOSETMAID,"Crémaillère ShelfTrack de ClosetMaid, nickel, conception à double fente, métal, vertical",https://www.rona.ca/fr/produit/cremaillere-shelftrack-de-closetmaid-nickel-conception-a-double-fente-metal-vertical-3281200-36485178,https://cdn.rona.ca/images/36485178_M.jpg,chacun,32.99,23.0,9.990000000000002,30.28,"9,90 $",2.0,2 en magasin,Ramassage en magasin,Livraison
CRAFTSMAN,"Chaîne pour scie à chaîne, CRAFTSMAN S40 10 po",https://www.rona.ca/fr/produit/chaine-pour-scie-a-chaine-craftsman-s40-10-po-cmxgzam700115-41537735,https://cdn.rona.ca/images/41537735_M.jpg,chacun,32.99,23.0,9.990000000000002,30.28,"9,90 $",1.0,1 en magasin,Ramassage en magasin,Livraison
CLOSETMAID,"Rail horizontal ClosetMaid, métal à revêtement d'époxy, 2 po H. x 40 po l., nickel",https://www.rona.ca/fr/produit/rail-horizontal-closetmaid-metal-a-revetement-depoxy-2-po-h-x-40-po-l-nickel-3282600-36485184,https://cdn.rona.ca/images/36485184_M.jpg,chacun,32.99,23.0,9.990000000000002,30.28,"9,90 $",4.0,4 en magasin,Ramassage en magasin,Livraison
CRAFTSMAN,Chaîne pour scie CRAFTSMAN S45 12 po,https://www.rona.ca/fr/produit/chaine-pour-scie-craftsman-s45-12-po-cmxgzam700142-41537728,https://cdn.rona.ca/images/41537728_M.jpg,chacun,32.99,23.0,9.990000000000002,30.28,"9,90 $",1.0,1 en magasin,Ramassage en magasin,Livraison
AIR KING,Transformateur électronique 24 V Air King,https://www.rona.ca/fr/produit/transformateur-electronique-24-v-air-king-04a000200-04355004,https://cdn.rona.ca/images/04355004_M.jpg,chacun,34.99,25.0,9.990000000000002,28.55,"9,99 $",8.0,8 en magasin,Ramassage en magasin,Livraison
STAY SHARP,"Lame de recharge pour coupe-plancher stratifié EAB de Stay Sharp, 9 po, acier, 1 3/8 po d'épaisseur",https://www.rona.ca/fr/produit/lame-de-recharge-pour-coupe-plancher-stratifie-eab-de-stay-sharp-9-po-acier-1-3-8-po-depaisseur-2100006-34595788,https://cdn.rona.ca/images/34595788_M.jpg,chacun,36.99,27.0,9.990000000000002,27.01,"9,25 $",1.0,1 en magasin,Ramassage en magasin,Livraison
SCHLAGE,Poignée de passage Schlage Georgian laiton satiné,https://www.rona.ca/fr/produit/poignee-de-passage-schlage-georgian-laiton-satine-138899-12825500,https://cdn.rona.ca/images/12825500_M.jpg,chacun,37.99,28.0,9.990000000000002,26.3,"9,50 $",4.0,4 en magasin,Ramassage en magasin,Livraison
MOEN,Barre à serviettes nickel brossé de 24 po Laia par MOEN,https://www.rona.ca/fr/produit/barre-a-serviettes-nickel-brosse-de-24-po-laia-par-moen-bh5324bn-15025828,https://cdn.rona.ca/images/15025828_M.jpg,chacun,44.99,35.0,9.990000000000002,22.2,9 $,1.0,1 en magasin,Ramassage en magasin,Livraison
MOEN,Porte-papier de toilette noir mat de 9 po Iso par MOEN,https://www.rona.ca/fr/produit/porte-papier-de-toilette-noir-mat-de-9-po-iso-par-moen-dn0708bl-15025896,https://cdn.rona.ca/images/15025896_M.jpg,chacun,45.99,36.0,9.990000000000002,21.72,"9,20 $",3.0,3 en magasin,Ramassage en magasin,Livraison
,"Humidificateur Honeywell ultrasonique à vapeur froide, Mistate(MC)",https://www.rona.ca/fr/produit/humidificateur-honeywell-ultrasonique-a-vapeur-froide-mistatemc-hul520wc-14165009,https://cdn.rona.ca/images/14165009_M.jpg,chacun,59.99,50.0,9.990000000000002,16.65,9 $,11.0,11 en magasin,Ramassage en magasin,Livraison
,Rose Hardy multicolore dans un pot de 1 gallon,https://www.rona.ca/fr/produit/rose-hardy-multicolore-dans-un-pot-de-1-gallon-ls1ros-54615618,https://cdn.rona.ca/images/54615618_M.jpg,chacun,12.99,3.0,9.99,76.91,"9,74 $",35.0,35 en magasin,Ramassage en magasin,
BROIL KING,"Ensemble d'entretien pour brûleur de BBQ, 2 mcx, acier",https://www.rona.ca/fr/produit/ensemble-dentretien-pour-bruleur-de-bbq-2-mcx-acier-16666395,https://cdn.rona.ca/images/16666395_M.jpg,chacun,12.99,3.0,9.99,76.91,"9,99 $",3.0,3 en magasin,Ramassage en magasin,Livraison
CLOSETMAID,"Barre arrondie pour coin SuperSlide de ClosetMaid, acier enduit de vinyle, nickel, 10,25 po P. x 10,25 po l.",https://www.rona.ca/fr/produit/barre-arrondie-pour-coin-superslide-de-closetmaid-acier-enduit-de-vinyle-nickel-10-25-po-p-x-10-25-po-l-5633300-36485161,https://cdn.rona.ca/images/36485161_M.jpg,chacun,12.99,3.0,9.99,76.91,"9,74 $",5.0,5 en magasin,Ramassage en magasin,Livraison
BAZZ,"Bande d'éclairage DEL intérieur/extérieur Bazz avec détecteur de mouvement, 39 po",https://www.rona.ca/fr/produit/bande-declairage-del-interieur-exterieur-bazz-avec-detecteur-de-mouvement-39-po-u19399w-33785281,https://cdn.rona.ca/images/33785281_M.jpg,chacun,19.99,10.0,9.989999999999998,49.97,"9,99 $",8.0,8 en magasin,Ramassage en magasin,Livraison
GRK FASTENERS,Embout à couronne « Topstar(MC) »,https://www.rona.ca/fr/produit/embout-a-couronne-topstarmc-96365011,https://cdn.rona.ca/images/96365011_M.jpg,chacun,23.99,14.0,9.989999999999998,41.64,"9,60 $",1.0,1 en magasin,Ramassage en magasin,Livraison
AIR KING,Assemblage de tambour et tampon pour humidificateur Wait d'AIr King,https://www.rona.ca/fr/produit/assemblage-de-tambour-et-tampon-pour-humidificateur-wait-dair-king-4a900917-0435013,https://cdn.rona.ca/images/0435013_M.jpg,chacun,26.99,17.0,9.989999999999998,37.01,"9,45 $",1.0,1 en magasin,Ramassage en magasin,Livraison
DREMEL,Télémètre laser 3 en 1 Dremel sans fil à piles 65 pi,https://www.rona.ca/fr/produit/telemetre-laser-3-en-1-dremel-sans-fil-a-piles-65-pi-hslm-01-19836632,https://cdn.rona.ca/images/19836632_M.jpg,chacun,29.99,20.0,9.989999999999998,33.31,"9,99 $",14.0,14 en magasin,Ramassage en magasin,Livraison
SOUTHWIRE,"Rallonge électrique extérieure Yard Master, 25 pieds, verte",https://www.rona.ca/fr/produit/southwire-rallonge-electrique-exterieure-yard-master-25-pieds-verte-41246-40255205,https://cdn.rona.ca/images/40255205_M.jpg,chacun,29.99,20.0,9.989999999999998,33.31,"9,99 $",35.0,35 en magasin,Ramassage en magasin,Livraison
KNAPE & VOGT,"Tablette décorative série 1980 de Knape & Vogt, panneau de particules robuste, espresso, 10 po l. x 48 po L. x 5/8 po",https://www.rona.ca/fr/produit/tablette-decorative-serie-1980-de-knape-vogt-panneau-de-particules-robuste-espresso-10-po-l-x-48-po-l-x-5-8-po-02335404,https://cdn.rona.ca/images/02335404_M.jpg,chacun,29.99,20.0,9.989999999999998,33.31,9 $,1.0,1 en magasin,Ramassage en magasin,Livraison
REINOLDMAX,"Extincteur d'incendie réutilisable en aérosol ReinoldMax, 500 ml, aluminium, rouge",https://www.rona.ca/fr/produit/extincteur-dincendie-reutilisable-en-aerosol-reinoldmax-500-ml-aluminium-rouge-rei500sup-19805006,https://cdn.rona.ca/images/19805006_M.jpg,chacun,29.99,20.0,9.989999999999998,33.31,9 $,6.0,6 en magasin,Ramassage en magasin,Livraison
GE,"Ampoule LED+ PAR38 GE 90W de remplacement, projecteur d'extérieur, à détection de mouvements, blanc lumineux (1 unité)",https://www.rona.ca/fr/produit/ampoule-led-par38-ge-90w-de-remplacement-projecteur-dexterieur-a-detection-de-mouvements-blanc-lumineux-1-unite-93120281-32285178,https://cdn.rona.ca/images/32285178_M.jpg,chacun,29.99,20.0,9.989999999999998,33.31,"9,99 $",11.0,11 en magasin,Ramassage en magasin,Livraison
EMERGILITE,"Batterie de remplacement «GP672», 6 V, 8,4 Ah",https://www.rona.ca/fr/produit/emergilite-batterie-de-remplacement-gp672-6-v-8-4-ah-3645015,https://cdn.rona.ca/images/3645015_M.jpg,chacun,29.99,20.0,9.989999999999998,33.31,"9,99 $",1.0,1 en magasin,Ramassage en magasin,Livraison
CRAFTSMAN,"Chaîne de remplacement CRAFTSMAN S34, 8 po",https://www.rona.ca/fr/produit/chaine-de-remplacement-craftsman-s34-8-po-cmxgzam700140-41537734,https://cdn.rona.ca/images/41537734_M.jpg,chacun,29.99,20.0,9.989999999999998,33.31,9 $,3.0,3 en magasin,Ramassage en magasin,Livraison
FISKARS,Scie pliante pour jardinage,https://www.rona.ca/fr/produit/scie-pliante-pour-jardinage-65715074,https://cdn.rona.ca/images/65715074_M.jpg,chacun,30.99,21.0,9.989999999999998,32.24,"9,30 $",7.0,7 en magasin,Ramassage en magasin,Livraison
FISKARS,"Sécateur à contre-lame inclinée en acier ultra affutée avec poignée standard, Fiskars",https://www.rona.ca/fr/produit/secateur-a-contre-lame-inclinee-en-acier-ultra-affutee-avec-poignee-standard-fiskars-1066542-65715230,https://cdn.rona.ca/images/65715230_M.jpg,chacun,30.99,21.0,9.989999999999998,32.24,"9,30 $",1.0,1 en magasin,Ramassage en magasin,Livraison
LUMIRAMA,"Luminaire suspendu à 2 lumières Ivanna de Lumirama, 60 W, noir et nickel satiné",https://www.rona.ca/fr/produit/luminaire-suspendu-a-2-lumieres-ivanna-de-lumirama-60-w-noir-et-nickel-satine-3768-02-blk-66905334,https://cdn.rona.ca/images/66905334_M.jpg,chacun,64.99,55.0,9.989999999999995,15.37,"9,99 $",1.0,1 en magasin,Ramassage en magasin,Livraison
HEATH ZENITH,Carillon au fini de simili bois,https://www.rona.ca/fr/produit/carillon-au-fini-de-simili-bois-51025050,https://cdn.rona.ca/images/51025050_M.jpg,chacun,64.99,55.0,9.989999999999995,15.37,"9,75 $",1.0,1 en magasin,Ramassage en magasin,Livraison
CANARM,"Suspension à 1 lumière Mia de Canarm avec cordon, style contemporain, or",https://www.rona.ca/fr/produit/suspension-a-1-lumiere-mia-de-canarm-avec-cordon-style-contemporain-or-ipl693b01gd10-05115782,https://cdn.rona.ca/images/05115782_M.jpg,chacun,79.99,70.0,9.989999999999995,12.49,"9,99 $",2.0,2 en magasin,Ramassage en magasin,Livraison
ARIENS,"Couteaux de tondeuse en acier dur allié 20,5 po Ariens modèles Zoom, Apex et Zenith 60 po paquet de 3",https://www.rona.ca/fr/produit/couteaux-de-tondeuse-en-acier-dur-allie-20-5-po-ariens-modeles-zoom-apex-et-zenith-60-po-paquet-de-3-70723300-62415034,https://cdn.rona.ca/images/62415034_M.jpg,chacun,83.99,74.0,9.989999999999995,11.89,9 $,3.0,3 en magasin,Ramassage en magasin,Livraison
CANARM,Semi-plafonnier moderne rond Mazu par Canarm métal noir mat,https://www.rona.ca/fr/produit/semi-plafonnier-moderne-rond-mazu-par-canarm-metal-noir-mat-isf670b01bk-05115767,https://cdn.rona.ca/images/05115767_M.jpg,chacun,99.99,90.0,9.989999999999995,9.99,"9,99 $",2.0,2 en magasin,Ramassage en magasin,Livraison
METRIE,Moulure - Arrêt de porte,https://www.rona.ca/fr/produit/metrie-moulure-arret-de-porte-msp12232-09565521,https://cdn.rona.ca/images/09565521_M.jpg,chacun,11.79,2.0,9.79,83.04,"8,84 $",4.0,4 en magasin,Ramassage en magasin,Livraison
CRAFTSMAN,"Douille peu profonde SAE à 12 pans CRAFTSMAN, acier, 1 1/8 po, prise de 1/2 po",https://www.rona.ca/fr/produit/douille-peu-profonde-sae-a-12-pans-craftsman-acier-1-1-8-po-prise-de-1-2-po-cmmt47516-00277268,https://cdn.rona.ca/images/00277268_M.jpg,chacun,11.79,2.0,9.79,83.04,"9,79 $",1.0,1 en magasin,Ramassage en magasin,Livraison
EATON,"Plaque murale deco Eaton, 4 gang, 1-paquet ivoire, moyenne",https://www.rona.ca/fr/produit/plaque-murale-deco-eaton-4-gang-1-paquet-ivoire-moyenne-pj264v-f-l-04805872,https://cdn.rona.ca/images/04805872_M.jpg,chacun,11.79,2.0,9.79,83.04,"9,24 $",16.0,16 en magasin,Ramassage en magasin,Livraison
BOSCH,"Foret fractionné extracourt Bosch, 13/32 po x 5 1/4 po, pointe en croix de 135°, revêtement d'oxyde noir",https://www.rona.ca/fr/produit/foret-fractionne-extracourt-bosch-13-32-po-x-5-1-4-po-pointe-en-croix-de-135-revetement-doxyde-noir-bl2153-19835253,https://cdn.rona.ca/images/19835253_M.jpg,chacun,14.69,5.0,9.69,65.96,"9,69 $",2.0,2 en magasin,Ramassage en magasin,Livraison
JOHNSON,"Règle à tracer Johnson, aluminium, 72 po",https://www.rona.ca/fr/produit/regle-a-tracer-johnson-aluminium-72-po-j72em-0704153,https://cdn.rona.ca/images/0704153_M.jpg,chacun,34.49,25.0,9.490000000000002,27.52,"9,49 $",1.0,1 en magasin,Ramassage en magasin,Livraison
PURDY,"Pinceau à découper Clearcute Glide Purdy, nylon et polyester, angulaire, manche en bois, 2 po l.",https://www.rona.ca/fr/produit/pinceau-a-decouper-clearcute-glide-purdy-nylon-et-polyester-angulaire-manche-en-bois-2-po-l-144152120-14495354,https://cdn.rona.ca/images/14495354_M.jpg,chacun,36.49,27.0,9.490000000000002,26.01,"9,12 $",1.0,1 en magasin,Ramassage en magasin,Livraison
BOND,"Mini-serre Bond à 4 tablettes clair PVC et acier galvanisé 49,2 po x 26,7 po x 11,81 po",https://www.rona.ca/fr/produit/mini-serre-bond-a-4-tablettes-clair-pvc-et-acier-galvanise-49-2-po-x-26-7-po-x-11-81-po-281-49555113,https://cdn.rona.ca/images/49555113_M.jpg,chacun,44.49,35.0,9.490000000000002,21.33,"8,90 $",8.0,8 en magasin,Ramassage en magasin,Livraison
STUBBY,"Tournevis court 6-en-1 Picquic, embouts aimantés, tige en alliage, embouts de 3/8 po",https://www.rona.ca/fr/produit/stubby-tournevis-court-6-en-1-picquic-embouts-aimantes-tige-en-alliage-embouts-de-3-8-po-91000b-3783008,https://cdn.rona.ca/images/3783008_M.jpg,chacun,18.49,9.0,9.489999999999998,51.33,"9,49 $",1.0,1 en magasin,Ramassage en magasin,Livraison
PICQUIC,Tournevis « Stubby »,https://www.rona.ca/fr/produit/picquic-tournevis-stubby-91000-37835031,https://cdn.rona.ca/images/37835031_M.jpg,chacun,18.49,9.0,9.489999999999998,51.33,"9,49 $",12.0,12 en magasin,Ramassage en magasin,Livraison
PAINTER'S TOUCH,Peinture Apprêt Aérosol Ultra Cover 2X,https://www.rona.ca/fr/produit/peinture-appret-aerosol-ultra-cover-2x-03305765,https://cdn.rona.ca/images/03305765_M.jpg,chacun,18.49,9.0,9.489999999999998,51.33,"9,24 $",2.0,2 en magasin,Ramassage en magasin,Livraison
KAYCAN,"Gouttière U-Snap Kaycan en vinyle blanc, 120 po",https://www.rona.ca/fr/produit/gouttiere-u-snap-kaycan-en-vinyle-blanc-120-po-u01701-55395862,https://cdn.rona.ca/images/55395862_M.jpg,chacun,22.49,13.0,9.489999999999998,42.2,"9,49 $",15.0,15 en magasin,Ramassage en magasin,Livraison
JOHNSON,Équerre combinée,https://www.rona.ca/fr/produit/johnson-equerre-combinee-406em-0704085,https://cdn.rona.ca/images/0704085_M.jpg,chacun,24.49,15.0,9.489999999999998,38.75,"9,49 $",3.0,3 en magasin,Ramassage en magasin,Livraison
TIKI,"Torche de table Ombre Ice, verre, bleu",https://www.rona.ca/fr/produit/torche-de-table-ombre-ice-verre-bleu-04245027,https://cdn.rona.ca/images/04245027_M.jpg,chacun,17.39,8.0,9.39,54.0,"8,69 $",5.0,5 en magasin,Ramassage en magasin,Livraison
UBERHAUS,"Moulure couronnée Uberhaus, polyuréthane, denticulée, blanche",https://www.rona.ca/fr/produit/moulure-couronnee-uberhaus-polyurethane-denticulee-blanche-fc-337t-07415007,https://cdn.rona.ca/images/07415007_M.jpg,chacun,34.39,25.0,9.39,27.3,"8,60 $",8.0,8 en magasin,Ramassage en magasin,Livraison
MOEN,Porte-serviettes simple nickel brossé Preston MOEN de 24 po,https://www.rona.ca/fr/produit/porte-serviettes-simple-nickel-brosse-preston-moen-de-24-po-dn8424bn-1502495,https://cdn.rona.ca/images/1502495_M.jpg,chacun,45.29,36.0,9.29,20.51,"9,06 $",4.0,4 en magasin,Ramassage en magasin,Livraison
RELIABILT,Levier de passage Emrick de Reliabilt fini nickel satiné,https://www.rona.ca/fr/produit/levier-de-passage-emrick-de-reliabilt-fini-nickel-satine-tms0s82lb-81305198,https://cdn.rona.ca/images/81305198_M.jpg,chacun,32.99,24.0,8.990000000000002,27.25,"8,25 $",4.0,4 en magasin,Ramassage en magasin,Livraison
COLONIAL ELEGANCE,"Barreau «Lounge» Colonial Elegance en acier inoxydable pour porte coulissante, 39,25 po, noir",https://www.rona.ca/fr/produit/barreau-lounge-colonial-elegance-en-acier-inoxydable-pour-porte-coulissante-39-25-po-noir-2102193-bn-08856194,https://cdn.rona.ca/images/08856194_M.jpg,chacun,33.99,25.0,8.990000000000002,26.45,"8,50 $",1.0,1 en magasin,Ramassage en magasin,Livraison
RELIABILT,Levier d'intimité Hydre de ReliaBilt fini noir mat,https://www.rona.ca/fr/produit/levier-dintimite-hydre-de-reliabilt-fini-noir-mat-tq14930lb-81305191,https://cdn.rona.ca/images/81305191_M.jpg,chacun,33.99,25.0,8.990000000000002,26.45,"8,50 $",3.0,3 en magasin,Ramassage en magasin,Livraison
IMPERIAL,Réducteur en acier galvanisé d'Imperial de 8 po à 7 po de diamètre,https://www.rona.ca/fr/produit/reducteur-en-acier-galvanise-dimperial-de-8-po-a-7-po-de-diametre-gv0822-1224141,https://cdn.rona.ca/images/1224141_M.jpg,chacun,33.99,25.0,8.990000000000002,26.45,"8,50 $",5.0,5 en magasin,Ramassage en magasin,Livraison
EBSU,Ensemble de tablette EnSuite de EBSU 24 x 16 po bois composite blanc - paquet de 2,https://www.rona.ca/fr/produit/ensemble-de-tablette-ensuite-de-ebsu-24-x-16-po-bois-composite-blanc-paquet-de-2-en-s2416-bl-75396898,https://cdn.rona.ca/images/75396898_M.jpg,chacun,34.99,26.0,8.990000000000002,25.69,"8,75 $",1.0,1 en magasin,Ramassage en magasin,Livraison
SCHLAGE,Poignée décorative à levier fixe Latitude,https://www.rona.ca/fr/produit/poignee-decorative-a-levier-fixe-latitude-12825432,https://cdn.rona.ca/images/12825432_M.jpg,chacun,34.99,26.0,8.990000000000002,25.69,"8,75 $",3.0,3 en magasin,Ramassage en magasin,Livraison
EATON,"Connecteur de mise à terre Eaton à 3 fils de 15 ampères, 125 V, noir",https://www.rona.ca/fr/produit/connecteur-de-mise-a-terre-eaton-a-3-fils-de-15-amperes-125-v-noir-ah5269bk-f-l-04805739,https://cdn.rona.ca/images/04805739_M.jpg,chacun,34.99,26.0,8.990000000000002,25.69,"8,75 $",8.0,8 en magasin,Ramassage en magasin,Livraison
MOEN,"Porte-papier toilette pivotant nickel brossé de 8,53 po Lindor par MOEN",https://www.rona.ca/fr/produit/porte-papier-toilette-pivotant-nickel-brosse-de-8-53-po-lindor-par-moen-my8708bn-15025923,https://cdn.rona.ca/images/15025923_M.jpg,chacun,40.99,32.0,8.990000000000002,21.93,"8,20 $",1.0,1 en magasin,Ramassage en magasin,Livraison
MOEN,"Anneau à serviettes noir mat de 7,22 po Iso par MOEN",https://www.rona.ca/fr/produit/anneau-a-serviettes-noir-mat-de-7-22-po-iso-par-moen-dn0786bl-15025900,https://cdn.rona.ca/images/15025900_M.jpg,chacun,40.99,32.0,8.990000000000002,21.93,"8,20 $",2.0,2 en magasin,Ramassage en magasin,Livraison
MOEN,Barre à serviettes nickel brossé de 18 po Laia par MOEN,https://www.rona.ca/fr/produit/barre-a-serviettes-nickel-brosse-de-18-po-laia-par-moen-bh5318bn-15025822,https://cdn.rona.ca/images/15025822_M.jpg,chacun,40.99,32.0,8.990000000000002,21.93,"8,20 $",1.0,1 en magasin,Ramassage en magasin,Livraison
MASTER PLUMBER,"Cartouche de robinet, disque céramique, chaud/froid",https://www.rona.ca/fr/produit/master-plumber-cartouche-de-robinet-disque-ceramique-chaud-froid-pf-19-67845649,https://cdn.rona.ca/images/67845649_M.jpg,chacun,41.99,33.0,8.990000000000002,21.41,"8,40 $",12.0,12 en magasin,Ramassage en magasin,Livraison
DEWALT,Lame de scie circulaire DEWALT de 7-1/4 po à 24 dents standard pour la coupe à sec (3/pqt),https://www.rona.ca/fr/produit/lame-de-scie-circulaire-dewalt-de-7-1-4-po-a-24-dents-standard-pour-la-coupe-a-sec-3-pqt-dwa271424pk3-00277563,https://cdn.rona.ca/images/00277563_M.jpg,chacun,42.99,34.0,8.990000000000002,20.91,8 $,3.0,3 en magasin,Ramassage en magasin,Livraison
MOEN,Porte-serviette en alliage d'aluminium chromé 18 po Iso de MOEN,https://www.rona.ca/fr/produit/porte-serviette-en-alliage-daluminium-chrome-18-po-iso-de-moen-dn0718ch-15025413,https://cdn.rona.ca/images/15025413_M.jpg,chacun,42.99,34.0,8.990000000000002,20.91,"8,60 $",3.0,3 en magasin,Ramassage en magasin,Livraison
MOEN,Crochet double pour vêtements nickel brossé Boardwalk de MOEN,https://www.rona.ca/fr/produit/crochet-double-pour-vetements-nickel-brosse-boardwalk-de-moen-y3203bn-15025363,https://cdn.rona.ca/images/15025363_M.jpg,chacun,43.99,35.0,8.990000000000002,20.44,"8,80 $",2.0,2 en magasin,Ramassage en magasin,Livraison
MOEN,Porte-papier de toilette nickel brossé Boardwalk de MOEN,https://www.rona.ca/fr/produit/porte-papier-de-toilette-nickel-brosse-boardwalk-de-moen-y3208bn-15025364,https://cdn.rona.ca/images/15025364_M.jpg,chacun,43.99,35.0,8.990000000000002,20.44,"8,80 $",1.0,1 en magasin,Ramassage en magasin,Livraison
BELL + HOWELL,Lumière lanternes DEL à énergie solaire avec couleurs changeantes Bell + Howell 4-paquet Premiere 2-watt noir,https://www.rona.ca/fr/produit/lumiere-lanternes-del-a-energie-solaire-avec-couleurs-changeantes-bell-howell-4-paquet-premiere-2-watt-noir-8584fel-11815067,https://cdn.rona.ca/images/11815067_M.jpg,chacun,62.99,54.0,8.990000000000002,14.27,8 $,7.0,7 en magasin,Ramassage en magasin,Livraison
,"Vivace assorties, 7 po",https://www.rona.ca/fr/produit/vivace-assorties-7-po-00028-42895002,https://cdn.rona.ca/images/42895002_M.jpg,chacun,10.99,2.0,8.99,81.8,"8,24 $",23.0,23 en magasin,,
,"Vivaces assorties, ombre à mi-ombre, cabaret de 17 cm",https://www.rona.ca/fr/produit/vivaces-assorties-ombre-a-mi-ombre-cabaret-de-17-cm-vmix001-om17-42895061,https://cdn.rona.ca/images/42895061_M.jpg,chacun,10.99,2.0,8.99,81.8,"8,24 $",16.0,16 en magasin,,
,"Plants de lavande, pot de 7""",https://www.rona.ca/fr/produit/plants-de-lavande-pot-de-7-vmix001-la1-42895073,https://cdn.rona.ca/images/42895073_M.jpg,chacun,11.99,3.0,8.99,74.98,"8,99 $",2.0,2 en magasin,,
,"Graminées 17 cm, assorti",https://www.rona.ca/fr/produit/graminees-17-cm-assorti-00152-42895053,https://cdn.rona.ca/images/42895053_M.jpg,chacun,11.99,3.0,8.99,74.98,"8,99 $",13.0,13 en magasin,,
METRIE,"Cimaise en MDF apprêté, 5/8"" x 2 3/4"" x 10'",https://www.rona.ca/fr/produit/cimaise-en-mdf-apprete-5-8-x-2-3-4-x-10-00175539,https://cdn.rona.ca/images/00175539_M.jpg,chacun,11.99,3.0,8.99,74.98,"8,99 $",1.0,1 en magasin,Ramassage en magasin,Livraison
GE,Ampoule fluorescente circulaire 16 po FC16 T9 par GE à éclairage blanc froid 40 W,https://www.rona.ca/fr/produit/ampoule-fluorescente-circulaire-16-po-fc16-t9-par-ge-a-eclairage-blanc-froid-40-w-93118075-32285332,https://cdn.rona.ca/images/32285332_M.jpg,chacun,13.99,5.0,8.99,64.26,"8,99 $",9.0,9 en magasin,Ramassage en magasin,Livraison
ELEVATION,"Moulure de transition, 1 3/4'' x 47"", chêne naturel",https://www.rona.ca/fr/produit/elevation-moulure-de-transition-1-3-4-x-47-chene-naturel-66285094,https://cdn.rona.ca/images/66285094_M.jpg,chacun,16.99,8.0,8.989999999999998,52.91,"8,49 $",9.0,9 en magasin,Ramassage en magasin,Livraison
ELEVATION,"Moulure de réduction, 1 3/4"" x 47"", chêne naturel",https://www.rona.ca/fr/produit/elevation-moulure-de-reduction-1-3-4-x-47-chene-naturel-66285093,https://cdn.rona.ca/images/66285093_M.jpg,chacun,16.99,8.0,8.989999999999998,52.91,"8,49 $",4.0,4 en magasin,Ramassage en magasin,Livraison
BOUCLAIR,"Bouteille pour huile avec bec verseur en céramique noire par Bouclair, 10,25 po",https://www.rona.ca/fr/produit/bouteille-pour-huile-avec-bec-verseur-en-ceramique-noire-par-bouclair-10-25-po-9397537-50325273,https://cdn.rona.ca/images/50325273_M.jpg,chacun,16.99,8.0,8.989999999999998,52.91,"8,49 $",26.0,26 en magasin,Ramassage en magasin,Livraison
BOUCLAIR,"Plante artificielle en pot de céramique noire par Bouclair, 3,5 x 5 po",https://www.rona.ca/fr/produit/plante-artificielle-en-pot-de-ceramique-noire-par-bouclair-3-5-x-5-po-9405732-50325168,https://cdn.rona.ca/images/50325168_M.jpg,chacun,16.99,8.0,8.989999999999998,52.91,"8,49 $",16.0,16 en magasin,Ramassage en magasin,Livraison
BOUCLAIR,"Bouteille pour vinaigre avec bec verseur en céramique noire par Bouclair, 10,25 po",https://www.rona.ca/fr/produit/bouteille-pour-vinaigre-avec-bec-verseur-en-ceramique-noire-par-bouclair-10-25-po-9397538-50325269,https://cdn.rona.ca/images/50325269_M.jpg,chacun,16.99,8.0,8.989999999999998,52.91,"8,49 $",22.0,22 en magasin,Ramassage en magasin,Livraison
ELEVATION TILE,"Moulure de transition, vinyle, 1 3/4"" x 47"", Argile",https://www.rona.ca/fr/produit/moulure-de-transition-vinyle-1-3-4-x-47-argile-66285057,https://cdn.rona.ca/images/66285057_M.jpg,chacun,16.99,8.0,8.989999999999998,52.91,"8,49 $",4.0,4 en magasin,Ramassage en magasin,Livraison
ELEVATION,"Moulure de réduction, vinyle, 1 3/4"" x 47"", Pacifica",https://www.rona.ca/fr/produit/moulure-de-reduction-vinyle-1-3-4-x-47-pacifica-66285048,https://cdn.rona.ca/images/66285048_M.jpg,chacun,16.99,8.0,8.989999999999998,52.91,"8,49 $",4.0,4 en magasin,Ramassage en magasin,Livraison
PROJECT SOURCE,Ensemble de pelle/balai à neige Project Source en plastique avec manche en acier de 6 po,https://www.rona.ca/fr/produit/ensemble-de-pelle-balai-a-neige-project-source-en-plastique-avec-manche-en-acier-de-6-po-ps1005-72565001,https://cdn.rona.ca/images/72565001_M.jpg,chacun,17.99,9.0,8.989999999999998,49.97,8 $,33.0,33 en magasin,Ramassage en magasin,Livraison
REVEAL,"Ampoules incandescentes HD Reveal de 40W, G25, de GE, paquet de 3",https://www.rona.ca/fr/produit/ampoules-incandescentes-hd-reveal-de-40w-g25-de-ge-paquet-de-3-93118089-32285338,https://cdn.rona.ca/images/32285338_M.jpg,chacun,17.99,9.0,8.989999999999998,49.97,"8,99 $",5.0,5 en magasin,Ramassage en magasin,Livraison
ALTERRA,Gants pour femme Alterra cuir synthétique moyen/grand,https://www.rona.ca/fr/produit/gants-pour-femme-alterra-cuir-synthetique-moyen-grand-781389atml-01786394,https://cdn.rona.ca/images/01786394_M.jpg,chacun,19.99,11.0,8.989999999999998,44.97,8 $,7.0,7 en magasin,Ramassage en magasin,Livraison
GE,Ampoule fluorescente linéaire T12 U6 23 po de GE 40 W blanc froid à culot en U G13,https://www.rona.ca/fr/produit/ampoule-fluorescente-lineaire-t12-u6-23-po-de-ge-40-w-blanc-froid-a-culot-en-u-g13-93119106-32285322,https://cdn.rona.ca/images/32285322_M.jpg,chacun,19.99,11.0,8.989999999999998,44.97,8 $,10.0,10 en magasin,Ramassage en magasin,Livraison
FHE,"Tapis d'accueil rembourré FHE, caoutchouc, noir, 30 po L. x 18 po l.",https://www.rona.ca/fr/produit/tapis-daccueil-rembourre-fhe-caoutchouc-noir-30-po-l-x-18-po-l-270011-177-40835037,https://cdn.rona.ca/images/40835037_M.jpg,chacun,24.99,16.0,8.989999999999998,35.97,"8,75 $",4.0,4 en magasin,Ramassage en magasin,Livraison
GILMOUR,"Arroseur rotatif circulaire de pelouse de Gilmour 60 lb/po², couvre jusqu'à 960 pi²",https://www.rona.ca/fr/produit/arroseur-rotatif-circulaire-de-pelouse-de-gilmour-60-lb-po2-couvre-jusqua-960-pi2-1065684-20245009,https://cdn.rona.ca/images/20245009_M.jpg,chacun,27.99,19.0,8.989999999999998,32.12,"8,40 $",25.0,25 en magasin,Ramassage en magasin,Livraison
OREGON,"Chaîne pour scie mécanique Oregon AdvanceCut S50, pas de chaîne de 3/8 po, calibre de 0,05 po, longueur du guide 14 po",https://www.rona.ca/fr/produit/chaine-pour-scie-mecanique-oregon-advancecut-s50-pas-de-chaine-de-3-8-po-calibre-de-0-05-po-longueur-du-guide-14-po-08615002,https://cdn.rona.ca/images/08615002_M.jpg,chacun,27.99,19.0,8.989999999999998,32.12,"8,40 $",8.0,8 en magasin,Ramassage en magasin,Livraison
NUVUE,"Protège-arbuste synthétique vert NuVue, 40 po x 40 po x 42 po",https://www.rona.ca/fr/produit/protege-arbuste-synthetique-vert-nuvue-40-po-x-40-po-x-42-po-20254-30737358,https://cdn.rona.ca/images/30737358_M.jpg,chacun,29.99,21.0,8.989999999999998,29.98,8 $,1.0,1 en magasin,Ramassage en magasin,Livraison
RAIN BIRD,Ensemble d'irrigation goutte à goutte Rain Bird pour pelouse et jardin,https://www.rona.ca/fr/produit/ensemble-dirrigation-goutte-a-goutte-rain-bird-pour-pelouse-et-jardin-lnddripkit-63205011,https://cdn.rona.ca/images/63205011_M.jpg,chacun,98.99,90.0,8.989999999999995,9.08,"8,99 $",3.0,3 en magasin,Ramassage en magasin,Livraison
SCOTTS,"Pelle de jardinage Scotts, acier inoxydable, vert et noir",https://www.rona.ca/fr/produit/pelle-de-jardinage-scotts-acier-inoxydable-vert-et-noir-sct30544-49555235,https://cdn.rona.ca/images/49555235_M.jpg,chacun,13.79,5.0,8.79,63.74,"7,80 $",4.0,4 en magasin,Ramassage en magasin,Livraison
RUST-OLEUM,"Peinture en aérosol Rust-Oleum, laque jaune lustré (312 G)",https://www.rona.ca/fr/produit/peinture-en-aerosol-rust-oleum-laque-jaune-lustre-312-g-335845-03306292,https://cdn.rona.ca/images/03306292_M.jpg,chacun,16.79,8.0,8.79,52.35,"8,39 $",3.0,3 en magasin,Ramassage en magasin,Livraison
GE,"Ampoules halogènes PAR30 à culot moyen de GE, 60 W équivalent à 75 W, blanc doux, paquet de 2",https://www.rona.ca/fr/produit/ampoules-halogenes-par30-a-culot-moyen-de-ge-60-w-equivalent-a-75-w-blanc-doux-paquet-de-2-93117942-32285168,https://cdn.rona.ca/images/32285168_M.jpg,chacun,19.79,11.0,8.79,44.42,"7,92 $",2.0,2 en magasin,Ramassage en magasin,Livraison
GENERAL,"Ramasse-pièces mécanique avec lumière Del, 24 po",https://www.rona.ca/fr/produit/general-ramasse-pieces-mecanique-avec-lumiere-del-24-po-70396-01215300,https://cdn.rona.ca/images/01215300_M.jpg,chacun,18.69,10.0,8.690000000000001,46.5,"8,69 $",2.0,2 en magasin,Ramassage en magasin,Livraison
ENERGIZER,Pile Energizer,https://www.rona.ca/fr/produit/pile-energizer-az13dp-8-03335125,https://cdn.rona.ca/images/03335125_M.jpg,chacun,15.59,7.0,8.59,55.1,"8,59 $",7.0,7 en magasin,Ramassage en magasin,Livraison
ENERGIZER,Pile Energizer,https://www.rona.ca/fr/produit/pile-energizer-az10dp-8-03335122,https://cdn.rona.ca/images/03335122_M.jpg,chacun,15.59,7.0,8.59,55.1,"8,59 $",10.0,10 en magasin,Ramassage en magasin,Livraison
ALLEN + ROTH,Applique murale de salle de bains dorée de 6 po à 1 ampoule au style moderne par allen + roth,https://www.rona.ca/fr/produit/applique-murale-de-salle-de-bains-doree-de-6-po-a-1-ampoule-au-style-moderne-par-allen-roth-jwl1391a-45095003,https://cdn.rona.ca/images/45095003_M.jpg,chacun,48.49,40.0,8.490000000000002,17.51,"8,49 $",10.0,10 en magasin,Ramassage en magasin,Livraison
LEPAGE,"Scellant portes et fenêtres Quad Max de Lepage, pour intérieur et extérieur, 280 ml, étain",https://www.rona.ca/fr/produit/scellant-portes-et-fenetres-quad-max-de-lepage-pour-interieur-et-exterieur-280-ml-etain-2054594-01805237,https://cdn.rona.ca/images/01805237_M.jpg,chacun,14.49,6.0,8.49,58.59,"7,61 $",2.0,2 en magasin,Ramassage en magasin,Livraison
CAMPBELL HAUSFELD,Connecteur à air pivotant,https://www.rona.ca/fr/produit/campbell-hausfeld-connecteur-a-air-pivotant-mp103800av-7345074,https://cdn.rona.ca/images/7345074_M.jpg,chacun,17.49,9.0,8.489999999999998,48.54,"7,87 $",1.0,1 en magasin,Ramassage en magasin,Livraison
PICQUIC,Tournevis micro « Teeny Turner »,https://www.rona.ca/fr/produit/picquic-tournevis-micro-teeny-turner-06001b-3783013,https://cdn.rona.ca/images/3783013_M.jpg,chacun,18.49,10.0,8.489999999999998,45.92,"8,49 $",73.0,73 en magasin,Ramassage en magasin,Livraison
GE,"Ampoules halogènes à culot moyen pour projecteurs d'intérieur PAR30 de GE, 38 W équivalent à 50 W, paquet de 3",https://www.rona.ca/fr/produit/ampoules-halogenes-a-culot-moyen-pour-projecteurs-dinterieur-par30-de-ge-38-w-equivalent-a-50-w-paquet-de-3-93117944-32285130,https://cdn.rona.ca/images/32285130_M.jpg,chacun,18.49,10.0,8.489999999999998,45.92,"8,49 $",3.0,3 en magasin,Ramassage en magasin,Livraison
CRAFTSMAN,Tournevis plat CRAFTSMAN 3/8 po,https://www.rona.ca/fr/produit/tournevis-plat-craftsman-3-8-po-cmht65028-00276970,https://cdn.rona.ca/images/00276970_M.jpg,chacun,20.49,12.0,8.489999999999998,41.43,"7,99 $",3.0,3 en magasin,Ramassage en magasin,Livraison
PROJECT SOURCE,Ensemble balai à neige et pelle d'urgence en plastique pour la voiture Project Source,https://www.rona.ca/fr/produit/ensemble-balai-a-neige-et-pelle-durgence-en-plastique-pour-la-voiture-project-source-ps1002-66745002,https://cdn.rona.ca/images/66745002_M.jpg,chacun,23.49,15.0,8.489999999999998,36.14,"7,50 $",13.0,13 en magasin,Ramassage en magasin,Livraison
TERRE VERTE,Pulvérisateur à nématodes avec raccord pour boyau,https://www.rona.ca/fr/produit/pulverisateur-a-nematodes-avec-raccord-pour-boyau-89455155,https://cdn.rona.ca/images/89455155_M.jpg,chacun,16.29,8.0,8.29,50.89,"8,14 $",4.0,4 en magasin,Ramassage en magasin,Livraison
HOLMES,"Gants d'hiver et tuque pour homme en tricot Holmes, grand",https://www.rona.ca/fr/produit/gants-dhiver-et-tuque-pour-homme-en-tricot-holmes-grand-701132mh2-01786399,https://cdn.rona.ca/images/01786399_M.jpg,chacun,19.19,11.0,8.190000000000001,42.68,"7,68 $",2.0,2 en magasin,Ramassage en magasin,Livraison
BAZZ,"Cadre de montage pour éclairage encastré de Bazz, extensible jusqu'à 24 po",https://www.rona.ca/fr/produit/cadre-de-montage-pour-eclairage-encastre-de-bazz-extensible-jusqua-24-po-pf1101unf-1603019,https://cdn.rona.ca/images/1603019_M.jpg,chacun,12.0,4.0,8.0,66.67,8 $,4.0,4 en magasin,Ramassage en magasin,Livraison
WOODS,"Lisière multimédia protectrice de surtension, 7 prises, noir",https://www.rona.ca/fr/produit/woods-lisiere-multimedia-protectrice-de-surtension-7-prises-noir-41627-40255202,https://cdn.rona.ca/images/40255202_M.jpg,chacun,34.99,27.0,7.990000000000002,22.84,7 $,5.0,5 en magasin,Ramassage en magasin,Livraison
MOEN,Porte-serviettes simple nickel brossé Preston MOEN de 18 po,https://www.rona.ca/fr/produit/porte-serviettes-simple-nickel-brosse-preston-moen-de-18-po-dn8418bn-1502496,https://cdn.rona.ca/images/1502496_M.jpg,chacun,35.99,28.0,7.990000000000002,22.2,"7,20 $",1.0,1 en magasin,Ramassage en magasin,Livraison
MOEN,Anneau porte-serviettes mural nickel brossé Lindor par MOEN,https://www.rona.ca/fr/produit/anneau-porte-serviettes-mural-nickel-brosse-lindor-par-moen-my8786bn-15025836,https://cdn.rona.ca/images/15025836_M.jpg,chacun,36.99,29.0,7.990000000000002,21.6,"7,40 $",1.0,1 en magasin,Ramassage en magasin,Livraison
WOODS,Rallonge pour appareil ménager,https://www.rona.ca/fr/produit/woods-rallonge-pour-appareil-menager-544120-0238114,https://cdn.rona.ca/images/0238114_M.jpg,chaque,36.99,29.0,7.990000000000002,21.6,"7,40 $",6.0,6 en magasin,Ramassage en magasin,Livraison
MOEN,Anneau porte-serviettes nickel brossé Boardwalk de MOEN,https://www.rona.ca/fr/produit/anneau-porte-serviettes-nickel-brosse-boardwalk-de-moen-y3286bn-15025365,https://cdn.rona.ca/images/15025365_M.jpg,chacun,36.99,29.0,7.990000000000002,21.6,"7,40 $",7.0,7 en magasin,Ramassage en magasin,Livraison
OREGON,Guide-chaîne 14 po et chaîne AdvanceCut d'Oregon système LubriTec pour scie mécanique avec 52 maillons d'entraînement,https://www.rona.ca/fr/produit/guide-chaine-14-po-et-chaine-advancecut-doregon-systeme-lubritec-pour-scie-mecanique-avec-52-maillons-dentrainement-27856-30736888,https://cdn.rona.ca/images/30736888_M.jpg,chacun,41.99,34.0,7.990000000000002,19.03,7 $,2.0,2 en magasin,Ramassage en magasin,Livraison
WEBER,Sac de transport Weber pour barbecue portatif en plastique noir,https://www.rona.ca/fr/produit/sac-de-transport-weber-pour-barbecue-portatif-en-plastique-noir-7154-15895276,https://cdn.rona.ca/images/15895276_M.jpg,chacun,51.99,44.0,7.990000000000002,15.37,7 $,2.0,2 en magasin,Ramassage en magasin,Livraison
GLOBE ELECTRIC,"Luminaire mural d'extérieur noir Reynolds, 2-paquet, 10,24 po de haut, câblée, à base moyenne (E-26)",https://www.rona.ca/fr/produit/globe-electric-luminaire-mural-dexterieur-noir-reynolds-2-paquet-10-24-po-de-haut-cablee-a-base-moyenne-e-26-44382-00795837,https://cdn.rona.ca/images/00795837_M.jpg,chacun,52.99,45.0,7.990000000000002,15.08,"7,99 $",1.0,1 en magasin,Ramassage en magasin,Livraison
GE,"Ampoule CFL enfichable blanc doux 18W de 5,8 po F18DX par GE (1-pqt)",https://www.rona.ca/fr/produit/ampoule-cfl-enfichable-blanc-doux-18w-de-5-8-po-f18dx-par-ge-1-pqt-93118230-32285358,https://cdn.rona.ca/images/32285358_M.jpg,chacun,10.99,3.0,7.99,72.7,7 $,1.0,1 en magasin,Ramassage en magasin,Livraison
KAYCAN,"Moulure de coin en vinyle, 10' x 11/16'', moka",https://www.rona.ca/fr/produit/kaycan-moulure-de-coin-en-vinyle-10-x-11-16-moka-111568-55395093,https://cdn.rona.ca/images/55395093_M.jpg,chacun,14.99,7.0,7.99,53.3,"7,49 $",23.0,23 en magasin,Ramassage en magasin,Livraison
,"Visière, polypropylène, PETG, 11 x 8 x 7 po, taille unique",https://www.rona.ca/fr/produit/visiere-polypropylene-petg-11-x-8-x-7-po-taille-unique-501-63335001,https://cdn.rona.ca/images/63335001_M.jpg,chacun,14.99,7.0,7.99,53.3,"7,49 $",100.0,100 en magasin,Ramassage en magasin,Livraison
SPYDER,"Mèche à percussion Spyder Mach-Blue T25 de 1/4 po x 2 po, Torx (5/pqt)",https://www.rona.ca/fr/produit/meche-a-percussion-spyder-mach-blue-t25-de-1-4-po-x-2-po-torx-5-pqt-19089ca-65165231,https://cdn.rona.ca/images/65165231_M.jpg,chacun,14.99,7.0,7.99,53.3,"7,99 $",4.0,4 en magasin,Ramassage en magasin,Livraison
ELEVATION,"Moulure de transition, vinyle, 1 3/4"" x 47"", Pacifica",https://www.rona.ca/fr/produit/moulure-de-transition-vinyle-1-3-4-x-47-pacifica-66285051,https://cdn.rona.ca/images/66285051_M.jpg,chacun,16.99,9.0,7.989999999999998,47.03,"7,65 $",14.0,14 en magasin,Ramassage en magasin,Livraison
RICHARD,"Truelle à joint Richard, professionel, maçonnerie, lame en acier dur, manche en bois dur, 5 po L. x 2 1/2 po l.",https://www.rona.ca/fr/produit/truelle-a-joint-richard-professionel-maconnerie-lame-en-acier-dur-manche-en-bois-dur-5-po-l-x-2-1-2-po-l-35926-0271224,https://cdn.rona.ca/images/0271224_M.jpg,chacun,22.99,15.0,7.989999999999998,34.75,"7,99 $",3.0,3 en magasin,Ramassage en magasin,Livraison
SHUR-TRIM,"Bordure à plancher Shur-Trim, réductrice, chêne doré, teinte moyenne",https://www.rona.ca/fr/produit/bordure-a-plancher-shur-trim-reductrice-chene-dore-teinte-moyenne-fw3880gdn03-00975244,https://cdn.rona.ca/images/00975244_M.jpg,chacun,23.99,16.0,7.989999999999998,33.31,"7,20 $",8.0,8 en magasin,Ramassage en magasin,Livraison
GILMOUR,"Pistolet d'arrosage à connecteur pivotant Gilmour avec commande avant et 8 jets, usage intensif",https://www.rona.ca/fr/produit/pistolet-darrosage-a-connecteur-pivotant-gilmour-avec-commande-avant-et-8-jets-usage-intensif-825702-5002-65715218,https://cdn.rona.ca/images/65715218_M.jpg,chacun,24.99,17.0,7.989999999999998,31.97,"7,50 $",2.0,2 en magasin,Ramassage en magasin,Livraison
IRWIN,"Bobine de craie en aluminium avec craie rouge Irwin, 100 pi",https://www.rona.ca/fr/produit/bobine-de-craie-en-aluminium-avec-craie-rouge-irwin-100-pi-iwht48445rc-02445539,https://cdn.rona.ca/images/02445539_M.jpg,chacun,27.99,20.0,7.989999999999998,28.55,"7,99 $",5.0,5 en magasin,Ramassage en magasin,Livraison
CRAFTSMAN,"Ensemble d'extracteur de boulon CRAFTSMAN de 6 pièces, cannelure inversée, hexagonal, acier au carbone",https://www.rona.ca/fr/produit/ensemble-dextracteur-de-boulon-craftsman-de-6-pieces-cannelure-inversee-hexagonal-acier-au-carbone-cmat136-00276920,https://cdn.rona.ca/images/00276920_M.jpg,chacun,27.99,20.0,7.989999999999998,28.55,"7,99 $",1.0,1 en magasin,Ramassage en magasin,Livraison
EATON,"Fiche Eaton à 3 fils de 30 ampères, 125 V, noir",https://www.rona.ca/fr/produit/fiche-eaton-a-3-fils-de-30-amperes-125-v-noir-83-bx-l-04805770,https://cdn.rona.ca/images/04805770_M.jpg,chacun,29.99,22.0,7.989999999999998,26.64,"7,50 $",3.0,3 en magasin,Ramassage en magasin,Livraison
PRECISION,Vis à charpente,https://www.rona.ca/fr/produit/vis-a-charpente-63868979,https://cdn.rona.ca/images/63868979_M.jpg,boite,29.99,22.0,7.989999999999998,26.64,"7,50 $",24.0,24 en magasin,Ramassage en magasin,Livraison
RCA,"Câble de recharge 30 broches pour iPhone et iPad, 3', blanc",https://www.rona.ca/fr/produit/cable-de-recharge-30-broches-pour-iphone-et-ipad-3-blanc-10545009,https://cdn.rona.ca/images/10545009_M.jpg,chacun,29.99,22.0,7.989999999999998,26.64,"7,50 $",5.0,5 en magasin,Ramassage en magasin,Livraison
PROJECT SOURCE,"Rail d'éclairage Whisper à 3 lumières, rond, 10"", nickel brossé",https://www.rona.ca/fr/produit/project-source-rail-declairage-whisper-a-3-lumieres-rond-10-nickel-brosse-08385064,https://cdn.rona.ca/images/08385064_M.jpg,chacun,72.99,65.0,7.989999999999995,10.95,"7,99 $",1.0,1 en magasin,Ramassage en magasin,Livraison
HARBOR BREEZE,"Lanterne murale extérieure de Harbor Breeze, 36 cm, métal noir et verre",https://www.rona.ca/fr/produit/lanterne-murale-exterieure-de-harbor-breeze-36-cm-metal-noir-et-verre-ws0411008a-08385090,https://cdn.rona.ca/images/08385090_M.jpg,chacun,77.99,70.0,7.989999999999995,10.24,"7,99 $",1.0,1 en magasin,Ramassage en magasin,Livraison
PROJECT SOURCE,"Plafonnier noir simple Project Source, 12 po x 5,25 po",https://www.rona.ca/fr/produit/plafonnier-noir-simple-project-source-12-po-x-5-25-po-ws0811028a-08385088,https://cdn.rona.ca/images/08385088_M.jpg,chacun,82.99,75.0,7.989999999999995,9.63,"7,99 $",3.0,3 en magasin,Ramassage en magasin,Livraison
ARTIKA FOR LIVING,"Luminaire extérieur Glow Box 3 par Artika, DEL de 18 W, nickel satiné",https://www.rona.ca/fr/produit/artika-for-living-luminaire-exterieur-glow-box-3-par-artika-del-de-18-w-nickel-satine-out-g3ss-rn-08325183,https://cdn.rona.ca/images/08325183_M.jpg,chacun,89.99,82.0,7.989999999999995,8.88,"7,99 $",15.0,15 en magasin,Ramassage en magasin,Livraison
WOLFCRAFT,"Coupeur de bouchon auto-éjectable Wolfcraft, 1/2 po dia, tige 1/4 po, acier trempé",https://www.rona.ca/fr/produit/coupeur-de-bouchon-auto-ejectable-wolfcraft-1-2-po-dia-tige-1-4-po-acier-trempe-3382405-1137050,https://cdn.rona.ca/images/1137050_M.jpg,chacun,17.89,10.0,7.890000000000001,44.1,"7,89 $",2.0,2 en magasin,Ramassage en magasin,Livraison
WOLFCRAFT,"Foret no 10 Wolfcraft, remplacement pour no 2593, acier",https://www.rona.ca/fr/produit/foret-no-10-wolfcraft-remplacement-pour-no-2593-acier-2588405-1137220,https://cdn.rona.ca/images/1137220_M.jpg,chacun,17.89,10.0,7.890000000000001,44.1,"7,89 $",3.0,3 en magasin,Ramassage en magasin,Livraison
WOLFCRAFT,"Foret no 8 Wolfcraft, remplacement pour no 2592, acier",https://www.rona.ca/fr/produit/foret-no-8-wolfcraft-remplacement-pour-no-2592-acier-2587405-1137219,https://cdn.rona.ca/images/1137219_M.jpg,chacun,17.89,10.0,7.890000000000001,44.1,"7,89 $",1.0,1 en magasin,Ramassage en magasin,Livraison
HARRIS,"Décapant à plomberie sans plomb Harris, PF200, 2 oz",https://www.rona.ca/fr/produit/decapant-a-plomberie-sans-plomb-harris-pf200-2-oz-327802-33555006,https://cdn.rona.ca/images/33555006_M.jpg,chacun,9.79,2.0,7.789999999999999,79.57,"7,34 $",10.0,10 en magasin,Ramassage en magasin,Livraison
CAMPBELL HAUSFELD,Collecteur d'air,https://www.rona.ca/fr/produit/campbell-hausfeld-collecteur-dair-mp323000av-7345075,https://cdn.rona.ca/images/7345075_M.jpg,chacun,12.79,5.0,7.789999999999999,60.91,"7,03 $",2.0,2 en magasin,Ramassage en magasin,Livraison
KAYCAN,"Larmier Timberlake de Kaycan, vinyle gris ardoise, 2 po h. x 5/8 po É. x 12 pi L.",https://www.rona.ca/fr/produit/larmier-timberlake-de-kaycan-vinyle-gris-ardoise-2-po-h-x-5-8-po-e-x-12-pi-l-118533-55395023,https://cdn.rona.ca/images/55395023_M.jpg,chacun,13.79,6.0,7.789999999999999,56.49,"6,89 $",12.0,12 en magasin,Ramassage en magasin,Livraison
RUST-OLEUM,"Peinture en aérosol et apprêt Painter's Touch de Rust-Oleum, rose satiné (10 oz)",https://www.rona.ca/fr/produit/peinture-en-aerosol-et-appret-painters-touch-de-rust-oleum-rose-satine-10-oz-302250-03306311,https://cdn.rona.ca/images/03306311_M.jpg,chacun,14.79,7.0,7.789999999999999,52.67,"7,39 $",1.0,1 en magasin,Ramassage en magasin,Livraison
RUST-OLEUM,"Peinture et apprêt à pulvériser Painter's Touch Ultra Cover par Rust-Oleum, corail, fini lustré",https://www.rona.ca/fr/produit/peinture-et-appret-a-pulveriser-painters-touch-ultra-cover-par-rust-oleum-corail-fini-lustre-287322-03306264,https://cdn.rona.ca/images/03306264_M.jpg,chacun,14.79,7.0,7.789999999999999,52.67,"7,39 $",8.0,8 en magasin,Ramassage en magasin,Livraison
METRIE,Moulure en MDF apprêté blanc pour cadrage Metrie 1/2 po x 3 1/2 po x 10 pi,https://www.rona.ca/fr/produit/moulure-en-mdf-apprete-blanc-pour-cadrage-metrie-1-2-po-x-3-1-2-po-x-10-pi-1695176-00175870,https://cdn.rona.ca/images/00175870_M.jpg,chacun,16.79,9.0,7.789999999999999,46.4,"7,29 $",84.0,84 en magasin,Ramassage en magasin,Livraison
EATON,"Plaque murale Eaton à 3 prises de taille moyenne, ivoire (1/pqt)",https://www.rona.ca/fr/produit/plaque-murale-eaton-a-3-prises-de-taille-moyenne-ivoire-1-pqt-pj263v-sp-l-04806039,https://cdn.rona.ca/images/04806039_M.jpg,chacun,8.69,1.0,7.6899999999999995,88.49,"6,89 $",14.0,14 en magasin,Ramassage en magasin,Livraison
STA-GREEN,"Semences de fleurs sauvages Perma Green pour oiseaux et papillons, 500 g",https://www.rona.ca/fr/produit/sta-green-semences-de-fleurs-sauvages-perma-green-pour-oiseaux-et-papillons-500-g-4001204-58735004,https://cdn.rona.ca/images/58735004_M.jpg,chacun,34.49,27.0,7.490000000000002,21.72,"6,90 $",17.0,17 en magasin,Ramassage en magasin,Livraison
UBERHAUS,"Plafonnier, Whisper, DEL 17 W, blanc",https://www.rona.ca/fr/produit/uberhaus-plafonnier-whisper-del-17-w-blanc-sm-led1201-43855087,https://cdn.rona.ca/images/43855087_M.jpg,chacun,37.49,30.0,7.490000000000002,19.98,"7,49 $",3.0,3 en magasin,Ramassage en magasin,Livraison
GE,"Tube en verre fluorescent à DEL sous-armoire, GE, 6 po, 4 W, blanc froid",https://www.rona.ca/fr/produit/tube-en-verre-fluorescent-a-del-sous-armoire-ge-6-po-4-w-blanc-froid-00622-32285071,https://cdn.rona.ca/images/32285071_M.jpg,chacun,8.49,1.0,7.49,88.22,"6,90 $",1.0,1 en magasin,Ramassage en magasin,Livraison
DREMEL,"Forets à graver Dremel, acier allié, 2 par paquet, 1/8 po dia",https://www.rona.ca/fr/produit/forets-a-graver-dremel-acier-allie-2-par-paquet-1-8-po-dia-106-1916007,https://cdn.rona.ca/images/1916007_M.jpg,chaque,9.49,2.0,7.49,78.93,"7,49 $",12.0,12 en magasin,Ramassage en magasin,Livraison
METALTECH,"Goupille d'attelage pour échafaud MetalTech, acier galvanisé, normes ANSI, homologué CSA",https://www.rona.ca/fr/produit/goupille-dattelage-pour-echafaud-metaltech-acier-galvanise-normes-ansi-homologue-csa-m-mlc1-49285005,https://cdn.rona.ca/images/49285005_M.jpg,chacun,13.49,6.0,7.49,55.52,"6,74 $",50.0,50 en magasin,Ramassage en magasin,Livraison
MULTINAUTIC,"Amarre blanche avec épissure, 3/8 po x 15 pi",https://www.rona.ca/fr/produit/amarre-blanche-avec-epissure-3-8-po-x-15-pi-70615112,https://cdn.rona.ca/images/70615112_M.jpg,chacun,16.49,9.0,7.489999999999998,45.42,"6,60 $",2.0,2 en magasin,Ramassage en magasin,Livraison
CRAFTSMAN,"Tournevis Phillips CRAFTSMAN en acier, n° 2, 12 po, bleu et transparent",https://www.rona.ca/fr/produit/tournevis-phillips-craftsman-en-acier-n-2-12-po-bleu-et-transparent-cmht65007-00276966,https://cdn.rona.ca/images/00276966_M.jpg,chacun,17.49,10.0,7.489999999999998,42.82,"7,49 $",4.0,4 en magasin,Ramassage en magasin,Livraison
SAFER'S,Herbicide organique non sélectif,https://www.rona.ca/fr/produit/safers-herbicide-organique-non-selectif-04-5100can-1309019,https://cdn.rona.ca/images/1309019_M.jpg,chacun,13.29,6.0,7.289999999999999,54.85,"7,04 $",26.0,26 en magasin,Ramassage en magasin,Livraison
BLOEM,"Pot à auto-irrigation Ariana de Bloem 1/pqt 12 x 10,1 po bleu brume plastique",https://www.rona.ca/fr/produit/pot-a-auto-irrigation-ariana-de-bloem-1-pqt-12-x-10-1-po-bleu-brume-plastique-ap1237-49965011,https://cdn.rona.ca/images/49965011_M.jpg,chacun,13.29,6.0,7.289999999999999,54.85,"6,30 $",5.0,5 en magasin,Ramassage en magasin,Livraison
MOEN,Crochet pour serviettes double nickel brossé Lindor par MOEN,https://www.rona.ca/fr/produit/crochet-pour-serviettes-double-nickel-brosse-lindor-par-moen-my8703bn-15025835,https://cdn.rona.ca/images/15025835_M.jpg,chacun,33.99,27.0,6.990000000000002,20.56,"6,80 $",8.0,8 en magasin,Ramassage en magasin,Livraison
CANARM,"Plafonnier sphérique Canarm Camilo, or, verre clair, 60 W",https://www.rona.ca/fr/produit/plafonnier-spherique-canarm-camilo-or-verre-clair-60-w-ifm1029a08gd-cl-05115770,https://cdn.rona.ca/images/05115770_M.jpg,chacun,61.99,55.0,6.990000000000002,11.28,"6,99 $",1.0,1 en magasin,Ramassage en magasin,Livraison
BROIL KING,Soulève-grille en acier inoxydable pour barbecue Broil King,https://www.rona.ca/fr/produit/souleve-grille-en-acier-inoxydable-pour-barbecue-broil-king-60745-16666364,https://cdn.rona.ca/images/16666364_M.jpg,chacun,8.99,2.0,6.99,77.75,"6,99 $",5.0,5 en magasin,Ramassage en magasin,Livraison
RICHARD,"Lame de rechange pour grattoir à peinture Richard, carbure, forme convexe, 2 po l.",https://www.rona.ca/fr/produit/lame-de-rechange-pour-grattoir-a-peinture-richard-carbure-forme-convexe-2-po-l-04624-0271481,https://cdn.rona.ca/images/0271481_M.jpg,chacun,10.99,4.0,6.99,63.6,"6,59 $",1.0,1 en magasin,Ramassage en magasin,Livraison
DAP,"Bouche-pores pour bois polyvalent Wood Pro de DAP, latex, chêne rouge, 170 g",https://www.rona.ca/fr/produit/bouche-pores-pour-bois-polyvalent-wood-pro-de-dap-latex-chene-rouge-170-g-7079874290-04915195,https://cdn.rona.ca/images/04915195_M.jpg,chacun,12.99,6.0,6.99,53.81,"6,49 $",3.0,3 en magasin,Ramassage en magasin,Livraison
MINWAX,Crayon de teinture,https://www.rona.ca/fr/produit/minwax-crayon-de-teinture-23486-1449248,https://cdn.rona.ca/images/1449248_M.jpg,chacun,13.99,7.0,6.99,49.96,"6,99 $",1.0,1 en magasin,Ramassage en magasin,Livraison
SECRET DU METIER,"Bouche-pores en poudre Secret du Métier 150 g, ébène",https://www.rona.ca/fr/produit/secret-du-metier-bouche-pores-en-poudre-secret-du-metier-150-g-ebene-689004-36115018,https://cdn.rona.ca/images/36115018_M.jpg,chacun,16.99,10.0,6.989999999999998,41.14,"6,99 $",10.0,10 en magasin,Ramassage en magasin,Livraison
ELEVATION,"Moulure de transition, vinyle, 1 3/4"" x 47"", Millenium",https://www.rona.ca/fr/produit/moulure-de-transition-vinyle-1-3-4-x-47-millenium-66285050,https://cdn.rona.ca/images/66285050_M.jpg,chacun,16.99,10.0,6.989999999999998,41.14,"6,80 $",3.0,3 en magasin,Ramassage en magasin,Livraison
SECRET DU METIER,"Bouche-pores en poudre Secret du Métier 150 g, chêne blanc",https://www.rona.ca/fr/produit/secret-du-metier-bouche-pores-en-poudre-secret-du-metier-150-g-chene-blanc-689006-36115014,https://cdn.rona.ca/images/36115014_M.jpg,chacun,16.99,10.0,6.989999999999998,41.14,"6,99 $",1.0,1 en magasin,Ramassage en magasin,Livraison
SECRET DU METIER,"Bouche-pores en poudre Secret du Métier 150 g, noyer",https://www.rona.ca/fr/produit/secret-du-metier-bouche-pores-en-poudre-secret-du-metier-150-g-noyer-689005-36115019,https://cdn.rona.ca/images/36115019_M.jpg,chacun,16.99,10.0,6.989999999999998,41.14,"6,99 $",1.0,1 en magasin,Ramassage en magasin,Livraison
SECRET DU METIER,"Bouche-pores en poudre Secret du Métier 150 g, chêne rouge",https://www.rona.ca/fr/produit/secret-du-metier-bouche-pores-en-poudre-secret-du-metier-150-g-chene-rouge-689003-36115017,https://cdn.rona.ca/images/36115017_M.jpg,chacun,16.99,10.0,6.989999999999998,41.14,"6,99 $",2.0,2 en magasin,Ramassage en magasin,Livraison
SECRET DU METIER,"Bouche-pores en poudre Secret du Métier 150 g, naturel",https://www.rona.ca/fr/produit/secret-du-metier-bouche-pores-en-poudre-secret-du-metier-150-g-naturel-689002-36115016,https://cdn.rona.ca/images/36115016_M.jpg,chacun,16.99,10.0,6.989999999999998,41.14,"6,99 $",2.0,2 en magasin,Ramassage en magasin,Livraison
WAIT,Filtre d'humidificateur de rechange Wait,https://www.rona.ca/fr/produit/filtre-dhumidificateur-de-rechange-wait-rf2000-04355063,https://cdn.rona.ca/images/04355063_M.jpg,chacun,17.99,11.0,6.989999999999998,38.85,"6,30 $",1.0,1 en magasin,Ramassage en magasin,Livraison
GILMOUR,Arroseur pivotant Gilmour à réglages multiples,https://www.rona.ca/fr/produit/arroseur-pivotant-gilmour-a-reglages-multiples-813483-5005-65715194,https://cdn.rona.ca/images/65715194_M.jpg,chacun,19.99,13.0,6.989999999999998,34.97,6 $,4.0,4 en magasin,Ramassage en magasin,Livraison
SHUR-TRIM,"Moulure réductrice Shur-Trim, argent naturel martelé, chêne, bordure à plancher",https://www.rona.ca/fr/produit/moulure-reductrice-shur-trim-argent-naturel-martele-chene-bordure-a-plancher-fw3880nat03-0097064,https://cdn.rona.ca/images/0097064_M.jpg,chacun,20.99,14.0,6.989999999999998,33.3,"6,30 $",4.0,4 en magasin,Ramassage en magasin,Livraison
MR. BAR-B-Q,Ensemble de 9 outils pour gril Mr. Bar-B-Q en acier inoxydable,https://www.rona.ca/fr/produit/ensemble-de-9-outils-pour-gril-mr-bar-b-q-en-acier-inoxydable-00930lc-34085112,https://cdn.rona.ca/images/34085112_M.jpg,chacun,20.99,14.0,6.989999999999998,33.3,6 $,6.0,6 en magasin,Ramassage en magasin,Livraison
DREMEL,"Brosse à préparer les surfaces Dremel, 4 po, carbure de silicium, 13 000 tr/min",https://www.rona.ca/fr/produit/brosse-a-preparer-les-surfaces-dremel-4-po-carbure-de-silicium-13-000-tr-min-us400-01-19835887,https://cdn.rona.ca/images/19835887_M.jpg,chacun,21.99,15.0,6.989999999999998,31.79,"6,99 $",2.0,2 en magasin,Ramassage en magasin,Livraison
GILMOUR,Pistolet d'arrosage en TPR très robuste à 8 jets de Gilmour avec commande au pouce,https://www.rona.ca/fr/produit/pistolet-darrosage-en-tpr-tres-robuste-a-8-jets-de-gilmour-avec-commande-au-pouce-825502-5002-65715214,https://cdn.rona.ca/images/65715214_M.jpg,chacun,22.99,16.0,6.989999999999998,30.4,"6,90 $",33.0,33 en magasin,Ramassage en magasin,Livraison
GILMOUR,"Arroseur rond à tourelle de Gilmour 60 lb/po² 8 jets et à usage intensif, couvre 35 pi²",https://www.rona.ca/fr/produit/arroseur-rond-a-tourelle-de-gilmour-60-lb-po2-8-jets-et-a-usage-intensif-couvre-35-pi2-859563-5011-20245027,https://cdn.rona.ca/images/20245027_M.jpg,chacun,22.99,16.0,6.989999999999998,30.4,"6,90 $",5.0,5 en magasin,Ramassage en magasin,Livraison
JOHN DEERE,"Filtre à air en papier John Deere, moteur 4 temps 190 cc",https://www.rona.ca/fr/produit/filtre-a-air-en-papier-john-deere-moteur-4-temps-190-cc-gy21345-30735918,https://cdn.rona.ca/images/30735918_M.jpg,chacun,22.99,16.0,6.989999999999998,30.4,"6,90 $",1.0,1 en magasin,Ramassage en magasin,Livraison
,"Panneau dur perforé Goodfellow, brun, 1/8"" x 8' x 4'",https://www.rona.ca/fr/produit/panneau-dur-perfore-goodfellow-brun-1-8-x-8-x-4-899454401-5120016,https://cdn.rona.ca/images/5120016_M.jpg,chacun,23.99,17.0,6.989999999999998,29.14,"6,99 $",1.0,1 en magasin,Ramassage en magasin,Livraison
EATON,"Fiche de mise à terre Arrow Hart d'Eaton à 3 fils de 15 ampères, 125 volts, noir",https://www.rona.ca/fr/produit/fiche-de-mise-a-terre-arrow-hart-deaton-a-3-fils-de-15-amperes-125-volts-noir-ah5266bk-f-l-04805956,https://cdn.rona.ca/images/04805956_M.jpg,chacun,24.99,18.0,6.989999999999998,27.97,"6,25 $",5.0,5 en magasin,Ramassage en magasin,Livraison
ECOSENSE,"Herbicide pour mousse et algues Moss B Gon(MD), 1 l",https://www.rona.ca/fr/produit/herbicide-pour-mousse-et-algues-moss-b-gonmd-1-l-12675242,https://cdn.rona.ca/images/12675242_M.jpg,chacun,24.99,18.0,6.989999999999998,27.97,"6,25 $",38.0,38 en magasin,Ramassage en magasin,Livraison
MIBRO,ENSEMBLE D'APPLICATEUR DE COLLE,https://www.rona.ca/fr/produit/mibro-ensemble-dapplicateur-de-colle-4651405-11375060,https://cdn.rona.ca/images/11375060_M.jpg,chacun,24.99,18.0,6.989999999999998,27.97,"6,25 $",2.0,2 en magasin,Ramassage en magasin,Livraison
PIT BOSS,Pinceau à badigeonner Pit Boss Pro en acier plaqué/plastique,https://www.rona.ca/fr/produit/pinceau-a-badigeonner-pit-boss-pro-en-acier-plaque-plastique-40849-16335009,https://cdn.rona.ca/images/16335009_M.jpg,chacun,25.99,19.0,6.989999999999998,26.89,6 $,2.0,2 en magasin,Ramassage en magasin,Livraison
MOONRAYS,Projecteur solaire sur piquet Moonrays avec panneau solaire plastique noir,https://www.rona.ca/fr/produit/projecteur-solaire-sur-piquet-moonrays-avec-panneau-solaire-plastique-noir-26004mr-47135110,https://cdn.rona.ca/images/47135110_M.jpg,chacun,25.99,19.0,6.989999999999998,26.89,6 $,18.0,18 en magasin,Ramassage en magasin,Livraison
AIR KING,Moteur d'humidificateur avec embrayage Wait d'AIr King,https://www.rona.ca/fr/produit/moteur-dhumidificateur-avec-embrayage-wait-dair-king-4a172134-0435014,https://cdn.rona.ca/images/0435014_M.jpg,chacun,26.99,20.0,6.989999999999998,25.9,"6,99 $",8.0,8 en magasin,Ramassage en magasin,Livraison
RAIN BIRD,"Boîte circulaire Rain Bird pour valve d'irrigation plastique 10,5 po",https://www.rona.ca/fr/produit/boite-circulaire-rain-bird-pour-valve-dirrigation-plastique-10-5-po-vbrnd10-32025081,https://cdn.rona.ca/images/32025081_M.jpg,chacun,28.99,22.0,6.989999999999998,24.11,"6,99 $",1.0,1 en magasin,Ramassage en magasin,Livraison
POLARMADE,"Kit de rallonge de poignée Polarmade, aluminium, 10 pi",https://www.rona.ca/fr/produit/kit-de-rallonge-de-poignee-polarmade-aluminium-10-pi-3001-57845001,https://cdn.rona.ca/images/57845001_M.jpg,chacun,29.99,23.0,6.989999999999998,23.31,6 $,1.0,1 en magasin,Ramassage en magasin,Livraison
MOEN,Crochet pour serviettes noir mat Iso par MOEN,https://www.rona.ca/fr/produit/crochet-pour-serviettes-noir-mat-iso-par-moen-dn0703bl-15025901,https://cdn.rona.ca/images/15025901_M.jpg,chacun,30.99,24.0,6.989999999999998,22.56,"6,20 $",2.0,2 en magasin,Ramassage en magasin,Livraison
MTD,Jeu de 2 lames pour tracteur de pelouse MTD en acier noir 38 po,https://www.rona.ca/fr/produit/jeu-de-2-lames-pour-tracteur-de-pelouse-mtd-en-acier-noir-38-po-490-110-n114-80495109,https://cdn.rona.ca/images/80495109_M.jpg,chacun,65.99,59.0,6.989999999999995,10.59,6 $,3.0,3 en magasin,Ramassage en magasin,Livraison
GE,"Anneau décoratif RS4 pour luminaire encastré de 4 po par GE, en nickel brossé",https://www.rona.ca/fr/produit/anneau-decoratif-rs4-pour-luminaire-encastre-de-4-po-par-ge-en-nickel-brosse-93128910-41537522,https://cdn.rona.ca/images/41537522_M.jpg,chacun,9.98,3.0,6.98,69.94,"6,98 $",17.0,17 en magasin,Ramassage en magasin,Livraison
CRAFTSMAN,"Douille à 6 pans CRAFTSMAN, acier, 7/16 po, prise de 3/8 po",https://www.rona.ca/fr/produit/douille-a-6-pans-craftsman-acier-7-16-po-prise-de-3-8-po-cmmt43331-00277254,https://cdn.rona.ca/images/00277254_M.jpg,chacun,7.79,1.0,6.79,87.16,"6,79 $",35.0,35 en magasin,Ramassage en magasin,Livraison
JOHNSON,"Mètre Johnson, aluminium, 1 1/8 po x 3/4 po x 40 po",https://www.rona.ca/fr/produit/metre-johnson-aluminium-1-1-8-po-x-3-4-po-x-40-po-m391-0704062,https://cdn.rona.ca/images/0704062_M.jpg,chacun,11.79,5.0,6.789999999999999,57.59,"6,79 $",2.0,2 en magasin,Ramassage en magasin,Livraison
WOLFCRAFT,"Manchon de ponçage Wolfcraft, oxyde d'aluminium abrasif, dos en tissu, paquet de 2",https://www.rona.ca/fr/produit/manchon-de-poncage-wolfcraft-oxyde-daluminium-abrasif-dos-en-tissu-paquet-de-2-2656-1137183,https://cdn.rona.ca/images/1137183_M.jpg,chacun,11.79,5.0,6.789999999999999,57.59,"5,89 $",1.0,1 en magasin,Ramassage en magasin,Livraison
GE,"Ampoules de remplacement DEL blanc doux HD RELAX de GE de 60W pour ventilateur de plafond, culot candélabre A15 (2/pqt)",https://www.rona.ca/fr/produit/ampoules-de-remplacement-del-blanc-doux-hd-relax-de-ge-de-60w-pour-ventilateur-de-plafond-culot-candelabre-a15-2-pqt-93118810-32285202,https://cdn.rona.ca/images/32285202_M.jpg,chacun,16.79,10.0,6.789999999999999,40.44,"6,72 $",6.0,6 en magasin,Ramassage en magasin,Livraison
GE,"Ampoule fluorescente T5 45,2 po de GE 28 W blanc brillant à culot G5",https://www.rona.ca/fr/produit/ampoule-fluorescente-t5-45-2-po-de-ge-28-w-blanc-brillant-a-culot-g5-93119110-32285316,https://cdn.rona.ca/images/32285316_M.jpg,chacun,16.79,10.0,6.789999999999999,40.44,"6,72 $",1.0,1 en magasin,Ramassage en magasin,Livraison
GE LIGHTING,"Ampoule DEL Refresh HD 60W EQ A15 claire par GE Lighting, 5000K (2/pqt)",https://www.rona.ca/fr/produit/ampoule-del-refresh-hd-60w-eq-a15-claire-par-ge-lighting-5000k-2-pqt-93131205-32285603,https://cdn.rona.ca/images/32285603_M.jpg,chacun,16.79,10.0,6.789999999999999,40.44,"6,72 $",5.0,5 en magasin,Ramassage en magasin,Livraison
OREGON,"Chaîne pour scie mécanique Oregon D72, pas de chaîne de 3/8 po, calibre de 0,05 po, longueur du guide 20 po",https://www.rona.ca/fr/produit/chaine-pour-scie-mecanique-oregon-d72-pas-de-chaine-de-3-8-po-calibre-de-0-05-po-longueur-du-guide-20-po-30735432,https://cdn.rona.ca/images/30735432_M.jpg,chacun,35.49,29.0,6.490000000000002,18.29,"5,50 $",2.0,2 en magasin,Ramassage en magasin,Livraison
GLOBE ELECTRIC,"Applique murale 2 en 1 LeClair de Globe Electric avec bras ajustable, 9,5 po x 6,5 po, métal/verre, chrome",https://www.rona.ca/fr/produit/applique-murale-2-en-1-leclair-de-globe-electric-avec-bras-ajustable-9-5-po-x-6-5-po-metal-verre-chrome-65704-00795878,https://cdn.rona.ca/images/00795878_M.jpg,chacun,46.49,40.0,6.490000000000002,13.96,"6,49 $",1.0,1 en magasin,Ramassage en magasin,Livraison
RUST-OLEUM,"Papiers abrasifs multisurface Gator, oxyde d'aluminium, grain 150, 11 po L. x 9 po l., paquet de 4",https://www.rona.ca/fr/produit/rust-oleum-papiers-abrasifs-multisurface-gator-oxyde-daluminium-grain-150-11-po-l-x-9-po-l-paquet-de-4-4442012-77375356,https://cdn.rona.ca/images/77375356_M.jpg,paquet,9.49,3.0,6.49,68.39,"5,69 $",1.0,1 en magasin,Ramassage en magasin,Livraison
FREUD,"Roulement à billes de remplacement 3/8 po Freud, 56/44 po dia x 1/8 po H., 56/64 po dia trou, acier",https://www.rona.ca/fr/produit/roulement-a-billes-de-remplacement-3-8-po-freud-56-44-po-dia-x-1-8-po-h-56-64-po-dia-trou-acier-62-108-0696095,https://cdn.rona.ca/images/0696095_M.jpg,chacun,11.49,5.0,6.49,56.48,"6,49 $",4.0,4 en magasin,Ramassage en magasin,Livraison
COMMAND,"Crochets traditionnels autocollants Command, en plastique, nickel brossé, 3 crochets",https://www.rona.ca/fr/produit/crochets-traditionnels-autocollants-command-en-plastique-nickel-brosse-3-crochets-17051bnc-vp-02095565,https://cdn.rona.ca/images/02095565_M.jpg,chacun,15.49,9.0,6.49,41.9,"5,73 $",7.0,7 en magasin,Ramassage en magasin,Livraison
GILMOUR,"Lance d'arrosage pivotante, métal, 3/4"", noir et aqua",https://www.rona.ca/fr/produit/gilmour-lance-darrosage-pivotante-metal-3-4-noir-et-aqua-820432-5001-20245086,https://cdn.rona.ca/images/20245086_M.jpg,chacun,20.49,14.0,6.489999999999998,31.67,"6,15 $",12.0,12 en magasin,Ramassage en magasin,Livraison
STA-GREEN,Engrais de pelouse d'automne 12-0-18 Sta-Green en format de 6 kg,https://www.rona.ca/fr/produit/engrais-de-pelouse-dautomne-12-0-18-sta-green-en-format-de-6-kg-23967-12675471,https://cdn.rona.ca/images/12675471_M.jpg,chacun,21.49,15.0,6.489999999999998,30.2,"5,50 $",13.0,13 en magasin,Ramassage en magasin,Livraison
PRECISION,"Vis à gypse à tête mince en métal Precision, zinguées, empreinte carrée, boîte de 1 lb, no 8 x 9/16 po L.",https://www.rona.ca/fr/produit/vis-a-gypse-a-tete-mince-en-metal-precision-zinguees-empreinte-carree-boite-de-1-lb-no-8-x-9-16-po-l-514-316-63868984,https://cdn.rona.ca/images/63868984_M.jpg,boite,23.39,17.0,6.390000000000001,27.32,"5,85 $",5.0,5 en magasin,Ramassage en magasin,Livraison
SHUR-TRIM,Tige pour tapis d'escalier 30 po,https://www.rona.ca/fr/produit/shur-trim-tige-pour-tapis-descalier-30-po-sr5030brs-1285028,https://cdn.rona.ca/images/1285028_M.jpg,chacun,7.39,1.0,6.39,86.47,"5,54 $",10.0,10 en magasin,Ramassage en magasin,Livraison
WIHA,"Paquet de 2 embouts de tournevis à chocs Torx T20 TerminatorBlue de Wiha, acier, 3,5 po",https://www.rona.ca/fr/produit/paquet-de-2-embouts-de-tournevis-a-chocs-torx-t20-terminatorblue-de-wiha-acier-3-5-po-70319-98325023,https://cdn.rona.ca/images/98325023_M.jpg,paquet,7.29,1.0,6.29,86.28,"6,29 $",9.0,9 en magasin,Ramassage en magasin,Livraison
WIHA,"Paquet de 2 embouts de tournevis à chocs Torx T30 TerminatorBlue de Wiha, acier, 3,5 po",https://www.rona.ca/fr/produit/paquet-de-2-embouts-de-tournevis-a-chocs-torx-t30-terminatorblue-de-wiha-acier-3-5-po-70322-98325025,https://cdn.rona.ca/images/98325025_M.jpg,paquet,7.29,1.0,6.29,86.28,"6,29 $",2.0,2 en magasin,Ramassage en magasin,Livraison
JOHNSON,"Détecteur de montant avec niveau intégré Johnson, magnétique, noir",https://www.rona.ca/fr/produit/detecteur-de-montant-avec-niveau-integre-johnson-magnetique-noir-160-0704128,https://cdn.rona.ca/images/0704128_M.jpg,chacun,11.29,5.0,6.289999999999999,55.71,"6,29 $",1.0,1 en magasin,Ramassage en magasin,Livraison
VILEDA,"Nettoyant pour planchers Pacs par Vileda senteur de lavande, 10/pqt",https://www.rona.ca/fr/produit/nettoyant-pour-planchers-pacs-par-vileda-senteur-de-lavande-10-pqt-172843-78565136,https://cdn.rona.ca/images/78565136_M.jpg,chacun,13.19,7.0,6.1899999999999995,46.93,"6,19 $",10.0,10 en magasin,Ramassage en magasin,Livraison
VILEDA,"Nettoyant pour planchers Pacs par Vileda senteur d'agrumes, 10/pqt",https://www.rona.ca/fr/produit/nettoyant-pour-planchers-pacs-par-vileda-senteur-dagrumes-10-pqt-172827-78565135,https://cdn.rona.ca/images/78565135_M.jpg,chacun,13.19,7.0,6.1899999999999995,46.93,"6,19 $",9.0,9 en magasin,Ramassage en magasin,Livraison
LG,"Four à micro-ondes intelligent à hotte intégrée de 1,8 pi³ LG, acier inoxydable antiemprteinte",https://www.rona.ca/fr/produit/four-a-micro-ondes-intelligent-a-hotte-integree-de-1-8-pi3-lg-acier-inoxydable-antiemprteinte-mvem1825f-30895387,https://cdn.rona.ca/images/30895387_M.jpg,chacun,395.0,389.0,6.0,1.52,6 $,,,,Livraison
LG,"Micro-ondes intelligent à hotte intégrée LG 2,1 pi³ acier inoxydable",https://www.rona.ca/fr/produit/micro-ondes-intelligent-a-hotte-integree-lg-2-1-pi3-acier-inoxydable-mvel2125f-30895366,https://cdn.rona.ca/images/30895366_M.jpg,chacun,595.0,589.0,6.0,1.01,6 $,,,,Livraison
FRIGIDAIRE,"Cuisinière autoportante à induction de 30 po Frigidaire, cuisson par convection, acier inoxydable",https://www.rona.ca/fr/produit/cuisiniere-autoportante-a-induction-de-30-po-frigidaire-cuisson-par-convection-acier-inoxydable-fcfi308cas-10355706,https://cdn.rona.ca/images/10355706_M.jpg,chacun,795.0,789.0,6.0,0.75,6 $,,,Ramassage en magasin,Livraison
LG STUDIO,"Four mural électrique simple LG Studio de 4,7 pi³ autonettoyant avec friteuse à air (acier inoxydable)",https://www.rona.ca/fr/produit/four-mural-electrique-simple-lg-studio-de-4-7-pi3-autonettoyant-avec-friteuse-a-air-acier-inoxydable-wses4728f-30895344,https://cdn.rona.ca/images/30895344_M.jpg,chacun,995.0,989.0,6.0,0.6,6 $,,,,Livraison
PROJECT SOURCE,"Plafonniers ronds au style traditionnel Project Source, 60 W, 11,3 pouces, blanc, ensemble de 2",https://www.rona.ca/fr/produit/plafonniers-ronds-au-style-traditionnel-project-source-60-w-11-3-pouces-blanc-ensemble-de-2-fm0053-43855030,https://cdn.rona.ca/images/43855030_M.jpg,chacun,32.99,27.0,5.990000000000002,18.16,"5,99 $",1.0,1 en magasin,Ramassage en magasin,Livraison
HARBOR BREEZE,"Cordon lumineux Harbor Breeze de 30 pi, DEL blanc chaud",https://www.rona.ca/fr/produit/cordon-lumineux-harbor-breeze-de-30-pi-del-blanc-chaud-jlw56965fob-18106039,https://cdn.rona.ca/images/18106039_M.jpg,chacun,34.99,29.0,5.990000000000002,17.12,5 $,10.0,10 en magasin,Ramassage en magasin,Livraison
MTD,Filtre à air moteur Powermore série 382 et 439 cc MTD noir,https://www.rona.ca/fr/produit/filtre-a-air-moteur-powermore-serie-382-et-439-cc-mtd-noir-490-200-n070-80495158,https://cdn.rona.ca/images/80495158_M.jpg,chacun,34.99,29.0,5.990000000000002,17.12,5 $,10.0,10 en magasin,Ramassage en magasin,Livraison
TECHNISEAL,"Apprêt à base d'eau pour protecteur Carbopoxy Techniseal blanc, 3,78 L",https://www.rona.ca/fr/produit/appret-a-base-deau-pour-protecteur-carbopoxy-techniseal-blanc-3-78-l-149-763-79245096,https://cdn.rona.ca/images/79245096_M.jpg,chacun,36.99,31.0,5.990000000000002,16.19,"5,55 $",4.0,4 en magasin,Ramassage en magasin,Livraison
SICO SURFACE NET,"Peinture teintable multicolore Sico Clean Surface Technology, base 2, fini coquille d'oeuf (31,99 onces)",https://www.rona.ca/fr/produit/sico-surface-net-peinture-teintable-multicolore-sico-clean-surface-technology-base-2-fini-coquille-doeuf-31-99-onces-383-502-946ml-50317239,https://cdn.rona.ca/images/50317239_M.jpg,chacun,36.99,31.0,5.990000000000002,16.19,"5,55 $",38.0,38 en magasin,Ramassage en magasin,Livraison
BELL + HOWELL,Lumière de cloture DEL à énergie solaire Bell + Howell 4-paquet Premiere 2-watt,https://www.rona.ca/fr/produit/lumiere-de-cloture-del-a-energie-solaire-bell-howell-4-paquet-premiere-2-watt-8576fe-11815063,https://cdn.rona.ca/images/11815063_M.jpg,chacun,39.99,34.0,5.990000000000002,14.98,5 $,7.0,7 en magasin,Ramassage en magasin,Livraison
BELL + HOWELL,Lumières décorative d'extérieur DEL à énergie solaire Bell + Howell 2-paquet noir,https://www.rona.ca/fr/produit/lumieres-decorative-dexterieur-del-a-energie-solaire-bell-howell-2-paquet-noir-8208fel-11815066,https://cdn.rona.ca/images/11815066_M.jpg,chacun,44.99,39.0,5.990000000000002,13.31,5 $,25.0,25 en magasin,Ramassage en magasin,Livraison
CRAFTSMAN,Guide-chaîne et chaîne CRAFTSMAN S52 14 po,https://www.rona.ca/fr/produit/guide-chaine-et-chaine-craftsman-s52-14-po-cmxgzam700125-41537732,https://cdn.rona.ca/images/41537732_M.jpg,chacun,49.99,44.0,5.990000000000002,11.98,5 $,2.0,2 en magasin,Ramassage en magasin,Livraison
HUSQVARNA,"Bobine de fil pour coupe-bordures Titanium Force de Husqvarna copolymère noir 0,095 po x 840 pi",https://www.rona.ca/fr/produit/bobine-de-fil-pour-coupe-bordures-titanium-force-de-husqvarna-copolymere-noir-0-095-po-x-840-pi-597074701-82305346,https://cdn.rona.ca/images/82305346_M.jpg,chacun,54.99,49.0,5.990000000000002,10.89,5 $,5.0,5 en magasin,Ramassage en magasin,Livraison
BEN-MOR,"Corde tressée en diamant Ben-Mor, nylon, rouge, 50 pi x 5/32 po",https://www.rona.ca/fr/produit/corde-tressee-en-diamant-ben-mor-nylon-rouge-50-pi-x-5-32-po-60738-pre-35005291,https://cdn.rona.ca/images/35005291_M.jpg,chacun,7.99,2.0,5.99,74.97,"5,99 $",8.0,8 en magasin,Ramassage en magasin,Livraison
PROJECT SELECT,"Tampon de rechange pour applicateur de teinture Project Select Simms, antidéchirure, pour surface rugueuse, 7 po l.",https://www.rona.ca/fr/produit/tampon-de-rechange-pour-applicateur-de-teinture-project-select-simms-antidechirure-pour-surface-rugueuse-7-po-l-pd7010-01585193,https://cdn.rona.ca/images/01585193_M.jpg,chacun,7.99,2.0,5.99,74.97,"5,99 $",20.0,20 en magasin,Ramassage en magasin,Livraison
MOONRAYS,Lampe solaire DEL avec verre nervuré Moonrays Fusion 1-paquet inox,https://www.rona.ca/fr/produit/lampe-solaire-del-avec-verre-nervure-moonrays-fusion-1-paquet-inox-25103mr-47135101,https://cdn.rona.ca/images/47135101_M.jpg,chacun,9.99,4.0,5.99,59.96,5 $,5.0,5 en magasin,Ramassage en magasin,Livraison
IMPERIAL,"Registre de plancher Imperial, acier peint de couleur beige, 3 po de large x 10 po de long",https://www.rona.ca/fr/produit/registre-de-plancher-imperial-acier-peint-de-couleur-beige-3-po-de-large-x-10-po-de-long-rg0205-1224288,https://cdn.rona.ca/images/1224288_M.jpg,chacun,11.99,6.0,5.99,49.96,"5,99 $",8.0,8 en magasin,Ramassage en magasin,Livraison
SPYDER,"Embouts de tournevis à percussion carrés nº 2 Mach-Blue de Spyder, 1/4 x 1 po, 5 mcx",https://www.rona.ca/fr/produit/embouts-de-tournevis-a-percussion-carres-n-2-mach-blue-de-spyder-1-4-x-1-po-5-mcx-19085ca-65165224,https://cdn.rona.ca/images/65165224_M.jpg,chacun,12.99,7.0,5.99,46.11,"5,99 $",4.0,4 en magasin,Ramassage en magasin,Livraison
SPYDER,Ensemble 5 pièces de mèches à percussion de 1/4 po x 1 po T25 Mach-Blue par Spyder,https://www.rona.ca/fr/produit/ensemble-5-pieces-de-meches-a-percussion-de-1-4-po-x-1-po-t25-mach-blue-par-spyder-19086ca-65165228,https://cdn.rona.ca/images/65165228_M.jpg,chacun,12.99,7.0,5.99,46.11,"5,99 $",3.0,3 en magasin,Ramassage en magasin,Livraison
SPYDER,"Embouts de tournevis à chocs cruciforme nº 2 en acier Mach-Blue de Spyder, 1/4 x 1 po, 5 mx",https://www.rona.ca/fr/produit/embouts-de-tournevis-a-chocs-cruciforme-n-2-en-acier-mach-blue-de-spyder-1-4-x-1-po-5-mx-19084ca-65165223,https://cdn.rona.ca/images/65165223_M.jpg,chacun,12.99,7.0,5.99,46.11,"5,99 $",4.0,4 en magasin,Ramassage en magasin,Livraison
KNAPE & VOGT,Supports à tablette décoratifs Manchester de Knape & Vogt - Fini nickel satiné - Acier - 8 po L. x 3/4 po l.,https://www.rona.ca/fr/produit/supports-a-tablette-decoratifs-manchester-de-knape-vogt-fini-nickel-satine-acier-8-po-l-x-3-4-po-l-200msn8-02335365,https://cdn.rona.ca/images/02335365_M.jpg,chacun,16.99,11.0,5.989999999999998,35.26,"5,10 $",1.0,1 en magasin,Ramassage en magasin,Livraison
KNAPE & VOGT,Supports à tablette décoratifs Concord de Knape & Vogt - Fini nickel satiné - Acier - 8 po L. x 3/4 po l.,https://www.rona.ca/fr/produit/supports-a-tablette-decoratifs-concord-de-knape-vogt-fini-nickel-satine-acier-8-po-l-x-3-4-po-l-200csn8-02335361,https://cdn.rona.ca/images/02335361_M.jpg,chacun,16.99,11.0,5.989999999999998,35.26,"5,10 $",4.0,4 en magasin,Ramassage en magasin,Livraison
KNAPE & VOGT,"Support à tablette série 82 de Knape & Vogt, acier, Titane, Double, 18 1/2 po L.",https://www.rona.ca/fr/produit/support-a-tablette-serie-82-de-knape-vogt-acier-titane-double-18-1-2-po-l-182ti185-0233247,https://cdn.rona.ca/images/0233247_M.jpg,chacun,17.99,12.0,5.989999999999998,33.3,"5,40 $",10.0,10 en magasin,Ramassage en magasin,Livraison
ORBIT,Support brumisateur « Cobra »,https://www.rona.ca/fr/produit/support-brumisateur-cobra-89945442,https://cdn.rona.ca/images/89945442_M.jpg,chacun,18.99,13.0,5.989999999999998,31.54,"5,70 $",1.0,1 en magasin,Ramassage en magasin,Livraison
ALTERRA,Gants pour femme Alterra cuir synthétique petit/moyen,https://www.rona.ca/fr/produit/gants-pour-femme-alterra-cuir-synthetique-petit-moyen-781389atsm-01786393,https://cdn.rona.ca/images/01786393_M.jpg,chacun,19.99,14.0,5.989999999999998,29.96,5 $,2.0,2 en magasin,Ramassage en magasin,Livraison
FUSION PRODUCTS,Jeu de 100 lumières sur fil de Fusion DEL 39 pi solaire blanc chaud,https://www.rona.ca/fr/produit/fusion-products-jeu-de-100-lumieres-sur-fil-de-fusion-del-39-pi-solaire-blanc-chaud-20315-47135023,https://cdn.rona.ca/images/47135023_M.jpg,chacun,19.99,14.0,5.989999999999998,29.96,5 $,6.0,6 en magasin,Ramassage en magasin,Livraison
FUSION,Jeu de 100 lumières solaires Fusion 39 pi DEL micropoints multicolores,https://www.rona.ca/fr/produit/jeu-de-100-lumieres-solaires-fusion-39-pi-del-micropoints-multicolores-20316-41535794,https://cdn.rona.ca/images/41535794_M.jpg,chacun,19.99,14.0,5.989999999999998,29.96,5 $,18.0,18 en magasin,Ramassage en magasin,Livraison
DANSON DECOR,Jeu de 15 lumières DEL sur fil blanc chaud Danson Decor 15 pi,https://www.rona.ca/fr/produit/jeu-de-15-lumieres-del-sur-fil-blanc-chaud-danson-decor-15-pi-j57167fob-18105956,https://cdn.rona.ca/images/18105956_M.jpg,chacun,24.99,19.0,5.989999999999998,23.97,5 $,3.0,3 en magasin,Ramassage en magasin,Livraison
MOEN,"Anneau à serviettes en métal nickel brossé 4,75 po Laia de MOEN",https://www.rona.ca/fr/produit/anneau-a-serviettes-en-metal-nickel-brosse-4-75-po-laia-de-moen-bh5386bn-15025821,https://cdn.rona.ca/images/15025821_M.jpg,chacun,27.99,22.0,5.989999999999998,21.4,"5,60 $",3.0,3 en magasin,Ramassage en magasin,Livraison
HARBOR BREEZE,Lampe solaire sur piquet Harbor Breeze 4.72 po plastique noir,https://www.rona.ca/fr/produit/lampe-solaire-sur-piquet-harbor-breeze-472-po-plastique-noir-sl1804-12195091,https://cdn.rona.ca/images/12195091_M.jpg,chacun,29.99,24.0,5.989999999999998,19.97,5 $,1.0,1 en magasin,Ramassage en magasin,Livraison
SHARPIE,"Marqueurs permanents, pointes fines, couleurs assorties, paquet de 8",https://www.rona.ca/fr/produit/sharpie-marqueurs-permanents-pointes-fines-couleurs-assorties-paquet-de-8-30217pp-97738838,https://cdn.rona.ca/images/97738838_M.jpg,chacun,10.79,5.0,5.789999999999999,53.66,"5,79 $",1.0,1 en magasin,Ramassage en magasin,Livraison
AMERTAC,Contrôle de lumière programmable,https://www.rona.ca/fr/produit/amertac-controle-de-lumiere-programmable-slc6cbc-4-4791037,https://cdn.rona.ca/images/4791037_M.jpg,chacun,18.79,13.0,5.789999999999999,30.81,"5,64 $",43.0,43 en magasin,Ramassage en magasin,Livraison
PRECISION,Vis à charpente,https://www.rona.ca/fr/produit/vis-a-charpente-63868982,https://cdn.rona.ca/images/63868982_M.jpg,boite,19.79,14.0,5.789999999999999,29.26,"4,95 $",2.0,2 en magasin,Ramassage en magasin,Livraison
SHAKESPEARE,"Fil pour coupe-bordure jaune Ugly Line par Shakespeare robuste à trois pans 0,08 po x 320 pi",https://www.rona.ca/fr/produit/fil-pour-coupe-bordure-jaune-ugly-line-par-shakespeare-robuste-a-trois-pans-0-08-po-x-320-pi-17312-64325006,https://cdn.rona.ca/images/64325006_M.jpg,chacun,19.79,14.0,5.789999999999999,29.26,"4,80 $",20.0,20 en magasin,Ramassage en magasin,Livraison
MOEN,Anneau porte-serviettes nickel brossé Preston MOEN,https://www.rona.ca/fr/produit/anneau-porte-serviettes-nickel-brosse-preston-moen-dn8486bn-1502497,https://cdn.rona.ca/images/1502497_M.jpg,chacun,26.69,21.0,5.690000000000001,21.32,"5,34 $",2.0,2 en magasin,Ramassage en magasin,Livraison
PLUMB PAK,"Manchon en laiton, Plumb Pak, 1-paquet, 2 3/8 po",https://www.rona.ca/fr/produit/manchon-en-laiton-plumb-pak-1-paquet-2-3-8-po-pp169-12365339,https://cdn.rona.ca/images/12365339_M.jpg,chacun,15.69,10.0,5.6899999999999995,36.27,"5,69 $",2.0,2 en magasin,Ramassage en magasin,Livraison
COLONIAL ELEGANCE,"Connecteur pour 2 rails plats, 3 1/8 po x 1 3/8 po x 5/8 po, acier naturel",https://www.rona.ca/fr/produit/colonial-elegance-connecteur-pour-2-rails-plats-3-1-8-po-x-1-3-8-po-x-5-8-po-acier-naturel-barnconnect-rw-08856196,https://cdn.rona.ca/images/08856196_M.jpg,chacun,8.59,3.0,5.59,65.08,"4,93 $",5.0,5 en magasin,Ramassage en magasin,Livraison
KAYCAN,Capuchon d'extrémité de gouttière U-Snap Kaycan en vinyle blanc,https://www.rona.ca/fr/produit/capuchon-dextremite-de-gouttiere-u-snap-kaycan-en-vinyle-blanc-u08701-55395866,https://cdn.rona.ca/images/55395866_M.jpg,chacun,10.59,5.0,5.59,52.79,"5,29 $",856.0,856 en magasin,Ramassage en magasin,Livraison
PURDY,"Pinceau à peinture à l'huile Extra Oregon Purdy, poils naturels noirs, 2 1/2 po l., 1 par paquet",https://www.rona.ca/fr/produit/pinceau-a-peinture-a-lhuile-extra-oregon-purdy-poils-naturels-noirs-2-1-2-po-l-1-par-paquet-144116025-37935000,https://cdn.rona.ca/images/37935000_M.jpg,chacun,33.49,28.0,5.490000000000002,16.39,"5,02 $",6.0,6 en magasin,Ramassage en magasin,Livraison
PURDY,"Pinceau souple en nylon Purdy, virole en acier inoxydable, manche de 5 3/4 po, tête angulaire",https://www.rona.ca/fr/produit/pinceau-souple-en-nylon-purdy-virole-en-acier-inoxydable-manche-de-5-3-4-po-tete-angulaire-144152225-14495776,https://cdn.rona.ca/images/14495776_M.jpg,chacun,35.49,30.0,5.490000000000002,15.47,"5,32 $",3.0,3 en magasin,Ramassage en magasin,Livraison
GENERAL,"Poinçon de centrage General, acier, fini nickel",https://www.rona.ca/fr/produit/poincon-de-centrage-general-acier-fini-nickel-806-0191019,https://cdn.rona.ca/images/0191019_M.jpg,chaque,10.49,5.0,5.49,52.34,"5,49 $",6.0,6 en magasin,Ramassage en magasin,Livraison
LEPAGE,"Super colle pour plastiques LePage, 2 ml, clair",https://www.rona.ca/fr/produit/super-colle-pour-plastiques-lepage-2-ml-clair-2600202-01805294,https://cdn.rona.ca/images/01805294_M.jpg,chacun,13.49,8.0,5.49,40.7,"4,72 $",4.0,4 en magasin,Ramassage en magasin,Livraison
LEPAGE,"Scellant portes et fenêtres Quad Max de Lepage, pour intérieur et extérieur, 280 ml, écorce",https://www.rona.ca/fr/produit/scellant-portes-et-fenetres-quad-max-de-lepage-pour-interieur-et-exterieur-280-ml-ecorce-1869826-01805241,https://cdn.rona.ca/images/01805241_M.jpg,chacun,15.49,10.0,5.49,35.44,"4,84 $",4.0,4 en magasin,Ramassage en magasin,Livraison
AIR KING,Vanne à flotteur pour humidificateur Air King,https://www.rona.ca/fr/produit/vanne-a-flotteur-pour-humidificateur-air-king-4a900905-0435012,https://cdn.rona.ca/images/0435012_M.jpg,chacun,15.49,10.0,5.49,35.44,"5,42 $",9.0,9 en magasin,Ramassage en magasin,Livraison
M.NET,"Nettoyant tout usage M. Net de 127,8 onces, parfum de bruine et pluie des prés (1/pqt)",https://www.rona.ca/fr/produit/mnet-nettoyant-tout-usage-m-net-de-127-8-onces-parfum-de-bruine-et-pluie-des-pres-1-pqt-3700019437-13605259,https://cdn.rona.ca/images/13605259_M.jpg,chacun,17.49,12.0,5.489999999999998,31.39,"5,49 $",3.0,3 en magasin,Ramassage en magasin,Livraison
M.NET,"Désinfectant multi-surfaces M. Net, 3,78 l",https://www.rona.ca/fr/produit/mnet-desinfectant-multi-surfaces-m-net-3-78-l-3700031504-13605034,https://cdn.rona.ca/images/13605034_M.jpg,chacun,17.49,12.0,5.489999999999998,31.39,"5,49 $",4.0,4 en magasin,Ramassage en magasin,Livraison
TOOLTECH,Jeu de pinces pour anneaux,https://www.rona.ca/fr/produit/tooltech-jeu-de-pinces-pour-anneaux-98500-00335556,https://cdn.rona.ca/images/00335556_M.jpg,chacun,20.49,15.0,5.489999999999998,26.79,"5,49 $",5.0,5 en magasin,Ramassage en magasin,Livraison
WOODS,"Rallonge extérieure pour contracteur, STW 14/3, jaune, 39 po",https://www.rona.ca/fr/produit/woods-rallonge-exterieure-pour-contracteur-stw-14-3-jaune-39-po-540836-4025142,https://cdn.rona.ca/images/4025142_M.jpg,chacun,23.49,18.0,5.489999999999998,23.37,"4,70 $",11.0,11 en magasin,Ramassage en magasin,Livraison
OREGON,"Chaîne pour scie mécanique Oregon AdvanceCut S45, pas de chaîne de 3/8 po, calibre de 0,05 po, longueur du guide 12 po",https://www.rona.ca/fr/produit/chaine-pour-scie-mecanique-oregon-advancecut-s45-pas-de-chaine-de-3-8-po-calibre-de-0-05-po-longueur-du-guide-12-po-08615003,https://cdn.rona.ca/images/08615003_M.jpg,chacun,24.49,19.0,5.489999999999998,22.42,"4,50 $",7.0,7 en magasin,Ramassage en magasin,Livraison
CRAFTSMAN,"Douille courte à 6 pans CRAFTSMAN, acier, 8 mm, prise de 1/4 po",https://www.rona.ca/fr/produit/douille-courte-a-6-pans-craftsman-acier-8-mm-prise-de-1-4-po-cmmt43504-00277271,https://cdn.rona.ca/images/00277271_M.jpg,chacun,6.29,1.0,5.29,84.1,"5,29 $",3.0,3 en magasin,Ramassage en magasin,Livraison
KAYCAN,"Revêtement D4 Marquis série Timberlake de Kaycan, blanc légèrement lustré, vinyle, 12 1/2 pi L. x 8 po l.",https://www.rona.ca/fr/produit/revetement-d4-marquis-serie-timberlake-de-kaycan-blanc-legerement-lustre-vinyle-12-1-2-pi-l-x-8-po-l-005201-55395004,https://cdn.rona.ca/images/55395004_M.jpg,chacun,9.29,4.0,5.289999999999999,56.94,"4,64 $",1.0,1 en magasin,Ramassage en magasin,Livraison
EVEREADY,Pile bouton à oxyde d'argent « 377 »,https://www.rona.ca/fr/produit/pile-bouton-a-oxyde-dargent-377-0333127,https://cdn.rona.ca/images/0333127_M.jpg,chacun,9.29,4.0,5.289999999999999,56.94,"5,29 $",3.0,3 en magasin,Ramassage en magasin,Livraison
EVEREADY,Pile bouton à oxyde d'argent « 389 »,https://www.rona.ca/fr/produit/pile-bouton-a-oxyde-dargent-389-0333166,https://cdn.rona.ca/images/0333166_M.jpg,chacun,9.29,4.0,5.289999999999999,56.94,"5,29 $",2.0,2 en magasin,Ramassage en magasin,Livraison
EVEREADY,Pile bouton à oxyde d'argent « 364 »,https://www.rona.ca/fr/produit/pile-bouton-a-oxyde-dargent-364-0333163,https://cdn.rona.ca/images/0333163_M.jpg,chacun,9.29,4.0,5.289999999999999,56.94,"5,29 $",17.0,17 en magasin,Ramassage en magasin,Livraison
SIMMS,"Recharches pour rouleau Ultra Max, 4 po mélange synthétique, bleu",https://www.rona.ca/fr/produit/simms-recharches-pour-rouleau-ultra-max-4-po-melange-synthetique-bleu-a2174-01585207,https://cdn.rona.ca/images/01585207_M.jpg,chacun,9.29,4.0,5.289999999999999,56.94,"4,30 $",2.0,2 en magasin,Ramassage en magasin,Livraison
HOPKINS,Balai à neige extensible bleu 44 po Power Force d'Hopkins,https://www.rona.ca/fr/produit/balai-a-neige-extensible-bleu-44-po-power-force-dhopkins-13060-41537710,https://cdn.rona.ca/images/41537710_M.jpg,chacun,17.29,12.0,5.289999999999999,30.6,"5,19 $",46.0,46 en magasin,Ramassage en magasin,Livraison
METRIE,Planche à déclin en MDF modèle vinyle noir Metrie 1/2 po x 5 1/2 po x 8 pi,https://www.rona.ca/fr/produit/planche-a-declin-en-mdf-modele-vinyle-noir-metrie-1-2-po-x-5-1-2-po-x-8-pi-1695538-00175872,https://cdn.rona.ca/images/00175872_M.jpg,chacun,18.29,13.0,5.289999999999999,28.92,"4,57 $",21.0,21 en magasin,Ramassage en magasin,Livraison
HERSHEY'S,"Baguettes de luxe pour gimauves par Hershey's S'mores, 31 po, paquet de 4",https://www.rona.ca/fr/produit/baguettes-de-luxe-pour-gimauves-par-hersheys-smores-31-po-paquet-de-4-01204hsylc-34085123,https://cdn.rona.ca/images/34085123_M.jpg,chacun,7.19,2.0,5.19,72.18,"5,19 $",4.0,4 en magasin,Ramassage en magasin,Livraison
SMARTPOND,"Antichlore et conditionneur d'eau aux extraits botaniques naturels Smartpond, 532 ml",https://www.rona.ca/fr/produit/antichlore-et-conditionneur-deau-aux-extraits-botaniques-naturels-smartpond-532-ml-36115-41536324,https://cdn.rona.ca/images/41536324_M.jpg,chacun,14.19,9.0,5.1899999999999995,36.58,"4,26 $",2.0,2 en magasin,Ramassage en magasin,Livraison
WOLFCRAFT,"Foret à fraiser Wolfcraft, tige ronde, 3/8 po x 1/4 po",https://www.rona.ca/fr/produit/foret-a-fraiser-wolfcraft-tige-ronde-3-8-po-x-1-4-po-2514405-1137024,https://cdn.rona.ca/images/1137024_M.jpg,chacun,12.09,7.0,5.09,42.1,"5,09 $",1.0,1 en magasin,Ramassage en magasin,Livraison
MTD,Filtre à air MTD en papier pour tondeuses Powermore,https://www.rona.ca/fr/produit/filtre-a-air-mtd-en-papier-pour-tondeuses-powermore-490-200-n065-02225371,https://cdn.rona.ca/images/02225371_M.jpg,chacun,33.99,29.0,4.990000000000002,14.68,4 $,2.0,2 en magasin,Ramassage en magasin,Livraison
EMERGILITE,Lumière de sécurité Emergi-Lite à 2 ampoules DEL avec rotation pivotante de 300°,https://www.rona.ca/fr/produit/emergilite-lumiere-de-securite-emergi-lite-a-2-ampoules-del-avec-rotation-pivotante-de-300-ef9dm-la-rt-03205767,https://cdn.rona.ca/images/03205767_M.jpg,chacun,39.99,35.0,4.990000000000002,12.48,"4,99 $",1.0,1 en magasin,Ramassage en magasin,Livraison
TRENZ LIGHTING,"Trousse à plafonnier DEL encastré Trenz par Liteline, blanc",https://www.rona.ca/fr/produit/trenz-lighting-trousse-a-plafonnier-del-encastre-trenz-par-liteline-blanc-tlslm4-cct5-90wh-03865392,https://cdn.rona.ca/images/03865392_M.jpg,chacun,49.99,45.0,4.990000000000002,9.98,"4,99 $",4.0,4 en magasin,Ramassage en magasin,Livraison
SPYDER,"Ensemble d'embouts pour perceuse-visseuse à chocs de 15 pièces Mach-Blue de Spyder, 1/4 po, étui rigide",https://www.rona.ca/fr/produit/ensemble-dembouts-pour-perceuse-visseuse-a-chocs-de-15-pieces-mach-blue-de-spyder-1-4-po-etui-rigide-19031ca-65165147,https://cdn.rona.ca/images/65165147_M.jpg,chacun,49.99,45.0,4.990000000000002,9.98,"4,99 $",1.0,1 en magasin,Ramassage en magasin,Livraison
CANARM,"Luminaire à suspension Terrace, 4.25'', blanc/noir",https://www.rona.ca/fr/produit/canarm-luminaire-a-suspension-terrace-425-blanc-noir-ipl789a01bk-05115739,https://cdn.rona.ca/images/05115739_M.jpg,chacun,54.99,50.0,4.990000000000002,9.07,"4,99 $",3.0,3 en magasin,Ramassage en magasin,Livraison
WIHA,"Jeu de 2 embouts Torx T30 2 po de visseuses à percussion TerminatorBlue de Wiha, acier",https://www.rona.ca/fr/produit/jeu-de-2-embouts-torx-t30-2-po-de-visseuses-a-percussion-terminatorblue-de-wiha-acier-70222-98325012,https://cdn.rona.ca/images/98325012_M.jpg,paquet,5.99,1.0,4.99,83.31,"4,99 $",7.0,7 en magasin,Ramassage en magasin,Livraison
WIHA,Jeu de 2 embouts de tournevis à chocs Torx T20 2 po en acier TerminatorBlue de Wiha,https://www.rona.ca/fr/produit/jeu-de-2-embouts-de-tournevis-a-chocs-torx-t20-2-po-en-acier-terminatorblue-de-wiha-70219-98325010,https://cdn.rona.ca/images/98325010_M.jpg,paquet,5.99,1.0,4.99,83.31,"4,99 $",1.0,1 en magasin,Ramassage en magasin,Livraison
WIHA,"Embouts de tournevis à percussion en acier Torx T40 de 2 po TerminatorBlue de Wiha, 2 pièces",https://www.rona.ca/fr/produit/embouts-de-tournevis-a-percussion-en-acier-torx-t40-de-2-po-terminatorblue-de-wiha-2-pieces-70223-98325013,https://cdn.rona.ca/images/98325013_M.jpg,paquet,5.99,1.0,4.99,83.31,"4,99 $",1.0,1 en magasin,Ramassage en magasin,Livraison
WIHA,Jeu de 2 embouts à visseuse à chocs Torx T25 2 po en acier TerminatorBlue de Wiha,https://www.rona.ca/fr/produit/jeu-de-2-embouts-a-visseuse-a-chocs-torx-t25-2-po-en-acier-terminatorblue-de-wiha-70220-98325011,https://cdn.rona.ca/images/98325011_M.jpg,paquet,5.99,1.0,4.99,83.31,"4,99 $",2.0,2 en magasin,Ramassage en magasin,Livraison
WIHA,"Jeu de 2 embouts cruciforme nº 1 en acier pour tournevis à chocs TerminatorBlue de Wiha, 2 po",https://www.rona.ca/fr/produit/jeu-de-2-embouts-cruciforme-n-1-en-acier-pour-tournevis-a-chocs-terminatorblue-de-wiha-2-po-70201-98325006,https://cdn.rona.ca/images/98325006_M.jpg,paquet,5.99,1.0,4.99,83.31,"4,99 $",16.0,16 en magasin,Ramassage en magasin,Livraison
SYLTECK,"Peinture à retouche Le choix des professionnels de Syltech, meubles et boiseries, lustré, 15 ml",https://www.rona.ca/fr/produit/sylteck-peinture-a-retouche-le-choix-des-professionnels-de-syltech-meubles-et-boiseries-lustre-15-ml-41022-7264092,https://cdn.rona.ca/images/7264092_M.jpg,chacun,6.99,2.0,4.99,71.39,"4,96 $",8.0,8 en magasin,Ramassage en magasin,Livraison
SAMAN,Pigment de couleur Epox-Y Saman Corail-119 10 g,https://www.rona.ca/fr/produit/pigment-de-couleur-epox-y-saman-corail-119-10-g-epox-pgm-119-72645273,https://cdn.rona.ca/images/72645273_M.jpg,chacun,7.99,3.0,4.99,62.45,4 $,6.0,6 en magasin,Ramassage en magasin,Livraison
SAMAN,Pigment de couleur Epox-Y Saman Melon-123 10 g,https://www.rona.ca/fr/produit/pigment-de-couleur-epox-y-saman-melon-123-10-g-epox-pgm-123-72645272,https://cdn.rona.ca/images/72645272_M.jpg,chacun,7.99,3.0,4.99,62.45,4 $,5.0,5 en magasin,Ramassage en magasin,Livraison
SAMAN,Pigment de couleur Epox-Y Saman Surf-120 10 g,https://www.rona.ca/fr/produit/pigment-de-couleur-epox-y-saman-surf-120-10-g-epox-pgm-120-72645274,https://cdn.rona.ca/images/72645274_M.jpg,chacun,7.99,3.0,4.99,62.45,4 $,3.0,3 en magasin,Ramassage en magasin,Livraison
SAMAN,Pigment de couleur Epox-Y Saman Onyx-124 10 g,https://www.rona.ca/fr/produit/pigment-de-couleur-epox-y-saman-onyx-124-10-g-epox-pgm-124-72645271,https://cdn.rona.ca/images/72645271_M.jpg,chacun,7.99,3.0,4.99,62.45,4 $,5.0,5 en magasin,Ramassage en magasin,Livraison
SAMAN,Pigment de couleur Epox-Y Saman Indigo-122 10 g,https://www.rona.ca/fr/produit/pigment-de-couleur-epox-y-saman-indigo-122-10-g-epox-pgm-122-72645278,https://cdn.rona.ca/images/72645278_M.jpg,chacun,7.99,3.0,4.99,62.45,4 $,5.0,5 en magasin,Ramassage en magasin,Livraison
SAMAN,Pigment de couleur Epox-Y Saman aruba-121 10 g,https://www.rona.ca/fr/produit/pigment-de-couleur-epox-y-saman-aruba-121-10-g-epox-pgm-121-72645270,https://cdn.rona.ca/images/72645270_M.jpg,chacun,7.99,3.0,4.99,62.45,4 $,20.0,20 en magasin,Ramassage en magasin,Livraison
JOHNSON,"Niveau de poche Johnson, plastique, blanc, 5 po",https://www.rona.ca/fr/produit/niveau-de-poche-johnson-plastique-blanc-5-po-500-0704092,https://cdn.rona.ca/images/0704092_M.jpg,chacun,7.99,3.0,4.99,62.45,"4,99 $",9.0,9 en magasin,Ramassage en magasin,Livraison
JOBES,"Tissu de contrôle de mauvaises herbes pour aménagement paysager Jobe's 36 po x 24 pi 0,9 oz noir",https://www.rona.ca/fr/produit/jobes-tissu-de-controle-de-mauvaises-herbes-pour-amenagement-paysager-jobes-36-po-x-24-pi-0-9-oz-noir-50502-20295004,https://cdn.rona.ca/images/20295004_M.jpg,chacun,8.99,4.0,4.99,55.51,"4,49 $",9.0,9 en magasin,Ramassage en magasin,Livraison
DANSON DECOR,"Guirlande lumière DEL de feuilles de lierre, Danson Decor",https://www.rona.ca/fr/produit/guirlande-lumiere-del-de-feuilles-de-lierre-danson-decor-j57135-67755240,https://cdn.rona.ca/images/67755240_M.jpg,chacun,8.99,4.0,4.99,55.51,"4,50 $",2.0,2 en magasin,Ramassage en magasin,Livraison
ARNOLD,Clé de contact Arnold pour démarreur électrique,https://www.rona.ca/fr/produit/cle-de-contact-arnold-pour-demarreur-electrique-ik-100-80495157,https://cdn.rona.ca/images/80495157_M.jpg,chacun,8.99,4.0,4.99,55.51,4 $,6.0,6 en magasin,Ramassage en magasin,Livraison
GE,Tube fluorescent T8 36 po de GE à culot G13 30 W blanc chaud pour cuisine et salle de bains,https://www.rona.ca/fr/produit/tube-fluorescent-t8-36-po-de-ge-a-culot-g13-30-w-blanc-chaud-pour-cuisine-et-salle-de-bains-01152-32017315,https://cdn.rona.ca/images/32017315_M.jpg,chacun,10.99,6.0,4.99,45.4,"4,40 $",2.0,2 en magasin,Ramassage en magasin,Livraison
SPYDER,"Embouts pour percussion à choc, Spyder Mach-Blue, 1 morceau, 1/4 po x 6 po, T25",https://www.rona.ca/fr/produit/embouts-pour-percussion-a-choc-spyder-mach-blue-1-morceau-1-4-po-x-6-po-t25-19062ca-65165212,https://cdn.rona.ca/images/65165212_M.jpg,chacun,11.99,7.0,4.99,41.62,"4,99 $",5.0,5 en magasin,Ramassage en magasin,Livraison
FISKARS,"Arrache-mauvaise herbe Big Grip de Fiskars en aluminium, noir et orange",https://www.rona.ca/fr/produit/arrache-mauvaise-herbe-big-grip-de-fiskars-en-aluminium-noir-et-orange-370760-5001-65715121,https://cdn.rona.ca/images/65715121_M.jpg,chacun,13.99,9.0,4.99,35.67,"4,20 $",11.0,11 en magasin,Ramassage en magasin,Livraison
FISKARS,"Cultivateur Big Grip de Fiskars en aluminium, noir et orange",https://www.rona.ca/fr/produit/cultivateur-big-grip-de-fiskars-en-aluminium-noir-et-orange-70726944j-65715188,https://cdn.rona.ca/images/65715188_M.jpg,chacun,13.99,9.0,4.99,35.67,"4,20 $",15.0,15 en magasin,Ramassage en magasin,Livraison
FISKARS,"Truelle Big Grip de Fiskars en aluminium, noir et orange",https://www.rona.ca/fr/produit/truelle-big-grip-de-fiskars-en-aluminium-noir-et-orange-370730-5001-65715185,https://cdn.rona.ca/images/65715185_M.jpg,chacun,13.99,9.0,4.99,35.67,"4,20 $",9.0,9 en magasin,Ramassage en magasin,Livraison
FISKARS,"Transplantoir Big Grip de Fiskars en aluminium, noir et orange",https://www.rona.ca/fr/produit/transplantoir-big-grip-de-fiskars-en-aluminium-noir-et-orange-370740-5001-65715187,https://cdn.rona.ca/images/65715187_M.jpg,chacun,13.99,9.0,4.99,35.67,"4,20 $",23.0,23 en magasin,Ramassage en magasin,Livraison
CLOSETMAID,"Support à tablette pour souliers ShelfTrack 7 5/8 po H. x 1 17/64 po l. x 11 7/16 po p., fini nickel, acier",https://www.rona.ca/fr/produit/closetmaid-support-a-tablette-pour-souliers-shelftrack-7-5-8-po-h-x-1-17-64-po-l-x-11-7-16-po-p-fini-nickel-acier-3381700-36485206,https://cdn.rona.ca/images/36485206_M.jpg,chacun,13.99,9.0,4.99,35.67,"4,20 $",11.0,11 en magasin,Ramassage en magasin,Livraison
GE,"Ampoules de remplacement DEL blanc doux HD RELAX GE 40W décoratives transparentes globes, culot candélabre G16.5 (2/pqt)",https://www.rona.ca/fr/produit/ampoules-de-remplacement-del-blanc-doux-hd-relax-ge-40w-decoratives-transparentes-globes-culot-candelabre-g165-2-pqt-38569-32285078,https://cdn.rona.ca/images/32285078_M.jpg,chacun,14.99,10.0,4.99,33.29,"4,99 $",3.0,3 en magasin,Ramassage en magasin,Livraison
PRECISION,"Vis à gypse à douille Precision, acier, noires, boîte de 1 lb, no 6 x 1 5/8 po L.",https://www.rona.ca/fr/produit/vis-a-gypse-a-douille-precision-acier-noires-boite-de-1-lb-no-6-x-1-5-8-po-l-514-241-63868986,https://cdn.rona.ca/images/63868986_M.jpg,boite,15.99,11.0,4.99,31.21,4 $,23.0,23 en magasin,Ramassage en magasin,Livraison
KNAPE & VOGT,Supports d'étagère à fente unique Knape & Vogt - Fini en titane - Acier - 72 po L. x 5/8 po l.,https://www.rona.ca/fr/produit/supports-detagere-a-fente-unique-knape-vogt-fini-en-titane-acier-72-po-l-x-5-8-po-l-80ti72-0233216,https://cdn.rona.ca/images/0233216_M.jpg,chacun,15.99,11.0,4.99,31.21,"4,80 $",14.0,14 en magasin,Ramassage en magasin,Livraison
PRECISION,"Vis à bois à tête plate de Precision, filetage asymétrique, carrée, paquet de 1 lb, no 8 x 1 po",https://www.rona.ca/fr/produit/vis-a-bois-a-tete-plate-de-precision-filetage-asymetrique-carree-paquet-de-1-lb-no-8-x-1-po-514-989-63868955,https://cdn.rona.ca/images/63868955_M.jpg,boite,15.99,11.0,4.99,31.21,4 $,5.0,5 en magasin,Ramassage en magasin,Livraison
SOPREMA,"Mousse isolante en polyuréthane Alsan Uni W de Soprema, 500 ml.",https://www.rona.ca/fr/produit/mousse-isolante-en-polyurethane-alsan-uni-w-de-soprema-500-ml-24722-74165255,https://cdn.rona.ca/images/74165255_M.jpg,chacun,15.99,11.0,4.99,31.21,4 $,12.0,12 en magasin,Ramassage en magasin,Livraison
EATON,"Interrupteur à bascule Eaton de 15 ampères, 3 voies, ivoire (1/pqt)",https://www.rona.ca/fr/produit/interrupteur-a-bascule-eaton-de-15-amperes-3-voies-ivoire-1-pqt-04806007,https://cdn.rona.ca/images/04806007_M.jpg,chacun,15.99,11.0,4.99,31.21,4 $,4.0,4 en magasin,Ramassage en magasin,Livraison
EATON,"Connecteur Eaton jaune en vinyle jaune blindé, mise à la terre automatique, 15 ampères, 125 V",https://www.rona.ca/fr/produit/connecteur-eaton-jaune-en-vinyle-jaune-blinde-mise-a-la-terre-automatique-15-amperes-125-v-2887-f-l-04805917,https://cdn.rona.ca/images/04805917_M.jpg,chacun,16.99,12.0,4.989999999999998,29.37,"4,25 $",5.0,5 en magasin,Ramassage en magasin,Livraison
LUTRON,Plaque murale décorative pour interrupteur Lutron simple couleur acier inoxydable,https://www.rona.ca/fr/produit/plaque-murale-decorative-pour-interrupteur-lutron-simple-couleur-acier-inoxydable-cw-1b-ss-32017004,https://cdn.rona.ca/images/32017004_M.jpg,chacun,16.99,12.0,4.989999999999998,29.37,"4,25 $",1.0,1 en magasin,Ramassage en magasin,Livraison
PRECISION,"Vis à gypse en acier Precision, empreinte cruciforme, zinguées, boîte de 1 lb, no 6 x 1 5/8 po",https://www.rona.ca/fr/produit/vis-a-gypse-en-acier-precision-empreinte-cruciforme-zinguees-boite-de-1-lb-no-6-x-1-5-8-po-514-405-63868900,https://cdn.rona.ca/images/63868900_M.jpg,boite,16.99,12.0,4.989999999999998,29.37,"4,25 $",23.0,23 en magasin,Ramassage en magasin,Livraison
,Capuchon de poteau en cèdre « Pyramide »,https://www.rona.ca/fr/produit/capuchon-de-poteau-en-cedre-pyramide-spcpyc525-8901059,https://cdn.rona.ca/images/8901059_M.jpg,chacun,18.99,14.0,4.989999999999998,26.28,"4,75 $",5.0,5 en magasin,Ramassage en magasin,Livraison
SIMMS,"Rouleau standard Ultra Max 3-paquet 240 mm x 10 mm, tricot, plastique",https://www.rona.ca/fr/produit/simms-rouleau-standard-ultra-max-3-paquet-240-mm-x-10-mm-tricot-plastique-4910-01585180,https://cdn.rona.ca/images/01585180_M.jpg,chacun,18.99,14.0,4.989999999999998,26.28,4 $,9.0,9 en magasin,Ramassage en magasin,Livraison
ALLEN + ROTH,"Tuteur de jardin Miracle-Gro, bambou, 5 pi, paquet de 4",https://www.rona.ca/fr/produit/allen-roth-tuteur-de-jardin-miracle-gro-bambou-5-pi-paquet-de-4-smg3072-20555005,https://cdn.rona.ca/images/20555005_M.jpg,paquet,18.99,14.0,4.989999999999998,26.28,"4,75 $",1.0,1 en magasin,Ramassage en magasin,Livraison
EBSU,Ensemble de support à tablette EnSuite de EBSU 48 po bois composite blanc - paquet de 3,https://www.rona.ca/fr/produit/ensemble-de-support-a-tablette-ensuite-de-ebsu-48-po-bois-composite-blanc-paquet-de-3-en-ss14-bl-75396902,https://cdn.rona.ca/images/75396902_M.jpg,chacun,18.99,14.0,4.989999999999998,26.28,"4,75 $",2.0,2 en magasin,Ramassage en magasin,Livraison
ARIENS,"Huile Ariens 4 temps SAE 10W-40, 32 oz",https://www.rona.ca/fr/produit/huile-ariens-4-temps-sae-10w-40-32-oz-70724000-62415048,https://cdn.rona.ca/images/62415048_M.jpg,chacun,18.99,14.0,4.989999999999998,26.28,4 $,1.0,1 en magasin,Ramassage en magasin,
FINITEC,"Préparation de surface Finitec pour planchers de bois et laminés inodore transparent, 1 L",https://www.rona.ca/fr/produit/preparation-de-surface-finitec-pour-planchers-de-bois-et-lamines-inodore-transparent-1-l-a-21101-60645005,https://cdn.rona.ca/images/60645005_M.jpg,chacun,19.99,15.0,4.989999999999998,24.96,"4,99 $",3.0,3 en magasin,Ramassage en magasin,Livraison
IMPERIAL,Registre de plancher Imperial 3 po x 10 po bronze huilé,https://www.rona.ca/fr/produit/registre-de-plancher-imperial-3-po-x-10-po-bronze-huile-rg3313-12245499,https://cdn.rona.ca/images/12245499_M.jpg,chacun,19.99,15.0,4.989999999999998,24.96,"4,99 $",3.0,3 en magasin,Ramassage en magasin,Livraison
WOODS,Rallonge de jardin,https://www.rona.ca/fr/produit/rallonge-de-jardin-4025158,https://cdn.rona.ca/images/4025158_M.jpg,chacun,19.99,15.0,4.989999999999998,24.96,4 $,39.0,39 en magasin,Ramassage en magasin,Livraison
RAIN BIRD,Distributeur court Rain Bird marche/arrêt réglable à 9 sorties,https://www.rona.ca/fr/produit/distributeur-court-rain-bird-marche-arret-reglable-a-9-sorties-manifprps2-63205012,https://cdn.rona.ca/images/63205012_M.jpg,chacun,19.99,15.0,4.989999999999998,24.96,"4,99 $",3.0,3 en magasin,Ramassage en magasin,Livraison
WOODS,"Adaptateur à 3 sorties par Woods Surge Protection, EZ-Pull, 2 ports USB, 15 A",https://www.rona.ca/fr/produit/adaptateur-a-3-sorties-par-woods-surge-protection-ez-pull-2-ports-usb-15-a-41030-40255187,https://cdn.rona.ca/images/40255187_M.jpg,chacun,19.99,15.0,4.989999999999998,24.96,4 $,4.0,4 en magasin,Ramassage en magasin,Livraison
ITW CONSTRUCTION,"Vis Top Star à cale ajustable, 3/8"" x 2 1/2"", 6/boîte",https://www.rona.ca/fr/produit/vis-top-star-a-cale-ajustable-3-8-x-2-1-2-6-boite-63869683,https://cdn.rona.ca/images/63869683_M.jpg,boite,19.99,15.0,4.989999999999998,24.96,"4,40 $",5.0,5 en magasin,Ramassage en magasin,Livraison
IMPERIAL,"Registre d'aération mural Imperial, acier au fini de laiton, 14 po de large x 8 po de haut",https://www.rona.ca/fr/produit/registre-daeration-mural-imperial-acier-au-fini-de-laiton-14-po-de-large-x-8-po-de-haut-rg0038-1224584,https://cdn.rona.ca/images/1224584_M.jpg,chacun,22.99,18.0,4.989999999999998,21.71,"4,60 $",17.0,17 en magasin,Ramassage en magasin,Livraison
MOEN,Crochet pour serviettes nickel brossé Laia par MOEN,https://www.rona.ca/fr/produit/crochet-pour-serviettes-nickel-brosse-laia-par-moen-bh5303bn-15025829,https://cdn.rona.ca/images/15025829_M.jpg,chacun,23.99,19.0,4.989999999999998,20.8,"4,80 $",14.0,14 en magasin,Ramassage en magasin,Livraison
TOUCH 'N FOAM,"Mousse scellante de polyuréthane Touch 'n Foam pour utilisation avec pistolet applicateur, 556 g.",https://www.rona.ca/fr/produit/mousse-scellante-de-polyurethane-touch-n-foam-pour-utilisation-avec-pistolet-applicateur-556-g-4004529700-76795013,https://cdn.rona.ca/images/76795013_M.jpg,chacun,23.99,19.0,4.989999999999998,20.8,"4,49 $",80.0,80 en magasin,Ramassage en magasin,Livraison
OREGON,"Chaîne pour scie mécanique Oregon AdvanceCut R34, pas de chaîne de 3/8 po, calibre de 0,05 po, longueur du guide 8 po",https://www.rona.ca/fr/produit/chaine-pour-scie-mecanique-oregon-advancecut-r34-pas-de-chaine-de-3-8-po-calibre-de-0-05-po-longueur-du-guide-8-po-48165002,https://cdn.rona.ca/images/48165002_M.jpg,chacun,23.99,19.0,4.989999999999998,20.8,4 $,3.0,3 en magasin,Ramassage en magasin,Livraison
PROJECT SOURCE,"Filtre à air AF-2-2 pour réfrigérateur Project Source, paquet de 2",https://www.rona.ca/fr/produit/filtre-a-air-af-2-2-pour-refrigerateur-project-source-paquet-de-2-72365007,https://cdn.rona.ca/images/72365007_M.jpg,chacun,24.99,20.0,4.989999999999998,19.97,"4,99 $",9.0,9 en magasin,Ramassage en magasin,Livraison
PROJECT SOURCE,"Filtres à aIr AF-3-2 pour réfrigérateur Project Source, paquet de 2",https://www.rona.ca/fr/produit/filtres-a-air-af-3-2-pour-refrigerateur-project-source-paquet-de-2-72365004,https://cdn.rona.ca/images/72365004_M.jpg,chacun,24.99,20.0,4.989999999999998,19.97,"4,99 $",15.0,15 en magasin,Ramassage en magasin,Livraison
PURDY,"Pinceau souple Purdy, soies en nylon, manche cannelé, tête angulaire, 5 3/4 po L.",https://www.rona.ca/fr/produit/pinceau-souple-purdy-soies-en-nylon-manche-cannele-tete-angulaire-5-3-4-po-l-144152220-14495777,https://cdn.rona.ca/images/14495777_M.jpg,chacun,28.99,24.0,4.989999999999998,17.21,"4,35 $",2.0,2 en magasin,Ramassage en magasin,Livraison
MINWAX,Teinture et vernis - Pacane,https://www.rona.ca/fr/produit/minwax-teinture-et-vernis-pacane-342034444-1449132,https://cdn.rona.ca/images/1449132_M.jpg,chacun,29.99,25.0,4.989999999999998,16.64,"4,50 $",1.0,1 en magasin,Ramassage en magasin,Livraison
CANARM,Luminaire suspendu Riva par Canarm 1 lumière noir et bois,https://www.rona.ca/fr/produit/luminaire-suspendu-riva-par-canarm-1-lumiere-noir-et-bois-ipl730a01bkw-05115713,https://cdn.rona.ca/images/05115713_M.jpg,chacun,64.99,60.0,4.989999999999995,7.68,"4,99 $",10.0,10 en magasin,Ramassage en magasin,Livraison
ALLEN + ROTH,"Lampe de table allen + roth, acier et tissu, 12,5 po x 20,65 po, bronze/noir",https://www.rona.ca/fr/produit/lampe-de-table-allen-roth-acier-et-tissu-12-5-po-x-20-65-po-bronze-noir-fs190916-12-45055025,https://cdn.rona.ca/images/45055025_M.jpg,chacun,79.99,75.0,4.989999999999995,6.24,"4,99 $",11.0,11 en magasin,Ramassage en magasin,Livraison
CRAFTSMAN,"Scie-cloche CRAFTSMAN, 2 po diamètre, bimétallique, sans arbre, noire",https://www.rona.ca/fr/produit/scie-cloche-craftsman-2-po-diametre-bimetallique-sans-arbre-noire-cmah12u-00277059,https://cdn.rona.ca/images/00277059_M.jpg,chacun,17.89,13.0,4.890000000000001,27.33,"4,89 $",1.0,1 en magasin,Ramassage en magasin,Livraison
ATLAS,"Robinet d'arrêt de carburant et colliers Atlas universel 0,25 po",https://www.rona.ca/fr/produit/robinet-darret-de-carburant-et-colliers-atlas-universel-0-25-po-at-0203-02225458,https://cdn.rona.ca/images/02225458_M.jpg,chacun,13.79,9.0,4.789999999999999,34.74,"3,80 $",1.0,1 en magasin,Ramassage en magasin,Livraison
MAXIEDGE,"Fil de coupe-bordure universel Maxi Edge monofilament rouge en forme en étoile 125 pi x 0,095 po de diamètre",https://www.rona.ca/fr/produit/maxiedge-fil-de-coupe-bordure-universel-maxi-edge-monofilament-rouge-en-forme-en-etoile-125-pi-x-0-095-po-de-diametre-490-020-b026-80495166,https://cdn.rona.ca/images/80495166_M.jpg,chacun,18.79,14.0,4.789999999999999,25.49,"3,80 $",3.0,3 en magasin,Ramassage en magasin,Livraison
KAYCAN,"Moulure de finition en vinyle, gris ardoise",https://www.rona.ca/fr/produit/moulure-de-finition-en-vinyle-gris-ardoise-55395027,https://cdn.rona.ca/images/55395027_M.jpg,chacun,7.69,3.0,4.69,60.99,"3,84 $",4.0,4 en magasin,Ramassage en magasin,Livraison
KAYCAN,"Garniture de parement Kaycan, vinyle de couleur moka, 12 pi de long x 1 1/2 po de large",https://www.rona.ca/fr/produit/garniture-de-parement-kaycan-vinyle-de-couleur-moka-12-pi-de-long-x-1-1-2-po-de-large-106668-55395201,https://cdn.rona.ca/images/55395201_M.jpg,chacun,7.69,3.0,4.69,60.99,"3,84 $",11.0,11 en magasin,Ramassage en magasin,Livraison
KAYCAN,"Garniture de parement Kaycan Timberlake, vinyle de couleur ivoire, 12 pi de long x 1 1/2 po de haut",https://www.rona.ca/fr/produit/garniture-de-parement-kaycan-timberlake-vinyle-de-couleur-ivoire-12-pi-de-long-x-1-1-2-po-de-haut-106608-55395028,https://cdn.rona.ca/images/55395028_M.jpg,chacun,7.69,3.0,4.69,60.99,"3,84 $",22.0,22 en magasin,Ramassage en magasin,Livraison
SIMMS,"Recharges pour rouleau Ultra Max, 6 po mélange synthétique",https://www.rona.ca/fr/produit/simms-recharges-pour-rouleau-ultra-max-6-po-melange-synthetique-a2176-01585208,https://cdn.rona.ca/images/01585208_M.jpg,chacun,7.69,3.0,4.69,60.99,"3,70 $",9.0,9 en magasin,Ramassage en magasin,Livraison
SHAKESPEARE,"Fils pour coupe-bordure jaune Ugly Line par Shakespeare robuste à trois pans 0,095 po x 11 po, 18/pqt",https://www.rona.ca/fr/produit/fils-pour-coupe-bordure-jaune-ugly-line-par-shakespeare-robuste-a-trois-pans-0-095-po-x-11-po-18-pqt-17315-64325018,https://cdn.rona.ca/images/64325018_M.jpg,chacun,8.69,4.0,4.6899999999999995,53.97,"3,70 $",1.0,1 en magasin,Ramassage en magasin,Livraison
PRECISION,"Vis à plancher à tête plate de Precision, enduit de phosphate, carrée, paquet de 1 lb, no 8 x 1 1/4 po",https://www.rona.ca/fr/produit/vis-a-plancher-a-tete-plate-de-precision-enduit-de-phosphate-carree-paquet-de-1-lb-no-8-x-1-1-4-po-514-990-63868958,https://cdn.rona.ca/images/63868958_M.jpg,boite,15.69,11.0,4.6899999999999995,29.89,"3,92 $",17.0,17 en magasin,Ramassage en magasin,Livraison
RAIN BIRD,Trousse d'arrosage pour plantes de patio Rain Bird goutte-à-goutte,https://www.rona.ca/fr/produit/trousse-darrosage-pour-plantes-de-patio-rain-bird-goutte-a-goutte-patio-kit-32025031,https://cdn.rona.ca/images/32025031_M.jpg,chacun,36.69,32.0,4.689999999999998,12.78,"4,69 $",1.0,1 en magasin,Ramassage en magasin,Livraison
KAYCAN,"Garniture en J Kaycan, vinyle couleur de moka, 12 pi de long x 1 7/16 po de large x 5/8 po d'épais",https://www.rona.ca/fr/produit/garniture-en-j-kaycan-vinyle-couleur-de-moka-12-pi-de-long-x-1-7-16-po-de-large-x-5-8-po-depais-103568-55395091,https://cdn.rona.ca/images/55395091_M.jpg,chacun,8.59,4.0,4.59,53.43,"4,29 $",2.0,2 en magasin,Ramassage en magasin,Livraison
NORTON,"Disque de tronçonnage en carbure de silicium de type 1 de Norton, grain abrasif 24, diamanté, 7 po dia",https://www.rona.ca/fr/produit/disque-de-tronconnage-en-carbure-de-silicium-de-type-1-de-norton-grain-abrasif-24-diamante-7-po-dia-89088-02075166,https://cdn.rona.ca/images/02075166_M.jpg,chacun,9.59,5.0,4.59,47.86,"4,59 $",5.0,5 en magasin,Ramassage en magasin,Livraison
KAYCAN,Raccord de gouttière U-Snap Kaycan en vinyle blanc,https://www.rona.ca/fr/produit/raccord-de-gouttiere-u-snap-kaycan-en-vinyle-blanc-u02701-55395864,https://cdn.rona.ca/images/55395864_M.jpg,chacun,11.59,7.0,4.59,39.6,"4,59 $",57.0,57 en magasin,Ramassage en magasin,Livraison
PRECISION,"Vis à bois à tête plate zinguées de Precision, filetage asymétrique, carrée, paquet de 1 lb, no 8 x 1 3/4 po",https://www.rona.ca/fr/produit/vis-a-bois-a-tete-plate-zinguees-de-precision-filetage-asymetrique-carree-paquet-de-1-lb-no-8-x-1-3-4-po-514-992-63868961,https://cdn.rona.ca/images/63868961_M.jpg,boite,17.59,13.0,4.59,26.09,"4,40 $",22.0,22 en magasin,Ramassage en magasin,Livraison
STA-GREEN,"Engrais tout usage à dégagement lent Sta-Green, 8-12-6, 3 kg",https://www.rona.ca/fr/produit/engrais-tout-usage-a-degagement-lent-sta-green-8-12-6-3-kg-4001202-58735007,https://cdn.rona.ca/images/58735007_M.jpg,chacun,19.59,15.0,4.59,23.43,"3,92 $",5.0,5 en magasin,Ramassage en magasin,Livraison
MTD,Filtre à air de remplacement Atlas en papier pour moteur Briggs & Stratton,https://www.rona.ca/fr/produit/mtd-filtre-a-air-de-remplacement-atlas-en-papier-pour-moteur-briggs-stratton-490-200-b091-02225469,https://cdn.rona.ca/images/02225469_M.jpg,chacun,33.49,29.0,4.490000000000002,13.41,"3,50 $",9.0,9 en magasin,Ramassage en magasin,Livraison
SHAKESPEARE,Tête de coupe-bordures universelle Ugly Head Hybrid par Shakespeare 2-en-1 pour lame et fil,https://www.rona.ca/fr/produit/tete-de-coupe-bordures-universelle-ugly-head-hybrid-par-shakespeare-2-en-1-pour-lame-et-fil-17353-64325017,https://cdn.rona.ca/images/64325017_M.jpg,chacun,38.49,34.0,4.490000000000002,11.67,"3,50 $",2.0,2 en magasin,Ramassage en magasin,Livraison
JOHNSON,"Niveau de surface Johnson, circulaire, plastique, 1 3/4 po",https://www.rona.ca/fr/produit/niveau-de-surface-johnson-circulaire-plastique-1-3-4-po-100-0704094,https://cdn.rona.ca/images/0704094_M.jpg,chacun,7.49,3.0,4.49,59.95,"4,49 $",3.0,3 en magasin,Ramassage en magasin,Livraison
LEPAGE,"Calfeutrant de réparation RE-NEW, silicone, 100 ml, blanc",https://www.rona.ca/fr/produit/calfeutrant-de-reparation-re-new-silicone-100-ml-blanc-01805232,https://cdn.rona.ca/images/01805232_M.jpg,chacun,9.49,5.0,4.49,47.31,"3,67 $",1.0,1 en magasin,Ramassage en magasin,Livraison
PROJECT SOURCE,Balai à neige et grattoir en plastique polur la voiture 27 po Project Source,https://www.rona.ca/fr/produit/balai-a-neige-et-grattoir-en-plastique-polur-la-voiture-27-po-project-source-ps1003-66745003,https://cdn.rona.ca/images/66745003_M.jpg,chacun,9.49,5.0,4.49,47.31,"3,50 $",1.0,1 en magasin,Ramassage en magasin,Livraison
ROOMIO,"Carpette chardonneret rayée Newport de Roomio, 20 x 32 po, polypropylène",https://www.rona.ca/fr/produit/carpette-chardonneret-rayee-newport-de-roomio-20-x-32-po-polypropylene-4025002027-11232-71965003,https://cdn.rona.ca/images/71965003_M.jpg,chacun,11.49,7.0,4.49,39.08,"4,02 $",8.0,8 en magasin,Ramassage en magasin,Livraison
SHUR-TRIM,"Bordure de tapis Shur-Trim, style coco, aluminium et chêne, 36 po de long",https://www.rona.ca/fr/produit/bordure-de-tapis-shur-trim-style-coco-aluminium-et-chene-36-po-de-long-fa3200sca36-6285002,https://cdn.rona.ca/images/6285002_M.jpg,chacun,12.49,8.0,4.49,35.95,"3,75 $",12.0,12 en magasin,Ramassage en magasin,Livraison
CLOSETMAID,"Petits embouts de tringle ClosetMaid, plastique, nickel, 0,4 po P. x 0,25 po H. x 0,25 po l.",https://www.rona.ca/fr/produit/petits-embouts-de-tringle-closetmaid-plastique-nickel-0-4-po-p-x-0-25-po-h-x-0-25-po-l-1016300-36485162,https://cdn.rona.ca/images/36485162_M.jpg,paquet,12.49,8.0,4.49,35.95,"3,75 $",5.0,5 en magasin,Ramassage en magasin,Livraison
LEPAGE,"Scellant portes et fenêtres Quad Max de Lepage, résistant aux rayons UV, 280 ml, bois de grange",https://www.rona.ca/fr/produit/scellant-portes-et-fenetres-quad-max-de-lepage-resistant-aux-rayons-uv-280-ml-bois-de-grange-1869869-01805252,https://cdn.rona.ca/images/01805252_M.jpg,chacun,14.49,10.0,4.49,30.99,"4,13 $",3.0,3 en magasin,Ramassage en magasin,Livraison
EATON,"Interrupteur commercial à bascule Eaton 15 amp, unipolaire/3 voies, 1-paquet",https://www.rona.ca/fr/produit/interrupteur-commercial-a-bascule-eaton-15-amp-unipolaire-3-voies-1-paquet-275w-bx-l-04805864,https://cdn.rona.ca/images/04805864_M.jpg,chacun,15.49,11.0,4.49,28.99,"3,87 $",5.0,5 en magasin,Ramassage en magasin,Livraison
IMPERIAL,"Récupérateur de chaleur avec filtre en plastique blanc 4""",https://www.rona.ca/fr/produit/recuperateur-de-chaleur-avec-filtre-en-plastique-blanc-4-1224265,https://cdn.rona.ca/images/1224265_M.jpg,chacun,16.49,12.0,4.489999999999998,27.23,"4,49 $",5.0,5 en magasin,Ramassage en magasin,Livraison
AIR KING,"Robinet-vanne à étrier autoperceur en cuivre pour humidificateurs Wait et Wait-Skuttle d'Air King, antirouille",https://www.rona.ca/fr/produit/robinet-vanne-a-etrier-autoperceur-en-cuivre-pour-humidificateurs-wait-et-wait-skuttle-dair-king-antirouille-4a112805-0435011,https://cdn.rona.ca/images/0435011_M.jpg,chacun,16.49,12.0,4.489999999999998,27.23,"4,49 $",2.0,2 en magasin,Ramassage en magasin,Livraison
,"Marche d'intérieur, bois aggloméré, fini naturel, 42 po L. x 10 1/2 po l. x 1 1/8 po H.",https://www.rona.ca/fr/produit/marche-dinterieur-bois-agglomere-fini-naturel-42-po-l-x-10-1-2-po-l-x-1-1-8-po-h-m42g-04065045,https://cdn.rona.ca/images/04065045_M.jpg,chacun,17.49,13.0,4.489999999999998,25.67,"4,37 $",7.0,7 en magasin,Ramassage en magasin,Livraison
PROJECT SOURCE,"Plafonnier à 1 lumière, acier/verre, blanc/nickel brossé",https://www.rona.ca/fr/produit/project-source-plafonnier-a-1-lumiere-acier-verre-blanc-nickel-brosse-fs190517-04-45055008,https://cdn.rona.ca/images/45055008_M.jpg,chacun,22.49,18.0,4.489999999999998,19.96,"4,49 $",10.0,10 en magasin,Ramassage en magasin,Livraison
SICO ENDURANCE,"Peinture teintable multicolore SICO Endurance, base moyenne, fini semi-lustré (31,99 onces)",https://www.rona.ca/fr/produit/peinture-teintable-multicolore-sico-endurance-base-moyenne-fini-semi-lustre-31-99-onces-747-502-946ml-50317210,https://cdn.rona.ca/images/50317210_M.jpg,chacun,26.49,22.0,4.489999999999998,16.95,"3,97 $",9.0,9 en magasin,Ramassage en magasin,Livraison
SICO ENDURANCE,"Peinture teintable multicolore SICO Endurance, base blanche, fini semi-lustré (31,99 onces)",https://www.rona.ca/fr/produit/peinture-teintable-multicolore-sico-endurance-base-blanche-fini-semi-lustre-31-99-onces-747-501-946ml-50317208,https://cdn.rona.ca/images/50317208_M.jpg,chacun,26.49,22.0,4.489999999999998,16.95,"3,97 $",7.0,7 en magasin,Ramassage en magasin,Livraison
RAIN BIRD,Outil pour buse d'arroseur Rain Bird escamotable,https://www.rona.ca/fr/produit/outil-pour-buse-darroseur-rain-bird-escamotable-ptc1-32025003,https://cdn.rona.ca/images/32025003_M.jpg,chacun,20.39,16.0,4.390000000000001,21.53,"4,39 $",4.0,4 en magasin,Ramassage en magasin,Livraison
IRIS CERAMICA,"Carreau de céramique Be In d'Iris Ceramica, 4 po x 8 po, gris",https://www.rona.ca/fr/produit/carreau-de-ceramique-be-in-diris-ceramica-4-po-x-8-po-gris-090003-57975009,https://cdn.rona.ca/images/57975009_M.jpg,pi ca,7.39,3.0,4.39,59.4,50%,4.0,4 en magasin,Ramassage en magasin,Livraison
WIHA,"Embout d'acier pour tournevis à chocs TerminatorBlue de Wiha, Hexalobé T25, 1 pouce, 2/paquet",https://www.rona.ca/fr/produit/embout-dacier-pour-tournevis-a-chocs-terminatorblue-de-wiha-hexalobe-t25-1-pouce-2-paquet-70020-98325001,https://cdn.rona.ca/images/98325001_M.jpg,paquet,5.29,1.0,4.29,81.1,"4,29 $",22.0,22 en magasin,Ramassage en magasin,Livraison
WIHA,"Paire d'embouts cruciformes no 2 en acier pour tournevis à chocs TerminatorBlue de Wiha, 1 po",https://www.rona.ca/fr/produit/paire-dembouts-cruciformes-no-2-en-acier-pour-tournevis-a-chocs-terminatorblue-de-wiha-1-po-70002-98325000,https://cdn.rona.ca/images/98325000_M.jpg,paquet,5.29,1.0,4.29,81.1,"4,29 $",10.0,10 en magasin,Ramassage en magasin,Livraison
WIHA,"Embouts carrés de tournevis à chocs no 2 en acier TerminatorBlue de Wiha, 1 po, 2/pqt",https://www.rona.ca/fr/produit/embouts-carres-de-tournevis-a-chocs-no-2-en-acier-terminatorblue-de-wiha-1-po-2-pqt-70025-98325002,https://cdn.rona.ca/images/98325002_M.jpg,paquet,5.29,1.0,4.29,81.1,"4,29 $",17.0,17 en magasin,Ramassage en magasin,Livraison
CRAFTSMAN,"Tournevis trapu à tête carrée CRAFTSMAN, n° 2 x 1,5 po",https://www.rona.ca/fr/produit/tournevis-trapu-a-tete-carree-craftsman-n-2-x-1-5-po-cmht65105-00277140,https://cdn.rona.ca/images/00277140_M.jpg,chacun,11.29,7.0,4.289999999999999,38.0,"3,79 $",1.0,1 en magasin,Ramassage en magasin,Livraison
PRECISION,"Vis à gypse en acier Precision, empreinte cruciforme, zinguées, boîte de 245, no 6 x 1 1/4 po",https://www.rona.ca/fr/produit/vis-a-gypse-en-acier-precision-empreinte-cruciforme-zinguees-boite-de-245-no-6-x-1-1-4-po-514-400-63868898,https://cdn.rona.ca/images/63868898_M.jpg,boite,15.29,11.0,4.289999999999999,28.06,"3,82 $",24.0,24 en magasin,Ramassage en magasin,Livraison
RAIN BIRD,Trousse de réparation de valves Rain Bird arrosage goutte à goutte,https://www.rona.ca/fr/produit/trousse-de-reparation-de-valves-rain-bird-arrosage-goutte-a-goutte-srk-32025005,https://cdn.rona.ca/images/32025005_M.jpg,chacun,19.29,15.0,4.289999999999999,22.24,"4,29 $",1.0,1 en magasin,Ramassage en magasin,Livraison
CRAFTSMAN,"Ensemble de tournevis en acier CRAFTSMAN, 3 morceaux",https://www.rona.ca/fr/produit/ensemble-de-tournevis-en-acier-craftsman-3-morceaux-cmht65042-00277007,https://cdn.rona.ca/images/00277007_M.jpg,chacun,8.19,4.0,4.1899999999999995,51.16,"4,19 $",1.0,1 en magasin,Ramassage en magasin,Livraison
DEWALT,"Embouts pour tournevis carré Impact Ready de DEWALT en acier, tige hexagonale 1/4 po, no 2, 1 po, paquet de 10",https://www.rona.ca/fr/produit/embouts-pour-tournevis-carre-impact-ready-de-dewalt-en-acier-tige-hexagonale-1-4-po-no-2-1-po-paquet-de-10-dw2202b10-00275827,https://cdn.rona.ca/images/00275827_M.jpg,paquet,9.19,5.0,4.1899999999999995,45.59,"4,19 $",1.0,1 en magasin,Ramassage en magasin,Livraison
COLONIAL ELEGANCE,"Nez de marche Colonial Elegance, érable, fini naturel, 1 1/8 po L. x 12 3/4 po l. x 1 1/16 po p.",https://www.rona.ca/fr/produit/nez-de-marche-colonial-elegance-erable-fini-naturel-1-1-8-po-l-x-12-3-4-po-l-x-1-1-16-po-p-95fmamv-08856008,https://cdn.rona.ca/images/08856008_M.jpg,chacun,12.19,8.0,4.1899999999999995,34.37,"4,19 $",3.0,3 en magasin,Ramassage en magasin,Livraison
PRECISION,"Vis à bois à tête plate zinguées de Precision, gros filetage, carrée, paquet de 1 lb, no 8 x 1 3/4 po",https://www.rona.ca/fr/produit/vis-a-bois-a-tete-plate-zinguees-de-precision-gros-filetage-carree-paquet-de-1-lb-no-8-x-1-3-4-po-514-632-63868952,https://cdn.rona.ca/images/63868952_M.jpg,boite,14.19,10.0,4.1899999999999995,29.53,"3,55 $",1.0,1 en magasin,Ramassage en magasin,Livraison
NORTON,"Lame de coupe pour maçonnerie Norton, type 1, 14 po dia, diamètre de l'arbre 1 po",https://www.rona.ca/fr/produit/lame-de-coupe-pour-maconnerie-norton-type-1-14-po-dia-diametre-de-larbre-1-po-07660705495-77375719,https://cdn.rona.ca/images/77375719_M.jpg,chacun,14.19,10.0,4.1899999999999995,29.53,"4,19 $",5.0,5 en magasin,Ramassage en magasin,Livraison
WOLFCRAFT,"Lime rotative en acier trempé de forme conique Wolfcraft, 1/2 po dia x 1 3/8 po L., tige ronde 1/4 po, noire",https://www.rona.ca/fr/produit/lime-rotative-en-acier-trempe-de-forme-conique-wolfcraft-1-2-po-dia-x-1-3-8-po-l-tige-ronde-1-4-po-noire-2535405-1137108,https://cdn.rona.ca/images/1137108_M.jpg,chacun,11.09,7.0,4.09,36.88,"4,09 $",1.0,1 en magasin,Ramassage en magasin,Livraison
PROJECT SOURCE,"Luminaire sur rail, 3 lumières, 25"", acier, chrome/noir mat",https://www.rona.ca/fr/produit/project-source-luminaire-sur-rail-3-lumieres-25-acier-chrome-noir-mat-fs190610-3-bk-45055014,https://cdn.rona.ca/images/45055014_M.jpg,chacun,55.99,52.0,3.990000000000002,7.13,"3,99 $",1.0,1 en magasin,Ramassage en magasin,Livraison
ATTITUDE,"Nettoyant multisurface Attitude, biodégradable, parfum de zeste d'agrumes, 800 ml",https://www.rona.ca/fr/produit/nettoyant-multisurface-attitude-biodegradable-parfum-de-zeste-dagrumes-800-ml-10180-37605004,https://cdn.rona.ca/images/37605004_M.jpg,chacun,6.99,3.0,3.99,57.08,"3,59 $",3.0,3 en magasin,Ramassage en magasin,Livraison
LASER,"Fil rond pour coupe-bordure électrique/à essence Laser, vert, nylon, 160 pi L. x 0,080 po de diamètre",https://www.rona.ca/fr/produit/fil-rond-pour-coupe-bordure-electrique-a-essence-laser-vert-nylon-160-pi-l-x-0-080-po-de-diametre-42965-0819034,https://cdn.rona.ca/images/0819034_M.jpg,chacun,6.99,3.0,3.99,57.08,"3,15 $",29.0,29 en magasin,Ramassage en magasin,Livraison
DYNAMIC,"Bac à papier peint Dynamic, plastique, noir, 30 po l.",https://www.rona.ca/fr/produit/bac-a-papier-peint-dynamic-plastique-noir-30-po-l-ae42wt30-1776086,https://cdn.rona.ca/images/1776086_M.jpg,chacun,6.99,3.0,3.99,57.08,"3,15 $",12.0,12 en magasin,Ramassage en magasin,Livraison
SHARPIE,"Marqueurs permanents Sharpie à pointe fine, couleurs assorties, paquet de 3",https://www.rona.ca/fr/produit/marqueurs-permanents-sharpie-a-pointe-fine-couleurs-assorties-paquet-de-3-30173pp-02975015,https://cdn.rona.ca/images/02975015_M.jpg,chacun,6.99,3.0,3.99,57.08,"3,49 $",21.0,21 en magasin,Ramassage en magasin,Livraison
QWICK WICK,"Allume-feu naturel Qwick Wick, paquet de 4",https://www.rona.ca/fr/produit/allume-feu-naturel-qwick-wick-paquet-de-4-tag-rona-shelf-72205000,https://cdn.rona.ca/images/72205000_M.jpg,chacun,7.99,4.0,3.99,49.94,3 $,9.0,9 en magasin,Ramassage en magasin,Livraison
CRAFTSMAN,"Tuque en acrylique CRAFTSMAN, noir",https://www.rona.ca/fr/produit/tuque-en-acrylique-craftsman-noir-cmxwhau100-31515005,https://cdn.rona.ca/images/31515005_M.jpg,chacun,7.99,4.0,3.99,49.94,"3,21 $",28.0,28 en magasin,Ramassage en magasin,Livraison
CLIMALOC SCREEN,Fixation de cadre Climaloc 8 HGRS/4 LTCHS,https://www.rona.ca/fr/produit/climaloc-screen-fixation-de-cadre-climaloc-8-hgrs-4-ltchs-csvfast716-00975775,https://cdn.rona.ca/images/00975775_M.jpg,chacun,8.99,5.0,3.99,44.38,3 $,17.0,17 en magasin,Ramassage en magasin,Livraison
NORTON,"Meule abrasive RightCut Norton, 6 po dia x 3/64 po H., arbre 7/8 po, grain 60, type 1, oxyde d'aluminium",https://www.rona.ca/fr/produit/meule-abrasive-rightcut-norton-6-po-dia-x-3-64-po-h-arbre-7-8-po-grain-60-type-1-oxyde-daluminium-7660702757-77375722,https://cdn.rona.ca/images/77375722_M.jpg,chacun,8.99,5.0,3.99,44.38,"3,99 $",9.0,9 en magasin,Ramassage en magasin,Livraison
SIMMS,"Manchon de rechange Golden Touch de Simms, microfibre, utilisation sur surface lisse, 9 1/2 po l. x 1 1/2 po diamètre",https://www.rona.ca/fr/produit/manchon-de-rechange-golden-touch-de-simms-microfibre-utilisation-sur-surface-lisse-9-1-2-po-l-x-1-1-2-po-diametre-r700-0158139,https://cdn.rona.ca/images/0158139_M.jpg,chacun,9.99,6.0,3.99,39.94,3 $,14.0,14 en magasin,Ramassage en magasin,Livraison
KNAPE & VOGT,"Montants pour étagère série 80 de Knape & Vogt, acier de calibre 16, fini titane, 5/8 po x 36 po",https://www.rona.ca/fr/produit/montants-pour-etagere-serie-80-de-knape-vogt-acier-de-calibre-16-fini-titane-5-8-po-x-36-po-80ti36-0233196,https://cdn.rona.ca/images/0233196_M.jpg,chacun,9.99,6.0,3.99,39.94,3 $,8.0,8 en magasin,Ramassage en magasin,Livraison
GILMOUR,Vanne d'arrêt en laiton robuste,https://www.rona.ca/fr/produit/gilmour-vanne-darret-en-laiton-robuste-871104-5001-20245088,https://cdn.rona.ca/images/20245088_M.jpg,chacun,9.99,6.0,3.99,39.94,3 $,50.0,50 en magasin,Ramassage en magasin,Livraison
SURFACEMAXX,"Bouchon pour laveuse à pression, Surfacemaxx 3/8 po",https://www.rona.ca/fr/produit/bouchon-pour-laveuse-a-pression-surfacemaxx-3-8-po-sgy-pwa26-31805111,https://cdn.rona.ca/images/31805111_M.jpg,chacun,10.99,7.0,3.99,36.31,"3,30 $",3.0,3 en magasin,Ramassage en magasin,Livraison
KNAPE & VOGT,Supports à crémaillère Pilaster de Knape & Vogt - Blanc - Acier - 3/4 po p. x 5/8 po l.,https://www.rona.ca/fr/produit/supports-a-cremaillere-pilaster-de-knape-vogt-blanc-acier-3-4-po-p-x-5-8-po-l-256swpwh-0233521,https://cdn.rona.ca/images/0233521_M.jpg,paquet,10.99,7.0,3.99,36.31,"3,30 $",81.0,81 en magasin,Ramassage en magasin,Livraison
GILMOUR,"Vanne d'arrêt à 2 voies, robuste",https://www.rona.ca/fr/produit/gilmour-vanne-darret-a-2-voies-robuste-871204-5001-20245089,https://cdn.rona.ca/images/20245089_M.jpg,chacun,11.99,8.0,3.99,33.28,"3,60 $",21.0,21 en magasin,Ramassage en magasin,Livraison
TERRE VERTE,Appât à guêpes jaunes,https://www.rona.ca/fr/produit/appat-a-guepes-jaunes-12985037,https://cdn.rona.ca/images/12985037_M.jpg,chacun,11.99,8.0,3.99,33.28,3 $,42.0,42 en magasin,Ramassage en magasin,Livraison
GILMOUR,"Ensemble de raccord, connexion rapide femelle, laiton",https://www.rona.ca/fr/produit/gilmour-ensemble-de-raccord-connexion-rapide-femelle-laiton-871504-5001-20245092,https://cdn.rona.ca/images/20245092_M.jpg,chacun,11.99,8.0,3.99,33.28,"3,60 $",12.0,12 en magasin,Ramassage en magasin,Livraison
EATON,"Plafonnier en porcelaine blanc avec chaîne Eaton, 3 intensités, culot moyen, 660 W, 250 V",https://www.rona.ca/fr/produit/plafonnier-en-porcelaine-blanc-avec-chaine-eaton-3-intensites-culot-moyen-660-w-250-v-659-sp-l-0480036,https://cdn.rona.ca/images/0480036_M.jpg,chacun,11.99,8.0,3.99,33.28,3 $,24.0,24 en magasin,Ramassage en magasin,Livraison
GILMOUR,"Pistolet de nettoyage droit, commande au pouce",https://www.rona.ca/fr/produit/gilmour-pistolet-de-nettoyage-droit-commande-au-pouce-847722-5001-20245074,https://cdn.rona.ca/images/20245074_M.jpg,chacun,12.99,9.0,3.99,30.72,"3,90 $",43.0,43 en magasin,Ramassage en magasin,Livraison
MIRACLE-GRO,"Filet de jardinage en treillis Miracle-Gro, 5,5' x 8,5', blanc",https://www.rona.ca/fr/produit/filet-de-jardinage-en-treillis-miracle-gro-5-5-x-8-5-blanc-smg12318-20555013,https://cdn.rona.ca/images/20555013_M.jpg,chacun,12.99,9.0,3.99,30.72,"3,25 $",1.0,1 en magasin,Ramassage en magasin,Livraison
IMPERIAL,Clé de débit Imperial avec manchon de 4 po de diamètre,https://www.rona.ca/fr/produit/cle-de-debit-imperial-avec-manchon-de-4-po-de-diametre-gv2281-a-1224537,https://cdn.rona.ca/images/1224537_M.jpg,chacun,13.99,10.0,3.99,28.52,"3,50 $",4.0,4 en magasin,Ramassage en magasin,Livraison
NORTON,"Meule à tronçonner Norton, oxyde d'aluminium, 12 po dia, pour métaux",https://www.rona.ca/fr/produit/meule-a-tronconner-norton-oxyde-daluminium-12-po-dia-pour-metaux-7660705494-95045037,https://cdn.rona.ca/images/95045037_M.jpg,chacun,13.99,10.0,3.99,28.52,"3,99 $",7.0,7 en magasin,Ramassage en magasin,Livraison
NORTON,"Lame de maçonnerie de type 1 Norton, acier allié, ébavurage, 12 po dia",https://www.rona.ca/fr/produit/lame-de-maconnerie-de-type-1-norton-acier-allie-ebavurage-12-po-dia-07660705493-77375720,https://cdn.rona.ca/images/77375720_M.jpg,chacun,13.99,10.0,3.99,28.52,"3,99 $",21.0,21 en magasin,Ramassage en magasin,Livraison
RAID,"Détecteur et piège pour punaises de lit, paquet de 8",https://www.rona.ca/fr/produit/detecteur-et-piege-pour-punaises-de-lit-paquet-de-8-01665196,https://cdn.rona.ca/images/01665196_M.jpg,chacun,13.99,10.0,3.99,28.52,"3,50 $",14.0,14 en magasin,Ramassage en magasin,Livraison
PRECISION,"Vis à plancher à tête plate de Precision, empreinte carrée, paquet de 1 lb, no 8 x 2 po",https://www.rona.ca/fr/produit/vis-a-plancher-a-tete-plate-de-precision-empreinte-carree-paquet-de-1-lb-no-8-x-2-po-514-993-63868963,https://cdn.rona.ca/images/63868963_M.jpg,boite,14.99,11.0,3.99,26.62,"3,75 $",12.0,12 en magasin,Ramassage en magasin,Livraison
IMPERIAL,Sortie évent,https://www.rona.ca/fr/produit/sortie-event-12245239,https://cdn.rona.ca/images/12245239_M.jpg,chacun,15.99,12.0,3.99,24.95,"3,99 $",9.0,9 en magasin,Ramassage en magasin,Livraison
WOODS,"Rallonge d'intérieur Woods, 4,5 mètres",https://www.rona.ca/fr/produit/rallonge-dinterieur-woods-4-5-metres-64786901-0238089,https://cdn.rona.ca/images/0238089_M.jpg,chacun,15.99,12.0,3.99,24.95,"3,20 $",6.0,6 en magasin,Ramassage en magasin,Livraison
LENOX,"Scie-cloche Lenox, 1 1/8 po dia, bimétallique, sans arbre",https://www.rona.ca/fr/produit/scie-cloche-lenox-1-1-8-po-dia-bimetallique-sans-arbre-2060575-79915358,https://cdn.rona.ca/images/79915358_M.jpg,chacun,16.99,13.0,3.9899999999999984,23.48,"3,99 $",3.0,3 en magasin,Ramassage en magasin,Livraison
IMPERIAL,Ensemble d'évent de sécheuse à raccordement intérieur Imperial,https://www.rona.ca/fr/produit/ensemble-devent-de-secheuse-a-raccordement-interieur-imperial-vtl0007-a-12245430,https://cdn.rona.ca/images/12245430_M.jpg,chacun,18.99,15.0,3.9899999999999984,21.01,"3,99 $",1.0,1 en magasin,Ramassage en magasin,Livraison
TECHNISEAL,"Flocons décoratifs pour plancher de garage effet terrazzo Techniseal Sahara, 325 g",https://www.rona.ca/fr/produit/flocons-decoratifs-pour-plancher-de-garage-effet-terrazzo-techniseal-sahara-325-g-149-994-79245068,https://cdn.rona.ca/images/79245068_M.jpg,chacun,20.99,17.0,3.9899999999999984,19.01,"3,15 $",1.0,1 en magasin,Ramassage en magasin,Livraison
WOODS,"Lisière de coin à 6 prises, 120 V, 4', blanc",https://www.rona.ca/fr/produit/woods-lisiere-de-coin-a-6-prises-120-v-4-blanc-41378-74045228,https://cdn.rona.ca/images/74045228_M.jpg,chacun,20.99,17.0,3.9899999999999984,19.01,"3,15 $",6.0,6 en magasin,Ramassage en magasin,Livraison
IMPERIAL,"Registre de plancher en acier à clapets Imperial, fini de laiton antique, 3 po de large x 10 po de long",https://www.rona.ca/fr/produit/registre-de-plancher-en-acier-a-clapets-imperial-fini-de-laiton-antique-3-po-de-large-x-10-po-de-long-rg0201-1152035,https://cdn.rona.ca/images/1152035_M.jpg,chacun,21.99,18.0,3.9899999999999984,18.14,"3,99 $",3.0,3 en magasin,Ramassage en magasin,Livraison
TREMCLAD,"Émail antirouille haute performance Tremclad, 426 g, fini lustré, vert sécurité",https://www.rona.ca/fr/produit/email-antirouille-haute-performance-tremclad-426-g-fini-lustre-vert-securite-5707512838-03305597,https://cdn.rona.ca/images/03305597_M.jpg,chacun,21.99,18.0,3.9899999999999984,18.14,"3,30 $",4.0,4 en magasin,Ramassage en magasin,Livraison
PURDY,"Pinceau Purdy, XL-Dale, mélange nylon et polyester, angulaire, 1 po l.",https://www.rona.ca/fr/produit/pinceau-purdy-xl-dale-melange-nylon-et-polyester-angulaire-1-po-l-144080310-37935005,https://cdn.rona.ca/images/37935005_M.jpg,chacun,21.99,18.0,3.9899999999999984,18.14,"3,30 $",2.0,2 en magasin,Ramassage en magasin,Livraison
SAMAN,"Teinture en une couche pour bois d'intérieur Saman, à base d'eau, inodore, aubergine, 236 ml",https://www.rona.ca/fr/produit/teinture-en-une-couche-pour-bois-dinterieur-saman-a-base-deau-inodore-aubergine-236-ml-tew-107-8-7264009,https://cdn.rona.ca/images/7264009_M.jpg,chacun,22.99,19.0,3.9899999999999984,17.36,"3,45 $",1.0,1 en magasin,Ramassage en magasin,Livraison
SAMAN,"Teinture en gel à l'huile naturelle pour intérieur de Saman, à base d'huile, érable, faible COV, 472 ml",https://www.rona.ca/fr/produit/teinture-en-gel-a-lhuile-naturelle-pour-interieur-de-saman-a-base-dhuile-erable-faible-cov-472-ml-gel-205-500-72645229,https://cdn.rona.ca/images/72645229_M.jpg,chacun,23.99,20.0,3.9899999999999984,16.63,"3,60 $",1.0,1 en magasin,Ramassage en magasin,Livraison
SICO ENDURANCE,"Peinture teintable multicolore SICO Endurance, base blanche, fini mat (31,99 onces)",https://www.rona.ca/fr/produit/peinture-teintable-multicolore-sico-endurance-base-blanche-fini-mat-31-99-onces-741-501-946ml-50317238,https://cdn.rona.ca/images/50317238_M.jpg,chacun,24.99,21.0,3.9899999999999984,15.97,"3,75 $",33.0,33 en magasin,Ramassage en magasin,Livraison
GE,"Ampoule BR30 intelligente Full Color C by GE, projecteur d'intérieur (paquet de 1 unité)",https://www.rona.ca/fr/produit/ampoule-br30-intelligente-full-color-c-by-ge-projecteur-dinterieur-paquet-de-1-unite-93119771-32285185,https://cdn.rona.ca/images/32285185_M.jpg,chacun,24.99,21.0,3.9899999999999984,15.97,3 $,5.0,5 en magasin,Ramassage en magasin,Livraison
HEATH ZENITH,"Bouton de sonnette sans fil Heath Zenith, noir",https://www.rona.ca/fr/produit/bouton-de-sonnette-sans-fil-heath-zenith-noir-18000149-00796022,https://cdn.rona.ca/images/00796022_M.jpg,chacun,24.99,21.0,3.9899999999999984,15.97,"3,75 $",6.0,6 en magasin,Ramassage en magasin,Livraison
PURDY,"Pinceau angulaire pour découpage Purdy XL Glide, polyester et nylon, manche en bois, application lisse, 1 1/2 po",https://www.rona.ca/fr/produit/pinceau-angulaire-pour-decoupage-purdy-xl-glide-polyester-et-nylon-manche-en-bois-application-lisse-1-1-2-po-144152315-37935009,https://cdn.rona.ca/images/37935009_M.jpg,chacun,24.99,21.0,3.9899999999999984,15.97,"3,75 $",2.0,2 en magasin,Ramassage en magasin,Livraison
IMPERIAL,"Grille d'aération murale standard Imperial, acier, blanche, 30 po de large x 6 po de haut",https://www.rona.ca/fr/produit/grille-daeration-murale-standard-imperial-acier-blanche-30-po-de-large-x-6-po-de-haut-rg0540-c-1152007,https://cdn.rona.ca/images/1152007_M.jpg,chacun,25.99,22.0,3.9899999999999984,15.35,"3,99 $",1.0,1 en magasin,Ramassage en magasin,Livraison
PURDY,"Pinceau angulaire pour découpage Extra Oregon Purdy, soie noire, manche en bois, 2 po",https://www.rona.ca/fr/produit/pinceau-angulaire-pour-decoupage-extra-oregon-purdy-soie-noire-manche-en-bois-2-po-144116020-37935007,https://cdn.rona.ca/images/37935007_M.jpg,chacun,25.99,22.0,3.9899999999999984,15.35,"3,90 $",3.0,3 en magasin,Ramassage en magasin,Livraison
PROJECT SOURCE,Luminaire traditionnel blanc de 36 po à 6 ampoules pour meuble-lavabo par Project Source,https://www.rona.ca/fr/produit/luminaire-traditionnel-blanc-de-36-po-a-6-ampoules-pour-meuble-lavabo-par-project-source-45055003,https://cdn.rona.ca/images/45055003_M.jpg,chacun,26.99,23.0,3.9899999999999984,14.78,"3,99 $",6.0,6 en magasin,Ramassage en magasin,Livraison
MTD,Filtre à air en mousse MTD moteur Powermore 547cc rouge/noir,https://www.rona.ca/fr/produit/filtre-a-air-en-mousse-mtd-moteur-powermore-547cc-rouge-noir-490-200-n063-80495160,https://cdn.rona.ca/images/80495160_M.jpg,chacun,27.99,24.0,3.9899999999999984,14.26,3 $,8.0,8 en magasin,Ramassage en magasin,Livraison
BAZZ,"Luminaire encastré modulable à DEL de 2 po BAZZ blanc mat, 8 W",https://www.rona.ca/fr/produit/luminaire-encastre-modulable-a-del-de-2-po-bazz-blanc-mat-8-w-disk2w-33785587,https://cdn.rona.ca/images/33785587_M.jpg,chacun,28.99,25.0,3.9899999999999984,13.76,"3,99 $",4.0,4 en magasin,Ramassage en magasin,Livraison
BLOEM,"Pot à auto-irrigation Ariana de Bloem 1/pqt 6,5 x 5,1 po merlot plastique",https://www.rona.ca/fr/produit/pot-a-auto-irrigation-ariana-de-bloem-1-pqt-6-5-x-5-1-po-merlot-plastique-ap0657-49965033,https://cdn.rona.ca/images/49965033_M.jpg,chacun,5.79,2.0,3.79,65.46,"2,80 $",10.0,10 en magasin,Ramassage en magasin,Livraison
BLOEM,"Pot à auto-irrigation Ariana de Bloem 1/pqt 6,5 x 5,1 po bleu brume plastique",https://www.rona.ca/fr/produit/pot-a-auto-irrigation-ariana-de-bloem-1-pqt-6-5-x-5-1-po-bleu-brume-plastique-ap0637-49965010,https://cdn.rona.ca/images/49965010_M.jpg,chacun,5.79,2.0,3.79,65.46,"2,80 $",22.0,22 en magasin,Ramassage en magasin,Livraison
JOHNSON,"Niveau pour cadre Johnson, plastique, vert, 5 po",https://www.rona.ca/fr/produit/niveau-pour-cadre-johnson-plastique-vert-5-po-118000-0704087,https://cdn.rona.ca/images/0704087_M.jpg,chacun,6.79,3.0,3.79,55.82,"3,79 $",5.0,5 en magasin,Ramassage en magasin,Livraison
KOBALT,"Gants pour homme en PEHP Kobalt, enduits de nitrile, très grand",https://www.rona.ca/fr/produit/gants-pour-homme-en-pehp-kobalt-enduits-de-nitrile-tres-grand-b51257ktxl-01786365,https://cdn.rona.ca/images/01786365_M.jpg,chacun,14.79,11.0,3.789999999999999,25.63,"3,70 $",6.0,6 en magasin,Ramassage en magasin,Livraison
CAMPBELL HAUSFELD,Connecteur automobile Campbell Hausfeld avec filets femelle,https://www.rona.ca/fr/produit/connecteur-automobile-campbell-hausfeld-avec-filets-femelle-pa101200av-7345060,https://cdn.rona.ca/images/7345060_M.jpg,chacun,6.69,3.0,3.6900000000000004,55.16,"3,68 $",5.0,5 en magasin,Ramassage en magasin,Livraison
COMMAND,"Crochet avec bouton en cristal, grand, transparent, 1/paquet",https://www.rona.ca/fr/produit/command-crochet-avec-bouton-en-cristal-grand-transparent-1-paquet-17096clr-ef-02095571,https://cdn.rona.ca/images/02095571_M.jpg,chacun,8.69,5.0,3.6899999999999995,42.46,"3,48 $",4.0,4 en magasin,Ramassage en magasin,Livraison
PRECISION,"Vis à bois à tête plate zinguées de Precision, gros filetage, carrée, paquet de 1 lb, no 8 x 1 1/4 po",https://www.rona.ca/fr/produit/vis-a-bois-a-tete-plate-zinguees-de-precision-gros-filetage-carree-paquet-de-1-lb-no-8-x-1-1-4-po-514-630-63868943,https://cdn.rona.ca/images/63868943_M.jpg,boite,14.69,11.0,3.6899999999999995,25.12,"3,67 $",2.0,2 en magasin,Ramassage en magasin,Livraison
CRAFTSMAN,"Tournevis CRAFTSMAN Torx en acier # 25, 4 po",https://www.rona.ca/fr/produit/tournevis-craftsman-torx-en-acier-25-4-po-cmht65038-00277044,https://cdn.rona.ca/images/00277044_M.jpg,chacun,7.59,4.0,3.59,47.3,"3,59 $",2.0,2 en magasin,Ramassage en magasin,Livraison
NORTON,"Disque abrasif de meuleuse de carbure de silicium EAB, 5 po dia x 1/4 po p., arbre 7/8 po, type 27, moyeu déporté",https://www.rona.ca/fr/produit/norton-disque-abrasif-de-meuleuse-de-carbure-de-silicium-eab-5-po-dia-x-1-4-po-p-arbre-7-8-po-type-27-moyeu-deporte-66252843602-77375735,https://cdn.rona.ca/images/77375735_M.jpg,chacun,8.59,5.0,3.59,41.79,"3,59 $",3.0,3 en magasin,Ramassage en magasin,Livraison
SWIFFER,Chiffons de remplacement pour linges secs Swiffer XL Heavy Duty (10/pqt),https://www.rona.ca/fr/produit/chiffons-de-remplacement-pour-linges-secs-swiffer-xl-heavy-duty-10-pqt-3700059675-13605287,https://cdn.rona.ca/images/13605287_M.jpg,chacun,13.59,10.0,3.59,26.42,"3,59 $",6.0,6 en magasin,Ramassage en magasin,Livraison
NORTON,"Meule à centre incurvé Norton, oxyde d'aluminium, type 27, 7 po dia",https://www.rona.ca/fr/produit/meule-a-centre-incurve-norton-oxyde-daluminium-type-27-7-po-dia-7660775940-77375731,https://cdn.rona.ca/images/77375731_M.jpg,chacun,18.59,15.0,3.59,19.31,"3,59 $",5.0,5 en magasin,Ramassage en magasin,Livraison
AMERICAN VILLA,"Carreau de céramique pour mur 4 po x 12 po d'American Villa, blé",https://www.rona.ca/fr/produit/carreau-de-ceramique-pour-mur-4-po-x-12-po-damerican-villa-ble-1024139-57975049,https://cdn.rona.ca/images/57975049_M.jpg,pi ca,5.55,2.0,3.55,63.96,53%,14.0,14 en magasin,Ramassage en magasin,Livraison
OREGON,"Affûteuse pour scie à chaîne Sure Sharp d'Oregon 12 V, 25 000 tr/min",https://www.rona.ca/fr/produit/affuteuse-pour-scie-a-chaine-sure-sharp-doregon-12-v-25-000-tr-min-575214-41536006,https://cdn.rona.ca/images/41536006_M.jpg,chacun,48.49,45.0,3.490000000000002,7.2,"3,39 $",1.0,1 en magasin,Ramassage en magasin,Livraison
BOSCH,Bosch 4-1/2 x 0.045 po Roue abrasive type 27A (ISO 42) 60 grains coupe rapide métal acier inoxydable X-LOCK,https://www.rona.ca/fr/produit/bosch-4-1-2-x-0045-po-roue-abrasive-type-27a-iso-42-60-grains-coupe-rapide-metal-acier-inoxydable-x-lock-tcwx27s450-19836424,https://cdn.rona.ca/images/19836424_M.jpg,chacun,6.49,3.0,3.49,53.78,"3,49 $",12.0,12 en magasin,Ramassage en magasin,Livraison
PROJECT SOURCE,Equerre plate Project Source en plastique 7 po gris,https://www.rona.ca/fr/produit/equerre-plate-project-source-en-plastique-7-po-gris-67886-19225266,https://cdn.rona.ca/images/19225266_M.jpg,chacun,6.49,3.0,3.49,53.78,3 $,26.0,26 en magasin,Ramassage en magasin,Livraison
MONO SERRA,"Tuiles de céramique Mono Serra anthracite, 4 po x 12 po, 9,69 pi², antibactériennes",https://www.rona.ca/fr/produit/tuiles-de-ceramique-mono-serra-anthracite-4-po-x-12-po-9-69-pi2-antibacteriennes-cc-242-84666078,https://cdn.rona.ca/images/84666078_M.jpg,pi ca,6.49,3.0,3.49,53.78,40%,29.0,29 en magasin,Ramassage en magasin,Livraison
KNAPE & VOGT,Supports à crémaillère Pilaster de Knape & Vogt - Fini en zinc - Acier - 1/2 po L.,https://www.rona.ca/fr/produit/supports-a-cremaillere-pilaster-de-knape-vogt-fini-en-zinc-acier-1-2-po-l-256wpzc-0233522,https://cdn.rona.ca/images/0233522_M.jpg,paquet,8.49,5.0,3.49,41.11,"2,55 $",41.0,41 en magasin,Ramassage en magasin,Livraison
ORTHO,Insecticide pour punaises de lit Ortho en bouteille aérosol de 400 g,https://www.rona.ca/fr/produit/insecticide-pour-punaises-de-lit-ortho-en-bouteille-aerosol-de-400-g-0213610-12675460,https://cdn.rona.ca/images/12675460_M.jpg,chacun,10.49,7.0,3.49,33.27,"3,35 $",6.0,6 en magasin,Ramassage en magasin,Livraison
PORTFOLIO,Batteries solaires de rechange au lithium-fer-phosphate rechargeables paquet de 2,https://www.rona.ca/fr/produit/portfolio-batteries-solaires-de-rechange-au-lithium-fer-phosphate-rechargeables-paquet-de-2-0001012-16055006,https://cdn.rona.ca/images/16055006_M.jpg,chacun,10.49,7.0,3.49,33.27,"2,50 $",2.0,2 en magasin,Ramassage en magasin,Livraison
PAINTER'S TOUCH,"Peinture en aérosol Ultra Cover 2X, intérieur/extérieur, 340 g, ivoire, lustré",https://www.rona.ca/fr/produit/painters-touch-peinture-en-aerosol-ultra-cover-2x-interieur-exterieur-340-g-ivoire-lustre-268398-03305766,https://cdn.rona.ca/images/03305766_M.jpg,chacun,10.49,7.0,3.49,33.27,"3,15 $",2.0,2 en magasin,Ramassage en magasin,Livraison
KNAPE & VOGT,Supports d'étagère Pilaster de Knape & Vogt - Fini en zinc - Acier - 72 po L. x 5/8 po l.,https://www.rona.ca/fr/produit/supports-detagere-pilaster-de-knape-vogt-fini-en-zinc-acier-72-po-l-x-5-8-po-l-pk255zc-72-0233245,https://cdn.rona.ca/images/0233245_M.jpg,chacun,10.49,7.0,3.49,33.27,"3,15 $",12.0,12 en magasin,Ramassage en magasin,Livraison
KNAPE & VOGT,"Supports d'étagère série 80 de Knape & Vogt, acier, blanc, 36 po L. x 5/8 po l. x 13/32 po p.",https://www.rona.ca/fr/produit/supports-detagere-serie-80-de-knape-vogt-acier-blanc-36-po-l-x-5-8-po-l-x-13-32-po-p-80wh36-0233568,https://cdn.rona.ca/images/0233568_M.jpg,chacun,10.49,7.0,3.49,33.27,"3,15 $",3.0,3 en magasin,Ramassage en magasin,Livraison
BIOXO,"Pastilles pour lave-vaisselle Bioxo, formule 5-en-1, pqt/60",https://www.rona.ca/fr/produit/pastilles-pour-lave-vaisselle-bioxo-formule-5-en-1-pqt-60-332310132-30135133,https://cdn.rona.ca/images/30135133_M.jpg,chacun,10.49,7.0,3.49,33.27,"2,62 $",6.0,6 en magasin,Ramassage en magasin,Livraison
EATON,"Douille de lumière au plafond Eaton avec chaînette et prise en porcelaine blanche, 660 W 125 V",https://www.rona.ca/fr/produit/douille-de-lumiere-au-plafond-eaton-avec-chainette-et-prise-en-porcelaine-blanche-660-w-125-v-667-sp-l-04805725,https://cdn.rona.ca/images/04805725_M.jpg,chacun,12.49,9.0,3.49,27.94,"3,12 $",45.0,45 en magasin,Ramassage en magasin,Livraison
EATON,"Fiche de mise à terre blindée Eaton à 3 fils de 15 ampère, 125 V",https://www.rona.ca/fr/produit/fiche-de-mise-a-terre-blindee-eaton-a-3-fils-de-15-ampere-125-v-2867-f-l-04805762,https://cdn.rona.ca/images/04805762_M.jpg,chacun,12.49,9.0,3.49,27.94,"3,12 $",1.0,1 en magasin,Ramassage en magasin,Livraison
MOONRAYS,Ensemble de lumières solaires de sentier Moonrays avec boules de verre 15 po paquet de 3,https://www.rona.ca/fr/produit/ensemble-de-lumieres-solaires-de-sentier-moonrays-avec-boules-de-verre-15-po-paquet-de-3-26062mr-47135105,https://cdn.rona.ca/images/47135105_M.jpg,chacun,12.49,9.0,3.49,27.94,"2,50 $",25.0,25 en magasin,Ramassage en magasin,Livraison
FUSION PRODUCTS,"Mini piquets solaires, Fusion, plastique DEL 2 po x 10 po noir, paquet de 3",https://www.rona.ca/fr/produit/fusion-products-mini-piquets-solaires-fusion-plastique-del-2-po-x-10-po-noir-paquet-de-3-26062-47135053,https://cdn.rona.ca/images/47135053_M.jpg,chacun,12.49,9.0,3.49,27.94,"2,50 $",29.0,29 en magasin,Ramassage en magasin,Livraison
WILSON,"Barrière contre les animaux Predator(MC), 400 g",https://www.rona.ca/fr/produit/wilson-barriere-contre-les-animaux-predatormc-400-g-7640620-89455105,https://cdn.rona.ca/images/89455105_M.jpg,chacun,13.49,10.0,3.49,25.87,"3,37 $",9.0,9 en magasin,Ramassage en magasin,Livraison
EATON,"Interrupteur/prise Eaton ivoire 15 amp Duplex, inviolable residentiel/commercial 1/paquet",https://www.rona.ca/fr/produit/interrupteur-prise-eaton-ivoire-15-amp-duplex-inviolable-residentiel-commercial-1-paquet-tr274v-sp-l-04805834,https://cdn.rona.ca/images/04805834_M.jpg,chacun,13.49,10.0,3.49,25.87,"3,37 $",18.0,18 en magasin,Ramassage en magasin,Livraison
AIR KING,Tampon antibactérien pour évaporateur d'humidificateur de fournaise Wait d'Air King,https://www.rona.ca/fr/produit/tampon-antibacterien-pour-evaporateur-dhumidificateur-de-fournaise-wait-dair-king-90ab-12-0435009,https://cdn.rona.ca/images/0435009_M.jpg,chacun,18.49,15.0,3.4899999999999984,18.88,"3,49 $",4.0,4 en magasin,Ramassage en magasin,Livraison
WAGNER,"Manchon Wagner, 3/8"" x 9""",https://www.rona.ca/fr/produit/manchon-wagner-3-8-x-9-0155206-4919011,https://cdn.rona.ca/images/4919011_M.jpg,chacun,19.49,16.0,3.4899999999999984,17.91,"2,92 $",2.0,2 en magasin,Ramassage en magasin,Livraison
NORTON,"Lame de scie circulaire de diamant segmentée Classic Norton, acier allié, 4 po dia, 1500 tr/min",https://www.rona.ca/fr/produit/lame-de-scie-circulaire-de-diamant-segmentee-classic-norton-acier-allie-4-po-dia-1500-tr-min-7660702791-77375715,https://cdn.rona.ca/images/77375715_M.jpg,chacun,23.49,20.0,3.4899999999999984,14.86,"3,49 $",1.0,1 en magasin,Ramassage en magasin,Livraison
SHAKESPEARE,"Tête de coupe-bordures universelle Wind-N-Go par Shakespeare avancement du fil par coup pour fil de 0,08 à 0,095 po",https://www.rona.ca/fr/produit/tete-de-coupe-bordures-universelle-wind-n-go-par-shakespeare-avancement-du-fil-par-coup-pour-fil-de-0-08-a-0-095-po-17354-64325013,https://cdn.rona.ca/images/64325013_M.jpg,chacun,27.49,24.0,3.4899999999999984,12.7,"2,50 $",1.0,1 en magasin,Ramassage en magasin,Livraison
MOEN,Crochet double pour vêtements nickel brossé Preston de MOEN,https://www.rona.ca/fr/produit/crochet-double-pour-vetements-nickel-brosse-preston-de-moen-dn8403bn-1502499,https://cdn.rona.ca/images/1502499_M.jpg,chacun,15.39,12.0,3.3900000000000006,22.03,"3,08 $",3.0,3 en magasin,Ramassage en magasin,Livraison
EATON,"Plaque murale Eaton à 3 orifices pour 2 prises et 1 interrupteur, couleur ivoire",https://www.rona.ca/fr/produit/plaque-murale-eaton-a-3-orifices-pour-2-prises-et-1-interrupteur-couleur-ivoire-pj826v-f-l-04805944,https://cdn.rona.ca/images/04805944_M.jpg,chacun,4.29,1.0,3.29,76.69,"3,29 $",29.0,29 en magasin,Ramassage en magasin,Livraison
COMMAND,"Crochets utilitaires réutilisables, 3 crochets",https://www.rona.ca/fr/produit/command-crochets-utilitaires-reutilisables-3-crochets-17008-ef-02095557,https://cdn.rona.ca/images/02095557_M.jpg,chacun,6.29,3.0,3.29,52.31,"3,14 $",2.0,2 en magasin,Ramassage en magasin,Livraison
EATON,"Plaque murale décorative triple Eaton, ivoire (1/pqt)",https://www.rona.ca/fr/produit/plaque-murale-decorative-triple-eaton-ivoire-1-pqt-2163v-f-l-04805764,https://cdn.rona.ca/images/04805764_M.jpg,chacun,4.19,1.0,3.1900000000000004,76.13,"3,14 $",15.0,15 en magasin,Ramassage en magasin,Livraison
GILMOUR,"Réparateur à pression Gilmour en aluminium, 5/8 po - 3/4 po",https://www.rona.ca/fr/produit/reparateur-a-pression-gilmour-en-aluminium-5-8-po-3-4-po-805874-5001-20245036,https://cdn.rona.ca/images/20245036_M.jpg,chacun,6.19,3.0,3.1900000000000004,51.53,"2,48 $",19.0,19 en magasin,Ramassage en magasin,Livraison
HILLMAN,Balise d'entrée Hillman réfléchissante bidirectionnelle 48 po rouge,https://www.rona.ca/fr/produit/balise-dentree-hillman-reflechissante-bidirectionnelle-48-po-rouge-848765-63876533,https://cdn.rona.ca/images/63876533_M.jpg,chacun,9.19,6.0,3.1899999999999995,34.71,"2,30 $",17.0,17 en magasin,Ramassage en magasin,Livraison
PRECISION,"Vis multi-usage Precision, tête plate, #6 x 1 5/8po, 1 lb",https://www.rona.ca/fr/produit/vis-multi-usage-precision-tete-plate-6-x-1-5-8po-1-lb-514-648-63868930,https://cdn.rona.ca/images/63868930_M.jpg,boite,11.19,8.0,3.1899999999999995,28.51,"2,80 $",9.0,9 en magasin,Ramassage en magasin,Livraison
MIRACLE-GRO,"Mini identificateurs pour plantes Miracle-Gro, 5po, blanc, paquet de 30",https://www.rona.ca/fr/produit/mini-identificateurs-pour-plantes-miracle-gro-5po-blanc-paquet-de-30-smg12321-20555014,https://cdn.rona.ca/images/20555014_M.jpg,paquet,4.99,2.0,2.99,59.92,"2,49 $",11.0,11 en magasin,Ramassage en magasin,Livraison
SAFETY 1ST,"Enrouleurs pour cordon de store Safety 1st, blanc, plastique, ensemble de 2",https://www.rona.ca/fr/produit/enrouleurs-pour-cordon-de-store-safety-1st-blanc-plastique-ensemble-de-2-22200-1986007,https://cdn.rona.ca/images/1986007_M.jpg,chacun,4.99,2.0,2.99,59.92,"2,49 $",30.0,30 en magasin,Ramassage en magasin,Livraison
MIRACLE-GRO,"Bâtonnets marqueurs pour jardin Miracle-Gro, plastique, vert, paquet de 10",https://www.rona.ca/fr/produit/batonnets-marqueurs-pour-jardin-miracle-gro-plastique-vert-paquet-de-10-smg12322-20555015,https://cdn.rona.ca/images/20555015_M.jpg,paquet,4.99,2.0,2.99,59.92,"2,49 $",4.0,4 en magasin,Ramassage en magasin,Livraison
MISTRAL,"Plancher de bois franc Mistral par Mono Serra en merisier, 3/4 po x 3 1/4 po, cappuccino, 20 pi²/boîte",https://www.rona.ca/fr/produit/plancher-de-bois-franc-mistral-par-mono-serra-en-merisier-3-4-po-x-3-1-4-po-cappuccino-20-pi2-boite-mh-1014-71415007,https://cdn.rona.ca/images/71415007_M.jpg,pi ca,5.99,3.0,2.99,49.92,50%,5.0,5 en magasin,Ramassage en magasin,Livraison
VIM,"Recharge de produit nettoyant concentrée 10x Vim Ecopack antibactérien, 70 ml",https://www.rona.ca/fr/produit/recharge-de-produit-nettoyant-concentree-10x-vim-ecopack-antibacterien-70-ml-67899792-06845025,https://cdn.rona.ca/images/06845025_M.jpg,chacun,5.99,3.0,2.99,49.92,"2,99 $",12.0,12 en magasin,Ramassage en magasin,Livraison
COLONIAL ELEGANCE,"Nez de marche arrondi Colonial Elegance, chêne, fini naturel, 1 1/16 po L. x 10 1/2 po l.",https://www.rona.ca/fr/produit/nez-de-marche-arrondi-colonial-elegance-chene-fini-naturel-1-1-16-po-l-x-10-1-2-po-l-baks95-08855163,https://cdn.rona.ca/images/08855163_M.jpg,chacun,5.99,3.0,2.99,49.92,"2,99 $",11.0,11 en magasin,Ramassage en magasin,Livraison
EXHART,"Piquet multicouleur en plastique, Exhart",https://www.rona.ca/fr/produit/piquet-multicouleur-en-plastique-exhart-05035-lc-70065005,https://cdn.rona.ca/images/70065005_M.jpg,chacun,5.99,3.0,2.99,49.92,2 $,1.0,1 en magasin,Ramassage en magasin,Livraison
TIKI,Support pour flambeau,https://www.rona.ca/fr/produit/support-pour-flambeau-04245012,https://cdn.rona.ca/images/04245012_M.jpg,chacun,5.99,3.0,2.99,49.92,"2,99 $",3.0,3 en magasin,Ramassage en magasin,Livraison
VALU+,"Plateaux en aluminium VALU+ jetables 8,7 x 13,3 po, paquet de 10",https://www.rona.ca/fr/produit/plateaux-en-aluminium-valu-jetables-8-7-x-13-3-po-paquet-de-10-vbq-rn24005-pdq-91185000,https://cdn.rona.ca/images/91185000_M.jpg,chacun,6.99,4.0,2.99,42.78,2 $,64.0,64 en magasin,Ramassage en magasin,Livraison
MIRACLE-GRO,"Ruban Miracle-Gro pour plantes, 1/2 po x 160 pi, vert",https://www.rona.ca/fr/produit/ruban-miracle-gro-pour-plantes-1-2-po-x-160-pi-vert-smg3085-20555007,https://cdn.rona.ca/images/20555007_M.jpg,chacun,6.99,4.0,2.99,42.78,"2,45 $",2.0,2 en magasin,Ramassage en magasin,Livraison
MULTINAUTIC,"Plaque de renfort de 2 1/2"" x 5"" x 1/8""",https://www.rona.ca/fr/produit/plaque-de-renfort-de-2-1-2-x-5-x-1-8-7061018,https://cdn.rona.ca/images/7061018_M.jpg,chacun,6.99,4.0,2.99,42.78,"2,80 $",13.0,13 en magasin,Ramassage en magasin,Livraison
KNAPE & VOGT,Supports à tablette à fente double Knape & Vogt - Fini en titane - Acier - 7 po L. x 17/32 po l.,https://www.rona.ca/fr/produit/supports-a-tablette-a-fente-double-knape-vogt-fini-en-titane-acier-7-po-l-x-17-32-po-l-182ti7-0233238,https://cdn.rona.ca/images/0233238_M.jpg,chacun,7.99,5.0,2.99,37.42,"2,40 $",10.0,10 en magasin,Ramassage en magasin,Livraison
BLOEM,"Pot à auto-irrigation Ariana de Bloem 1/pqt 8,75 x 6,8 po bleu brume plastique",https://www.rona.ca/fr/produit/pot-a-auto-irrigation-ariana-de-bloem-1-pqt-8-75-x-6-8-po-bleu-brume-plastique-ap0837-49965014,https://cdn.rona.ca/images/49965014_M.jpg,chacun,7.99,5.0,2.99,37.42,2 $,2.0,2 en magasin,Ramassage en magasin,Livraison
HARBOR BREEZE,"Guirlande lumineuse à piles Harbor Breeze de 50,19 pi à 100 lumières",https://www.rona.ca/fr/produit/guirlande-lumineuse-a-piles-harbor-breeze-de-50-19-pi-a-100-lumieres-lw20019fob-18106048,https://cdn.rona.ca/images/18106048_M.jpg,chacun,8.99,6.0,2.99,33.26,2 $,1.0,1 en magasin,Ramassage en magasin,Livraison
KNAPE & VOGT,"Montants pour étagère série 80 de Knape & Vogt, acier de calibre 16, fini titane, 5/8 po x 24 po",https://www.rona.ca/fr/produit/montants-pour-etagere-serie-80-de-knape-vogt-acier-de-calibre-16-fini-titane-5-8-po-x-24-po-80ti24-0233195,https://cdn.rona.ca/images/0233195_M.jpg,chacun,8.99,6.0,2.99,33.26,"2,70 $",25.0,25 en magasin,Ramassage en magasin,Livraison
KNAPE & VOGT,Supports d'étagère Pilaster de Knape & Vogt - Fini en zinc - Acier - 60 po L. x 5/8 po l.,https://www.rona.ca/fr/produit/supports-detagere-pilaster-de-knape-vogt-fini-en-zinc-acier-60-po-l-x-5-8-po-l-pk255zc-60-0233244,https://cdn.rona.ca/images/0233244_M.jpg,chacun,8.99,6.0,2.99,33.26,"2,70 $",201.0,201 en magasin,Ramassage en magasin,Livraison
FUSION,"Lumière solaire DEL, Fusion products, pieu, paquet de 3",https://www.rona.ca/fr/produit/lumiere-solaire-del-fusion-products-pieu-paquet-de-3-24950-47135026,https://cdn.rona.ca/images/47135026_M.jpg,chacun,8.99,6.0,2.99,33.26,2 $,46.0,46 en magasin,Ramassage en magasin,Livraison
ALASKAN,"Recharge de déglaçant premium Alaskan en sac, 4,5 kg",https://www.rona.ca/fr/produit/recharge-de-deglacant-premium-alaskan-en-sac-4-5-kg-8403450-85665041,https://cdn.rona.ca/images/85665041_M.jpg,chacun,8.99,6.0,2.99,33.26,2 $,2.0,2 en magasin,Ramassage en magasin,Livraison
KNAPE & VOGT,Supports d'étagère Pilaster de Knape & Vogt - Blanc - Acier - 60 po L. x 5/8 po l.,https://www.rona.ca/fr/produit/supports-detagere-pilaster-de-knape-vogt-blanc-acier-60-po-l-x-5-8-po-l-pk255wh-60-0233252,https://cdn.rona.ca/images/0233252_M.jpg,chacun,8.99,6.0,2.99,33.26,"2,70 $",2.0,2 en magasin,Ramassage en magasin,Livraison
SHUR-TRIM,"Bordure de tapis Shur-Trim, style coco, aluminium et jatoba, 27 po de long",https://www.rona.ca/fr/produit/bordure-de-tapis-shur-trim-style-coco-aluminium-et-jatoba-27-po-de-long-fa3200sca27-6285001,https://cdn.rona.ca/images/6285001_M.jpg,chacun,9.99,7.0,2.99,29.93,2 $,6.0,6 en magasin,Ramassage en magasin,Livraison
WOODS,"Cordon de rallonge à prise triple Woods SPT2 16/2, 2 m",https://www.rona.ca/fr/produit/cordon-de-rallonge-a-prise-triple-woods-spt2-16-2-2-m-64788501-0238081,https://cdn.rona.ca/images/0238081_M.jpg,chacun,9.99,7.0,2.99,29.93,2 $,32.0,32 en magasin,Ramassage en magasin,Livraison
MULTINAUTIC,Paquet de 2 capuchons pour pieux de quai,https://www.rona.ca/fr/produit/paquet-de-2-capuchons-pour-pieux-de-quai-70615122,https://cdn.rona.ca/images/70615122_M.jpg,paquet,9.99,7.0,2.99,29.93,2 $,1.0,1 en magasin,Ramassage en magasin,Livraison
WOODS,"Adaptateur mural à 3 prises, 120 V, EZ-Pull, blanc",https://www.rona.ca/fr/produit/woods-adaptateur-mural-a-3-prises-120-v-ez-pull-blanc-41034-74045212,https://cdn.rona.ca/images/74045212_M.jpg,chacun,9.99,7.0,2.99,29.93,2 $,2.0,2 en magasin,Ramassage en magasin,Livraison
EATON,"Connecteur de mise à terre Eaton à 3 fils de 15 ampères, 125 V, noir",https://www.rona.ca/fr/produit/connecteur-de-mise-a-terre-eaton-a-3-fils-de-15-amperes-125-v-noir-sa993-sp-l-04805775,https://cdn.rona.ca/images/04805775_M.jpg,chacun,9.99,7.0,2.99,29.93,"2,50 $",4.0,4 en magasin,Ramassage en magasin,Livraison
SPYDER,"Embouts pour percussion à choc, Spyder Mach-Blue, 2 morceaux, 1/4 po x 3 1/2 po, T25",https://www.rona.ca/fr/produit/embouts-pour-percussion-a-choc-spyder-mach-blue-2-morceaux-1-4-po-x-3-1-2-po-t25-19059ca-65165210,https://cdn.rona.ca/images/65165210_M.jpg,chacun,9.99,7.0,2.99,29.93,"2,99 $",4.0,4 en magasin,Ramassage en magasin,Livraison
GARDENA,"Gants de jardinage en cuir de vache pour femme de taille unique, Gardena",https://www.rona.ca/fr/produit/gants-de-jardinage-en-cuir-de-vache-pour-femme-de-taille-unique-gardena-711596ga-01786346,https://cdn.rona.ca/images/01786346_M.jpg,chacun,9.99,7.0,2.99,29.93,2 $,5.0,5 en magasin,Ramassage en magasin,Livraison
EATON,"Connecteur Eaton à 2 fils de 15 ampères, 125 volts, blanc",https://www.rona.ca/fr/produit/connecteur-eaton-a-2-fils-de-15-amperes-125-volts-blanc-sa155w-sp-l-04805985,https://cdn.rona.ca/images/04805985_M.jpg,chacun,9.99,7.0,2.99,29.93,"2,50 $",2.0,2 en magasin,Ramassage en magasin,Livraison
KNAPE & VOGT,Supports à tablette à fente double Knape & Vogt - Blanc - Acier - 9 po L. x 1 15/16 po l.,https://www.rona.ca/fr/produit/supports-a-tablette-a-fente-double-knape-vogt-blanc-acier-9-po-l-x-1-15-16-po-l-182wh9-0233014,https://cdn.rona.ca/images/0233014_M.jpg,chacun,10.99,8.0,2.99,27.21,"2,70 $",4.0,4 en magasin,Ramassage en magasin,Livraison
UBERHAUS,"Capuchon de médaillon Uberhaus, polyuréthane, blanc, moulure décorative",https://www.rona.ca/fr/produit/capuchon-de-medaillon-uberhaus-polyurethane-blanc-moulure-decorative-fd-104-07415011,https://cdn.rona.ca/images/07415011_M.jpg,chacun,10.99,8.0,2.99,27.21,"2,75 $",12.0,12 en magasin,Ramassage en magasin,Livraison
RAIN BIRD,"Adaptateur en coude Rain Bird pour tuyau goutte à goutte 0,5 po",https://www.rona.ca/fr/produit/adaptateur-en-coude-rain-bird-pour-tuyau-goutte-a-goutte-0-5-po-eafpt-1sx-63205004,https://cdn.rona.ca/images/63205004_M.jpg,chacun,10.99,8.0,2.99,27.21,"2,99 $",28.0,28 en magasin,Ramassage en magasin,Livraison
RAIN BIRD,Outil de pose Rain Bird pour raccords d'arrosage goutte à goutte,https://www.rona.ca/fr/produit/outil-de-pose-rain-bird-pour-raccords-darrosage-goutte-a-goutte-et-1-32025047,https://cdn.rona.ca/images/32025047_M.jpg,chacun,11.99,9.0,2.99,24.94,"2,99 $",14.0,14 en magasin,Ramassage en magasin,Livraison
NORTON,"Meule pour maçonnerie Norton, 10 po dia x 3/32 po H., arbre 5/8 po, type 1-41, carbure de silicium",https://www.rona.ca/fr/produit/meule-pour-maconnerie-norton-10-po-dia-x-3-32-po-h-arbre-5-8-po-type-1-41-carbure-de-silicium-07660789391-02075371,https://cdn.rona.ca/images/02075371_M.jpg,chacun,12.99,10.0,2.99,23.02,"2,99 $",5.0,5 en magasin,Ramassage en magasin,Livraison
RAIN BIRD,Trousse de réparation Rain Bird pour diaphragme de valve d'irrigation,https://www.rona.ca/fr/produit/trousse-de-reparation-rain-bird-pour-diaphragme-de-valve-dirrigation-drk-cp-32025013,https://cdn.rona.ca/images/32025013_M.jpg,chacun,12.99,10.0,2.99,23.02,"2,99 $",4.0,4 en magasin,Ramassage en magasin,Livraison
MINWAX,Teinture d'intérieur pour bois - Rouge sedona,https://www.rona.ca/fr/produit/minwax-teinture-dinterieur-pour-bois-rouge-sedona-cm2220144-1449302,https://cdn.rona.ca/images/1449302_M.jpg,chacun,14.99,12.0,2.99,19.95,"2,25 $",2.0,2 en magasin,Ramassage en magasin,Livraison
ATLAS,"Chambre à air pour pneu Atlas, jante de 6 po",https://www.rona.ca/fr/produit/chambre-a-air-pour-pneu-atlas-jante-de-6-po-at-0119-02225249,https://cdn.rona.ca/images/02225249_M.jpg,chacun,16.99,14.0,2.9899999999999984,17.6,"2,04 $",2.0,2 en magasin,Ramassage en magasin,Livraison
CRAFTSMAN,"Filtre à air CRAFTSMAN pour tracteur à gazon 13,5 - 19,5 HP",https://www.rona.ca/fr/produit/filtre-a-air-craftsman-pour-tracteur-a-gazon-13-5-19-5-hp-cmxgzam200080-02225491,https://cdn.rona.ca/images/02225491_M.jpg,chacun,31.99,29.0,2.9899999999999984,9.35,2 $,2.0,2 en magasin,Ramassage en magasin,Livraison
RONA,"Mini manchon de rechange Rona, sans peluche, 6 po l., paquet de 2",https://www.rona.ca/fr/produit/mini-manchon-de-rechange-rona-sans-peluche-6-po-l-paquet-de-2-20155018,https://cdn.rona.ca/images/20155018_M.jpg,chacun,4.79,2.0,2.79,58.25,"2,39 $",1.0,1 en magasin,Ramassage en magasin,Livraison
ENERGIZER,Piles alcalines,https://www.rona.ca/fr/produit/energizer-piles-alcalines-e95bp2-0333011,https://cdn.rona.ca/images/0333011_M.jpg,chaque,6.79,4.0,2.79,41.09,"2,79 $",9.0,9 en magasin,Ramassage en magasin,Livraison
CUBEICALS,"Tiroir en tissu Cubeicals de ClosetMaid, vert, 2 poignées, polypropylène nontissé, 11 po H. x 10,5 po l. x 10,5 po P.",https://www.rona.ca/fr/produit/tiroir-en-tissu-cubeicals-de-closetmaid-vert-2-poignees-polypropylene-nontisse-11-po-h-x-10-5-po-l-x-10-5-po-p-865400-3648085,https://cdn.rona.ca/images/3648085_M.jpg,chacun,8.79,6.0,2.789999999999999,31.74,"2,64 $",2.0,2 en magasin,Ramassage en magasin,Livraison
EATON,Connecteur industriel Eaton Arrow Hart 15 amps jaune 3 fils,https://www.rona.ca/fr/produit/connecteur-industriel-eaton-arrow-hart-15-amps-jaune-3-fils-ah5969y-f-l-04805870,https://cdn.rona.ca/images/04805870_M.jpg,chacun,10.79,8.0,2.789999999999999,25.86,"2,70 $",7.0,7 en magasin,Ramassage en magasin,Livraison
ATLAS,"Fils de coupe-bordure précoupés Atlas monofilement 0,13 po de diamètre, 15/pqt",https://www.rona.ca/fr/produit/fils-de-coupe-bordure-precoupes-atlas-monofilement-0-13-po-de-diametre-15-pqt-at-0215-02225244,https://cdn.rona.ca/images/02225244_M.jpg,chacun,11.79,9.0,2.789999999999999,23.66,"1,80 $",1.0,1 en magasin,Ramassage en magasin,Livraison
RAIN BIRD,Arroseur à impact Rain Bird avec buses,https://www.rona.ca/fr/produit/arroseur-a-impact-rain-bird-avec-buses-32025091,https://cdn.rona.ca/images/32025091_M.jpg,chacun,14.79,12.0,2.789999999999999,18.86,"2,79 $",9.0,9 en magasin,Ramassage en magasin,Livraison
WOODS,"Multiprise à 6 prises, 3', blanc",https://www.rona.ca/fr/produit/woods-multiprise-a-6-prises-3-blanc-41497lc-74045213,https://cdn.rona.ca/images/74045213_M.jpg,chacun,15.79,13.0,2.789999999999999,17.67,"2,37 $",2.0,2 en magasin,Ramassage en magasin,Livraison
HUSQVARNA,"Bobine de fil à coupe-bordures Husqvarna T35 à chargement rapide 0,095 po x 20 pi",https://www.rona.ca/fr/produit/bobine-de-fil-a-coupe-bordures-husqvarna-t35-a-chargement-rapide-0-095-po-x-20-pi-596784001-82305347,https://cdn.rona.ca/images/82305347_M.jpg,chacun,16.79,14.0,2.789999999999999,16.62,"1,80 $",9.0,9 en magasin,Ramassage en magasin,Livraison
LUTRON,Plaque murale simple à bascule Fassada de Lutron blanche,https://www.rona.ca/fr/produit/plaque-murale-simple-a-bascule-fassada-de-lutron-blanche-fg-1-wh-34775068,https://cdn.rona.ca/images/34775068_M.jpg,chacun,7.69,5.0,2.6900000000000004,34.98,"1,92 $",1.0,1 en magasin,Ramassage en magasin,Livraison
EATON,"Rallonge de douille Eaton à culot moyen, noir",https://www.rona.ca/fr/produit/rallonge-de-douille-eaton-a-culot-moyen-noir-1054-sp-l-04805996,https://cdn.rona.ca/images/04805996_M.jpg,chacun,8.69,6.0,2.6899999999999995,30.96,"2,17 $",3.0,3 en magasin,Ramassage en magasin,Livraison
WOODS,Rallonge d'intérieur pour air climatisé,https://www.rona.ca/fr/produit/woods-rallonge-dinterieur-pour-air-climatise-64789601-0238097,https://cdn.rona.ca/images/0238097_M.jpg,chacun,9.69,7.0,2.6899999999999995,27.76,"1,94 $",5.0,5 en magasin,Ramassage en magasin,Livraison
WOODS,"Rallonge d'intérieur Woods à trois prises 13,1 pi de calibre 16/2, noir",https://www.rona.ca/fr/produit/rallonge-dinterieur-woods-a-trois-prises-13-1-pi-de-calibre-16-2-noir-64786301-32045016,https://cdn.rona.ca/images/32045016_M.jpg,chacun,10.69,8.0,2.6899999999999995,25.16,"2,14 $",12.0,12 en magasin,Ramassage en magasin,Livraison
EATON,"Plaque murale Eaton ronde à 1 prise en acier inoxydable, taille standard (1/pqt)",https://www.rona.ca/fr/produit/plaque-murale-eaton-ronde-a-1-prise-en-acier-inoxydable-taille-standard-1-pqt-93221-f-l-04806011,https://cdn.rona.ca/images/04806011_M.jpg,chacun,7.59,5.0,2.59,34.12,"1,90 $",9.0,9 en magasin,Ramassage en magasin,Livraison
CRAFTSMAN,"Tournevis plat CRAFTSMAN en acier, 1/4 po x 1-1/2 po, bleu et rouge",https://www.rona.ca/fr/produit/tournevis-plat-craftsman-en-acier-1-4-po-x-1-1-2-po-bleu-et-rouge-cmht65013-00276973,https://cdn.rona.ca/images/00276973_M.jpg,chacun,7.59,5.0,2.59,34.12,"2,59 $",2.0,2 en magasin,Ramassage en magasin,Livraison
WOODS,Rallonge d'extérieur 14 pi,https://www.rona.ca/fr/produit/woods-rallonge-dexterieur-14-pi-542711-0238145,https://cdn.rona.ca/images/0238145_M.jpg,chacun,11.59,9.0,2.59,22.35,"2,32 $",13.0,13 en magasin,Ramassage en magasin,Livraison
KNAPE & VOGT,Supports à tablette à fente unique Knape & Vogt - Fini en titane - Acier - 8 po L. x 5/8 po l.,https://www.rona.ca/fr/produit/supports-a-tablette-a-fente-unique-knape-vogt-fini-en-titane-acier-8-po-l-x-5-8-po-l-180hpti8-0233218,https://cdn.rona.ca/images/0233218_M.jpg,chacun,5.49,3.0,2.49,45.36,"1,65 $",26.0,26 en magasin,Ramassage en magasin,Livraison
SPYDER,"Jeu d'embouts carrés nº 1 en acier pour tournevis à chocs Mach-Blue de Spyder, 1/4 x 1 po, 2 embouts",https://www.rona.ca/fr/produit/jeu-dembouts-carres-n-1-en-acier-pour-tournevis-a-chocs-mach-blue-de-spyder-1-4-x-1-po-2-embouts-19036ca-65165151,https://cdn.rona.ca/images/65165151_M.jpg,chacun,5.49,3.0,2.49,45.36,"2,49 $",3.0,3 en magasin,Ramassage en magasin,Livraison
SPYDER,"Jeu d'embouts cruciformes nº 2 en acier pour tournevis à chocs Mach-Blue de Spyder, 1/4 x 1 po, 2 embouts",https://www.rona.ca/fr/produit/jeu-dembouts-cruciformes-n-2-en-acier-pour-tournevis-a-chocs-mach-blue-de-spyder-1-4-x-1-po-2-embouts-19034ca-65165149,https://cdn.rona.ca/images/65165149_M.jpg,chacun,5.49,3.0,2.49,45.36,"2,49 $",2.0,2 en magasin,Ramassage en magasin,Livraison
SPYDER,"Jeu d'embouts carrés nº 2 en acier pour tournevis à chocs Mach-Blue de Spyder, 1/4 x 1 po, 2 embouts",https://www.rona.ca/fr/produit/jeu-dembouts-carres-n-2-en-acier-pour-tournevis-a-chocs-mach-blue-de-spyder-1-4-x-1-po-2-embouts-19037ca-65165154,https://cdn.rona.ca/images/65165154_M.jpg,chacun,5.49,3.0,2.49,45.36,"2,49 $",3.0,3 en magasin,Ramassage en magasin,Livraison
OATEY,Soudure,https://www.rona.ca/fr/produit/oatey-soudure-48301-1120098,https://cdn.rona.ca/images/1120098_M.jpg,chacun,6.49,4.0,2.49,38.37,"2,49 $",8.0,8 en magasin,Ramassage en magasin,Livraison
MONO,"Scellant insonorisant Mono de DAP, butylcaoutchouc synthétique, gris foncé, non durcissant",https://www.rona.ca/fr/produit/scellant-insonorisant-mono-de-dap-butylcaoutchouc-synthetique-gris-fonce-non-durcissant-75400-04915174,https://cdn.rona.ca/images/04915174_M.jpg,chacun,7.49,5.0,2.49,33.24,"1,87 $",1.0,1 en magasin,Ramassage en magasin,Livraison
KNAPE & VOGT,"Support d'étagère série 225 de Knape & Vogt, Pilaster, acier, blanc, 5/8 po l. x 3/16 po p. x 36 po L.",https://www.rona.ca/fr/produit/support-detagere-serie-225-de-knape-vogt-pilaster-acier-blanc-5-8-po-l-x-3-16-po-p-x-36-po-l-pk255wh-36-0233250,https://cdn.rona.ca/images/0233250_M.jpg,chacun,7.49,5.0,2.49,33.24,"2,25 $",16.0,16 en magasin,Ramassage en magasin,Livraison
KNAPE & VOGT,"Pièces d'ancrage au fini zinc, paquet de 18",https://www.rona.ca/fr/produit/pieces-dancrage-au-fini-zinc-paquet-de-18-0233026,https://cdn.rona.ca/images/0233026_M.jpg,paquet,7.49,5.0,2.49,33.24,"2,25 $",14.0,14 en magasin,Ramassage en magasin,Livraison
KNAPE & VOGT,Supports d'étagère Pilaster de Knape & Vogt - Fini en zinc - Acier - 36 po L. x 5/8 po l.,https://www.rona.ca/fr/produit/supports-detagere-pilaster-de-knape-vogt-fini-en-zinc-acier-36-po-l-x-5-8-po-l-pk255zc-36-0233242,https://cdn.rona.ca/images/0233242_M.jpg,chacun,7.49,5.0,2.49,33.24,"2,25 $",12.0,12 en magasin,Ramassage en magasin,Livraison
SHUR-TRIM,"Moulure réductrice de plancher Shur-Trim, chêne doré, teinte moyenne, prête à peindre, 1 3/4 po l. x 3 pi L.",https://www.rona.ca/fr/produit/moulure-reductrice-de-plancher-shur-trim-chene-dore-teinte-moyenne-prete-a-peindre-1-3-4-po-l-x-3-pi-l-fw3810gdn03-00975236,https://cdn.rona.ca/images/00975236_M.jpg,chacun,10.49,8.0,2.49,23.74,"2,10 $",9.0,9 en magasin,Ramassage en magasin,Livraison
WOODS,"Rallonge d'intérieur Woods, blanc, 9 pi, 16/2",https://www.rona.ca/fr/produit/rallonge-dinterieur-woods-blanc-9-pi-16-2-64826801-74045253,https://cdn.rona.ca/images/74045253_M.jpg,chacun,11.49,9.0,2.49,21.67,"2,30 $",14.0,14 en magasin,Ramassage en magasin,Livraison
EATON,"Gradateur rotatif unipolaire non préréglé Eaton, blanc et ivoire, 120 volts, 600 W",https://www.rona.ca/fr/produit/gradateur-rotatif-unipolaire-non-preregle-eaton-blanc-et-ivoire-120-volts-600-w-04805403,https://cdn.rona.ca/images/04805403_M.jpg,chacun,12.49,10.0,2.49,19.94,"2,49 $",1.0,1 en magasin,Ramassage en magasin,Livraison
EATON,"Bouton de gradateur rotatif de rechange par Eaton, thermoplastique, unipolaire, 600 W, 120 V",https://www.rona.ca/fr/produit/bouton-de-gradateur-rotatif-de-rechange-par-eaton-thermoplastique-unipolaire-600-w-120-v-0480557,https://cdn.rona.ca/images/0480557_M.jpg,chacun,12.49,10.0,2.49,19.94,"2,49 $",1.0,1 en magasin,Ramassage en magasin,Livraison
AIR KING,Tampon d'évaporateur pour humificateur 90S Air King,https://www.rona.ca/fr/produit/tampon-devaporateur-pour-humificateur-90s-air-king-4a417256-0435027,https://cdn.rona.ca/images/0435027_M.jpg,chacun,15.49,13.0,2.49,16.07,"2,49 $",21.0,21 en magasin,Ramassage en magasin,Livraison
CRAFTSMAN,"Ensemble de joints pour CRAFTSMAN VersaTrack, pqt/4",https://www.rona.ca/fr/produit/ensemble-de-joints-pour-craftsman-versatrack-pqt-4-cmst82610vt-16765032,https://cdn.rona.ca/images/16765032_M.jpg,chacun,15.49,13.0,2.49,16.07,"2,32 $",3.0,3 en magasin,Ramassage en magasin,Livraison
KOBALT,Lame de tondeuse Kobalt à usages multiples acier 20 po,https://www.rona.ca/fr/produit/lame-de-tondeuse-kobalt-a-usages-multiples-acier-20-po-2905003a-41536377,https://cdn.rona.ca/images/41536377_M.jpg,chacun,22.49,20.0,2.4899999999999984,11.07,"2,47 $",5.0,5 en magasin,Ramassage en magasin,Livraison
ATLAS,"Chambre à air pour pneu de tondeuse autoportée Atlas, jante de 6 po",https://www.rona.ca/fr/produit/chambre-a-air-pour-pneu-de-tondeuse-autoportee-atlas-jante-de-6-po-at-0111-02225246,https://cdn.rona.ca/images/02225246_M.jpg,chacun,26.49,24.0,2.4899999999999984,9.4,"1,50 $",1.0,1 en magasin,Ramassage en magasin,Livraison
MONO SERRA,"Tuiles de céramique Mono Serra taupe lustré, 4 po x 12 po, 9,69 pi², antibactériennes",https://www.rona.ca/fr/produit/tuiles-de-ceramique-mono-serra-taupe-lustre-4-po-x-12-po-9-69-pi2-antibacteriennes-cc-244-84666080,https://cdn.rona.ca/images/84666080_M.jpg,pi ca,6.47,4.0,2.4699999999999998,38.18,24%,19.0,19 en magasin,Ramassage en magasin,Livraison
TOUCH 'N FOAM,Scellant a expension minimale Touch'n Foam polyuréthane 16 oz.,https://www.rona.ca/fr/produit/touch-n-foam-scellant-a-expension-minimale-touchn-foam-polyurethane-16-oz-7565062416-76795009,https://cdn.rona.ca/images/76795009_M.jpg,chacun,12.35,10.0,2.3499999999999996,19.03,"1,85 $",29.0,29 en magasin,Ramassage en magasin,Livraison
MONO SERRA,"Carreaux de porcelaine noir anthracite Lappato pour plancher Futura de Mono Serra, 12 po l. x 24 po L.",https://www.rona.ca/fr/produit/carreaux-de-porcelaine-noir-anthracite-lappato-pour-plancher-futura-de-mono-serra-12-po-l-x-24-po-l-hh-162-84665798,https://cdn.rona.ca/images/84665798_M.jpg,pi ca,4.29,2.0,2.29,53.38,40%,14.0,14 en magasin,Ramassage en magasin,Livraison
MONO SERRA,"Carreaux muraux de céramique pour décor intérieur Mono Serra, gris, 10 po l. x 30 po L., antibactériens",https://www.rona.ca/fr/produit/carreaux-muraux-de-ceramique-pour-decor-interieur-mono-serra-gris-10-po-l-x-30-po-l-antibacteriens-cc-125-84665741,https://cdn.rona.ca/images/84665741_M.jpg,pi ca,5.29,3.0,2.29,43.29,37%,7.0,7 en magasin,Ramassage en magasin,Livraison
EATON,"Douille de lampe Eaton en laiton à base moyenne, capacité de 660 W et 250 V",https://www.rona.ca/fr/produit/douille-de-lampe-eaton-en-laiton-a-base-moyenne-capacite-de-660-w-et-250-v-940abd-f-l-04805918,https://cdn.rona.ca/images/04805918_M.jpg,chacun,5.29,3.0,2.29,43.29,"1,32 $",2.0,2 en magasin,Ramassage en magasin,Livraison
EATON,"Douille de lampe Eaton en laiton, 250 watts",https://www.rona.ca/fr/produit/douille-de-lampe-eaton-en-laiton-250-watts-917abd-f-l-04805954,https://cdn.rona.ca/images/04805954_M.jpg,chacun,5.29,3.0,2.29,43.29,"1,32 $",3.0,3 en magasin,Ramassage en magasin,Livraison
EATON,"Douille de lampe Eaton de 660 watts, bronze",https://www.rona.ca/fr/produit/douille-de-lampe-eaton-de-660-watts-bronze-980abd-f-l-04805787,https://cdn.rona.ca/images/04805787_M.jpg,chacun,5.29,3.0,2.29,43.29,"1,32 $",4.0,4 en magasin,Ramassage en magasin,Livraison
NORTON,"Meule à tronçonner le métal Norton, 4 po dia x 1/8 po p., arbre 5/8 po, type 27, grain 24",https://www.rona.ca/fr/produit/meule-a-tronconner-le-metal-norton-4-po-dia-x-1-8-po-p-arbre-5-8-po-type-27-grain-24-66252842014-77375727,https://cdn.rona.ca/images/77375727_M.jpg,chacun,5.29,3.0,2.29,43.29,"2,29 $",11.0,11 en magasin,Ramassage en magasin,Livraison
NORTON,"Meule à tronçonner en métal Norton, type 1, noire, 10 po dia",https://www.rona.ca/fr/produit/meule-a-tronconner-en-metal-norton-type-1-noire-10-po-dia-7660789390-02075370,https://cdn.rona.ca/images/02075370_M.jpg,chacun,12.29,10.0,2.289999999999999,18.63,"2,29 $",3.0,3 en magasin,Ramassage en magasin,Livraison
AQUA-DYNAMIC,Mamelon galvanisé 1 po x 5 po,https://www.rona.ca/fr/produit/aqua-dynamic-mamelon-galvanise-1-po-x-5-po-5565-050-0173558,https://cdn.rona.ca/images/0173558_M.jpg,chacun,4.19,2.0,2.1900000000000004,52.27,"2,09 $",18.0,18 en magasin,Ramassage en magasin,Livraison
HILLMAN,"Balise d'entrée réfléchissante en fibre de verre Hillman 72 po, orange/argent",https://www.rona.ca/fr/produit/balise-dentree-reflechissante-en-fibre-de-verre-hillman-72-po-orange-argent-840386-63876519,https://cdn.rona.ca/images/63876519_M.jpg,chacun,5.19,3.0,2.1900000000000004,42.2,"1,30 $",10.0,10 en magasin,Ramassage en magasin,Livraison
KNAPE & VOGT,Supports à tablette à fente double Knape & Vogt - Blanc - Acier - 7 po L. x 1 15/16 po l.,https://www.rona.ca/fr/produit/supports-a-tablette-a-fente-double-knape-vogt-blanc-acier-7-po-l-x-1-15-16-po-l-182wh7-0233013,https://cdn.rona.ca/images/0233013_M.jpg,chacun,6.19,4.0,2.1900000000000004,35.38,"1,86 $",21.0,21 en magasin,Ramassage en magasin,Livraison
KRAZY GLUE,"Krazy Glue en gel à adhérence maximale, 2 ml",https://www.rona.ca/fr/produit/krazy-glue-en-gel-a-adherence-maximale-2-ml-10810-06935052,https://cdn.rona.ca/images/06935052_M.jpg,chacun,6.19,4.0,2.1900000000000004,35.38,"2,17 $",4.0,4 en magasin,Ramassage en magasin,Livraison
LUTRON,Bouton de remplacement pour gradateur Dalia Lutron amande,https://www.rona.ca/fr/produit/bouton-de-remplacement-pour-gradateur-dalia-lutron-amande-rcl-rk-la-34775057,https://cdn.rona.ca/images/34775057_M.jpg,chacun,6.19,4.0,2.1900000000000004,35.38,"1,55 $",1.0,1 en magasin,Ramassage en magasin,Livraison
KAYCAN,"Coude carré pour gouttière Kaycan au fini blanc semi-brillant en aluminium, 2 1/2 po L. x 2 1/2 po l.",https://www.rona.ca/fr/produit/coude-carre-pour-gouttiere-kaycan-au-fini-blanc-semi-brillant-en-aluminium-2-1-2-po-l-x-2-1-2-po-l-251325-55395175,https://cdn.rona.ca/images/55395175_M.jpg,chacun,3.19,1.0,2.19,68.65,"1,59 $",54.0,54 en magasin,Ramassage en magasin,Livraison
GILMOUR,"Réparateur à clavettes, laiton, 5/8""",https://www.rona.ca/fr/produit/reparateur-a-clavettes-laiton-5-8-20245047,https://cdn.rona.ca/images/20245047_M.jpg,chacun,3.19,1.0,2.19,68.65,"1,28 $",40.0,40 en magasin,Ramassage en magasin,Livraison
SIMMS,"Outil de nettoyage pour pinceau et rouleau Simms, 3 en 1, plastique, 7 1/2 po L. x 2 1/2 po l. x 3/8 po",https://www.rona.ca/fr/produit/outil-de-nettoyage-pour-pinceau-et-rouleau-simms-3-en-1-plastique-7-1-2-po-l-x-2-1-2-po-l-x-3-8-po-6375-01585123,https://cdn.rona.ca/images/01585123_M.jpg,chacun,3.19,1.0,2.19,68.65,"1,59 $",2.0,2 en magasin,Ramassage en magasin,Livraison
,"Rallonge en tissu pour intérieur, 2,5 m, 16/2 AWG, 13 A",https://www.rona.ca/fr/produit/rallonge-en-tissu-pour-interieur-2-5-m-16-2-awg-13-a-64598001-32045046,https://cdn.rona.ca/images/32045046_M.jpg,chacun,9.19,7.0,2.1899999999999995,23.83,"1,84 $",14.0,14 en magasin,Ramassage en magasin,Livraison
SOUTHWIRE,"Rallonge intérieure en thermoplastique et tissu, 16/2, 2,5 m",https://www.rona.ca/fr/produit/southwire-rallonge-interieure-en-thermoplastique-et-tissu-16-2-2-5-m-64598101-32045047,https://cdn.rona.ca/images/32045047_M.jpg,chacun,9.19,7.0,2.1899999999999995,23.83,"1,38 $",19.0,19 en magasin,Ramassage en magasin,Livraison
ARNOLD,Housse universelle Arnold pour tracteur à gazon,https://www.rona.ca/fr/produit/housse-universelle-arnold-pour-tracteur-a-gazon-490-290-0013-80495113,https://cdn.rona.ca/images/80495113_M.jpg,chacun,45.99,44.0,1.990000000000002,4.33,1 $,2.0,2 en magasin,Ramassage en magasin,Livraison
RICHARD,"Feuilles abrasives rondes A. Richard Tools 5 po 120 grain, 5/pqt",https://www.rona.ca/fr/produit/feuilles-abrasives-rondes-a-richard-tools-5-po-120-grain-5-pqt-18151-5-02715603,https://cdn.rona.ca/images/02715603_M.jpg,chacun,3.99,2.0,1.9900000000000002,49.87,"1,20 $",2.0,2 en magasin,Ramassage en magasin,Livraison
POST-IT,"Bloc-notes Post-it super collants de 3 x 3 po, couleurs vibrantes, paquet de 3",https://www.rona.ca/fr/produit/bloc-notes-post-it-super-collants-de-3-x-3-po-couleurs-vibrantes-paquet-de-3-3321-ssau-02095671,https://cdn.rona.ca/images/02095671_M.jpg,chacun,3.99,2.0,1.9900000000000002,49.87,1 $,5.0,5 en magasin,Ramassage en magasin,Livraison
RICHARD,"Feuilles abrasives rondes A. Richard Tools 5 po 150 grain, 5/pqt",https://www.rona.ca/fr/produit/feuilles-abrasives-rondes-a-richard-tools-5-po-150-grain-5-pqt-18152-5-02715604,https://cdn.rona.ca/images/02715604_M.jpg,chacun,3.99,2.0,1.9900000000000002,49.87,"1,20 $",10.0,10 en magasin,Ramassage en magasin,Livraison
AQUA-DYNAMIC,«T» galvanisé 1 po,https://www.rona.ca/fr/produit/aqua-dynamic-t-galvanise-1-po-5510-605-0173668,https://cdn.rona.ca/images/0173668_M.jpg,chacun,3.99,2.0,1.9900000000000002,49.87,"1,99 $",7.0,7 en magasin,Ramassage en magasin,Livraison
DEWALT,"Embout pour tournevis Torx DEWALT, acier, tige hexagonale 1/4 po, T15, 2 po",https://www.rona.ca/fr/produit/embout-pour-tournevis-torx-dewalt-acier-tige-hexagonale-1-4-po-t15-2-po-dw2648-00275849,https://cdn.rona.ca/images/00275849_M.jpg,chacun,3.99,2.0,1.9900000000000002,49.87,"1,99 $",3.0,3 en magasin,Ramassage en magasin,Livraison
SIERRA,"Bougies à la citronnelle, Sierra, paquet de 25, assorti",https://www.rona.ca/fr/produit/bougies-a-la-citronnelle-sierra-paquet-de-25-assorti-0425-18695066,https://cdn.rona.ca/images/18695066_M.jpg,chacun,4.99,3.0,1.9900000000000002,39.88,"1,25 $",4.0,4 en magasin,Ramassage en magasin,Livraison
KNAPE & VOGT,Supports à tablette à fente unique Knape & Vogt - Blanc - Acier - 6 po L. x 5/8 po l.,https://www.rona.ca/fr/produit/supports-a-tablette-a-fente-unique-knape-vogt-blanc-acier-6-po-l-x-5-8-po-l-180hpwh6-0233221,https://cdn.rona.ca/images/0233221_M.jpg,chacun,4.99,3.0,1.9900000000000002,39.88,"1,50 $",23.0,23 en magasin,Ramassage en magasin,Livraison
CLOSETMAID,"Support pour tringle de placard ClosetMaid, résine, 5,75 po H. x 3,87 po P. x 0,87 po l., nickel",https://www.rona.ca/fr/produit/support-pour-tringle-de-placard-closetmaid-resine-5-75-po-h-x-3-87-po-p-x-0-87-po-l-nickel-392500-36485199,https://cdn.rona.ca/images/36485199_M.jpg,chacun,4.99,3.0,1.9900000000000002,39.88,"1,50 $",14.0,14 en magasin,Ramassage en magasin,Livraison
ALTERRA,"Gants de jardinage en en polyester avec enduit en polyuréthane pour femme moyen/grand, Alterra, 1 paires-paquet",https://www.rona.ca/fr/produit/gants-de-jardinage-en-en-polyester-avec-enduit-en-polyurethane-pour-femme-moyen-grand-alterra-1-paires-paquet-751263atml-01786349,https://cdn.rona.ca/images/01786349_M.jpg,chacun,4.99,3.0,1.9900000000000002,39.88,1 $,5.0,5 en magasin,Ramassage en magasin,Livraison
SPYDER,"Jeu d'embouts hexalobés T25 en acier pour visseuse à chocs Mach-Blue de Spyder, 2 pièces, 1/4 x 1 po",https://www.rona.ca/fr/produit/jeu-dembouts-hexalobes-t25-en-acier-pour-visseuse-a-chocs-mach-blue-de-spyder-2-pieces-1-4-x-1-po-19042ca-65165259,https://cdn.rona.ca/images/65165259_M.jpg,chacun,4.99,3.0,1.9900000000000002,39.88,"1,99 $",13.0,13 en magasin,Ramassage en magasin,Livraison
MIRACLE-GRO,Attaches torsadée pour plantes de 8 po Miracle-Gro 100/pqt,https://www.rona.ca/fr/produit/attaches-torsadee-pour-plantes-de-8-po-miracle-gro-100-pqt-smg13054-20555102,https://cdn.rona.ca/images/20555102_M.jpg,chacun,4.99,3.0,1.9900000000000002,39.88,"1,25 $",1.0,1 en magasin,Ramassage en magasin,Livraison
SPYDER,"Jeu d'embouts à six lobes T30 en acier pour tournevis à chocs Mach-Blue de Spyder, 1/4 x 1 po, 2 embouts",https://www.rona.ca/fr/produit/jeu-dembouts-a-six-lobes-t30-en-acier-pour-tournevis-a-chocs-mach-blue-de-spyder-1-4-x-1-po-2-embouts-19043ca-65165157,https://cdn.rona.ca/images/65165157_M.jpg,chacun,4.99,3.0,1.9900000000000002,39.88,"1,99 $",6.0,6 en magasin,Ramassage en magasin,Livraison
SPYDER,"Jeu d'embouts cruciformes nº 1 en acier pour tournevis à chocs Mach-Blue de Spyder, 1/4 x 1 po, 2 embouts",https://www.rona.ca/fr/produit/jeu-dembouts-cruciformes-n-1-en-acier-pour-tournevis-a-chocs-mach-blue-de-spyder-1-4-x-1-po-2-embouts-19033ca-65165155,https://cdn.rona.ca/images/65165155_M.jpg,chacun,4.99,3.0,1.9900000000000002,39.88,"1,99 $",6.0,6 en magasin,Ramassage en magasin,Livraison
SPYDER,"Jeu d'embouts hexalobés T20 en acier pour visseuse à chocs Mach-Blue de Spyder, 2 pièces, 1/4 x 1 po",https://www.rona.ca/fr/produit/jeu-dembouts-hexalobes-t20-en-acier-pour-visseuse-a-chocs-mach-blue-de-spyder-2-pieces-1-4-x-1-po-19041-65165254,https://cdn.rona.ca/images/65165254_M.jpg,chacun,4.99,3.0,1.9900000000000002,39.88,"1,99 $",9.0,9 en magasin,Ramassage en magasin,Livraison
SPYDER,"Jeu d'embouts cruciformes nº 3 en acier pour tournevis à chocs Mach-Blue de Spyder, 1/4 x 1 po, 2 embouts",https://www.rona.ca/fr/produit/jeu-dembouts-cruciformes-n-3-en-acier-pour-tournevis-a-chocs-mach-blue-de-spyder-1-4-x-1-po-2-embouts-19035ca-65165150,https://cdn.rona.ca/images/65165150_M.jpg,chacun,4.99,3.0,1.9900000000000002,39.88,"1,99 $",2.0,2 en magasin,Ramassage en magasin,Livraison
SPYDER,"Jeu d'embouts à six lobes T40 en acier pour tournevis à chocs Mach-Blue de Spyder, 1/4 x 1 po, 2 embouts",https://www.rona.ca/fr/produit/jeu-dembouts-a-six-lobes-t40-en-acier-pour-tournevis-a-chocs-mach-blue-de-spyder-1-4-x-1-po-2-embouts-19044ca-65165158,https://cdn.rona.ca/images/65165158_M.jpg,chacun,4.99,3.0,1.9900000000000002,39.88,"1,99 $",6.0,6 en magasin,Ramassage en magasin,Livraison
SPYDER,"Jeu d'embouts carrés nº 3 en acier pour tournevis à chocs Mach-Blue de Spyder, 1/4 x 1 po, 2 embouts",https://www.rona.ca/fr/produit/jeu-dembouts-carres-n-3-en-acier-pour-tournevis-a-chocs-mach-blue-de-spyder-1-4-x-1-po-2-embouts-19038ca-65165153,https://cdn.rona.ca/images/65165153_M.jpg,chacun,4.99,3.0,1.9900000000000002,39.88,"1,99 $",4.0,4 en magasin,Ramassage en magasin,Livraison
SPYDER,"Jeu d'embouts à six lobes T15 en acier pour tournevis à chocs Mach-Blue de Spyder, 1/4 x 1 po, 2 embouts",https://www.rona.ca/fr/produit/jeu-dembouts-a-six-lobes-t15-en-acier-pour-tournevis-a-chocs-mach-blue-de-spyder-1-4-x-1-po-2-embouts-19040ca-65165156,https://cdn.rona.ca/images/65165156_M.jpg,chacun,4.99,3.0,1.9900000000000002,39.88,"1,99 $",9.0,9 en magasin,Ramassage en magasin,Livraison
SPYDER,"Jeu d'embouts à six lobes T10 en acier pour tournevis à chocs Mach-Blue de Spyder, 1/4 x 1 po, 2 embouts",https://www.rona.ca/fr/produit/jeu-dembouts-a-six-lobes-t10-en-acier-pour-tournevis-a-chocs-mach-blue-de-spyder-1-4-x-1-po-2-embouts-19039ca-65165152,https://cdn.rona.ca/images/65165152_M.jpg,chacun,4.99,3.0,1.9900000000000002,39.88,"1,99 $",12.0,12 en magasin,Ramassage en magasin,Livraison
M.NET,"Nettoyant Mr. Net désinfectant multi-surfaces, agrumes d'été, 1,21 l",https://www.rona.ca/fr/produit/mnet-nettoyant-mr-net-desinfectant-multi-surfaces-agrumes-dete-1-21-l-3077212540-13605334,https://cdn.rona.ca/images/13605334_M.jpg,chacun,5.99,4.0,1.9900000000000002,33.22,"1,99 $",33.0,33 en magasin,Ramassage en magasin,Livraison
M.NET,"Nettoyant Mr. Net multi-surface avec Febreze, 1,21 l",https://www.rona.ca/fr/produit/mnet-nettoyant-mr-net-multi-surface-avec-febreze-1-21-l-3077212537-13605333,https://cdn.rona.ca/images/13605333_M.jpg,chacun,5.99,4.0,1.9900000000000002,33.22,"1,99 $",11.0,11 en magasin,Ramassage en magasin,Livraison
M.NET,"Nettoyant multi-surface Mr. Net avec Unstopables, parfum frais, 1,21 l",https://www.rona.ca/fr/produit/mnet-nettoyant-multi-surface-mr-net-avec-unstopables-parfum-frais-1-21-l-3077212542-13605335,https://cdn.rona.ca/images/13605335_M.jpg,chacun,5.99,4.0,1.9900000000000002,33.22,"1,99 $",12.0,12 en magasin,Ramassage en magasin,Livraison
,CAPUCHON DE POTEAU,https://www.rona.ca/fr/produit/capuchon-de-poteau-pcp02-73375006,https://cdn.rona.ca/images/73375006_M.jpg,chacun,5.99,4.0,1.9900000000000002,33.22,1 $,310.0,310 en magasin,Ramassage en magasin,Livraison
SUPERSLIDE,"Embout de tringle SuperSlide de ClosetMaid, plastique, nickel, 0,5 po P. x 0,5 po H. x 0,5 po l.",https://www.rona.ca/fr/produit/embout-de-tringle-superslide-de-closetmaid-plastique-nickel-0-5-po-p-x-0-5-po-h-x-0-5-po-l-3563800-36485164,https://cdn.rona.ca/images/36485164_M.jpg,chacun,5.99,4.0,1.9900000000000002,33.22,"1,80 $",11.0,11 en magasin,Ramassage en magasin,Livraison
KNAPE & VOGT,Supports à tablette à fente unique Knape & Vogt - Fini en titane - Acier - 10 po L. x 5/8 po l.,https://www.rona.ca/fr/produit/supports-a-tablette-a-fente-unique-knape-vogt-fini-en-titane-acier-10-po-l-x-5-8-po-l-180hpti10-0233219,https://cdn.rona.ca/images/0233219_M.jpg,chacun,5.99,4.0,1.9900000000000002,33.22,"1,80 $",43.0,43 en magasin,Ramassage en magasin,Livraison
RAIN BIRD,Buse d'arrosage Rain Bird pour arbustes 8 à 15 pi cercle complet,https://www.rona.ca/fr/produit/buse-darrosage-rain-bird-pour-arbustes-8-a-15-pi-cercle-complet-a17f-0142108,https://cdn.rona.ca/images/0142108_M.jpg,chacun,5.99,4.0,1.9900000000000002,33.22,"1,49 $",18.0,18 en magasin,Ramassage en magasin,Livraison
EATON,"Adaptateur de prise triple Eaton blanc, 15 ampères, 125 V",https://www.rona.ca/fr/produit/adaptateur-de-prise-triple-eaton-blanc-15-amperes-125-v-1147w-sp-l2-04805927,https://cdn.rona.ca/images/04805927_M.jpg,chacun,6.99,5.0,1.9900000000000002,28.47,"1,75 $",9.0,9 en magasin,Ramassage en magasin,Livraison
,"Supports à tablette série 346 de Knape & Vogt, Métal, Anochrome, 12 par paquet, 1/4 po dia. x 3/8 po L.",https://www.rona.ca/fr/produit/supports-a-tablette-serie-346-de-knape-vogt-metal-anochrome-12-par-paquet-1-4-po-dia-x-3-8-po-l-346pano-0233100,https://cdn.rona.ca/images/0233100_M.jpg,paquet,6.99,5.0,1.9900000000000002,28.47,"1,40 $",33.0,33 en magasin,Ramassage en magasin,Livraison
WOODS,"Rallonge électrique d'intérieur, 3 prises, 2 m, noir",https://www.rona.ca/fr/produit/woods-rallonge-electrique-dinterieur-3-prises-2-m-noir-64785801-32045007,https://cdn.rona.ca/images/32045007_M.jpg,chacun,6.99,5.0,1.9900000000000002,28.47,"1,40 $",6.0,6 en magasin,Ramassage en magasin,Livraison
EATON,"Douille sans interrupteur Eaton, porcelaine, culot moyen, 120 V, 660 W",https://www.rona.ca/fr/produit/douille-sans-interrupteur-eaton-porcelaine-culot-moyen-120-v-660-w-969-f-l-04805859,https://cdn.rona.ca/images/04805859_M.jpg,chacun,6.99,5.0,1.9900000000000002,28.47,"1,75 $",7.0,7 en magasin,Ramassage en magasin,Livraison
HILLMAN,Balise d'entrée Hillman réfléchissante 48 po rouge,https://www.rona.ca/fr/produit/balise-dentree-hillman-reflechissante-48-po-rouge-840074-63878585,https://cdn.rona.ca/images/63878585_M.jpg,chacun,6.99,5.0,1.9900000000000002,28.47,"1,75 $",3.0,3 en magasin,Ramassage en magasin,Livraison
NORTON,"Meule à tronçonner pour métaux Norton, type 1, 3 po dia x 5/16 po H, arbre 3/8 po, grain 60",https://www.rona.ca/fr/produit/meule-a-tronconner-pour-metaux-norton-type-1-3-po-dia-x-5-16-po-h-arbre-3-8-po-grain-60-7660789451-77375724,https://cdn.rona.ca/images/77375724_M.jpg,chacun,6.99,5.0,1.9900000000000002,28.47,"1,99 $",46.0,46 en magasin,Ramassage en magasin,Livraison
NORTON,"Meule abrasive Gemini Norton, 3 po dia x 1/16 po H., arbre 3/8 po, grain 36, type 1, oxyde d'aluminium",https://www.rona.ca/fr/produit/meule-abrasive-gemini-norton-3-po-dia-x-1-16-po-h-arbre-3-8-po-grain-36-type-1-oxyde-daluminium-66252835553-77375723,https://cdn.rona.ca/images/77375723_M.jpg,chacun,6.99,5.0,1.9900000000000002,28.47,"1,99 $",25.0,25 en magasin,Ramassage en magasin,Livraison
IMPERIAL,"Raccord pour accès aux tuyaux de sécheuse Imperial, plastique, 4 po",https://www.rona.ca/fr/produit/raccord-pour-acces-aux-tuyaux-de-secheuse-imperial-plastique-4-po-vt0557-a-12245423,https://cdn.rona.ca/images/12245423_M.jpg,chacun,8.99,7.0,1.9900000000000002,22.14,"1,49 $",4.0,4 en magasin,Ramassage en magasin,Livraison
MIRACLE GROW,Gants en latex Miracle-Gro à double trempage résistants à l'eau Miracle-Gro - WSM,https://www.rona.ca/fr/produit/miracle-grow-gants-en-latex-miracle-gro-a-double-trempage-resistants-a-leau-miracle-gro-wsm-mg30604ca-wsm-61565005,https://cdn.rona.ca/images/61565005_M.jpg,chacun,8.99,7.0,1.9900000000000002,22.14,"1,35 $",14.0,14 en magasin,Ramassage en magasin,Livraison
MIRACLE GROW,Gant en latex à double trempage Miracle-Gro MG WML petit/moyen,https://www.rona.ca/fr/produit/miracle-grow-gant-en-latex-a-double-trempage-miracle-gro-mg-wml-petit-moyen-mg30604ca-wml-61565004,https://cdn.rona.ca/images/61565004_M.jpg,chacun,8.99,7.0,1.9900000000000002,22.14,"1,35 $",20.0,20 en magasin,Ramassage en magasin,Livraison
WOODS,Rallonge d'extérieur 14 pi,https://www.rona.ca/fr/produit/woods-rallonge-dexterieur-14-pi-14272501-0238329,https://cdn.rona.ca/images/0238329_M.jpg,chacun,8.99,7.0,1.9900000000000002,22.14,"1,35 $",42.0,42 en magasin,Ramassage en magasin,Livraison
WAGNER,"Rouleau Wagner Smart, blanc, noyau en plastique, 3 po l. x poil de 3/8 po",https://www.rona.ca/fr/produit/rouleau-wagner-smart-blanc-noyau-en-plastique-3-po-l-x-poil-de-3-8-po-530200-49195106,https://cdn.rona.ca/images/49195106_M.jpg,chacun,9.99,8.0,1.9900000000000002,19.92,"1,50 $",4.0,4 en magasin,Ramassage en magasin,Livraison
VITAPUR,Filtre universel,https://www.rona.ca/fr/produit/vitapur-filtre-universel-vgpf3-c-5677002,https://cdn.rona.ca/images/5677002_M.jpg,chacun,11.99,10.0,1.9900000000000002,16.6,"1,20 $",1.0,1 en magasin,Ramassage en magasin,Livraison
MTD,Roue pour plateau pour tondeuse ou tracteur MTD 5 po,https://www.rona.ca/fr/produit/roue-pour-plateau-pour-tondeuse-ou-tracteur-mtd-5-po-oen-734-04155-02225292,https://cdn.rona.ca/images/02225292_M.jpg,chacun,15.99,14.0,1.9900000000000002,12.45,1 $,4.0,4 en magasin,Ramassage en magasin,Livraison
CRAFTSMAN,"Fil pour coupe-bordures CRAFTSMAN monofilament 0,095 po x 125 pi",https://www.rona.ca/fr/produit/fil-pour-coupe-bordures-craftsman-monofilament-0-095-po-x-125-pi-cmxgzam010044-02225455,https://cdn.rona.ca/images/02225455_M.jpg,chacun,20.99,19.0,1.9899999999999984,9.48,1 $,2.0,2 en magasin,Ramassage en magasin,Livraison
OREGON,"Chaîne pour scie mécanique Oregon AdvanceCut R40, pas de chaîne de 3/8 po, calibre de 0,043 po, longueur du guide 10 po",https://www.rona.ca/fr/produit/chaine-pour-scie-mecanique-oregon-advancecut-r40-pas-de-chaine-de-3-8-po-calibre-de-0-043-po-longueur-du-guide-10-po-48165003,https://cdn.rona.ca/images/48165003_M.jpg,chacun,26.99,25.0,1.9899999999999984,7.37,"1,89 $",11.0,11 en magasin,Ramassage en magasin,Livraison
KNAPE & VOGT,Supports à tablette à fente unique Knape & Vogt - Blanc - Acier - 8 po L. x 5/8 po l.,https://www.rona.ca/fr/produit/supports-a-tablette-a-fente-unique-knape-vogt-blanc-acier-8-po-l-x-5-8-po-l-180hpwh8-0233509,https://cdn.rona.ca/images/0233509_M.jpg,chacun,4.89,3.0,1.8899999999999997,38.65,"1,47 $",7.0,7 en magasin,Ramassage en magasin,Livraison
WOODS,"Adaptateur Woods à 3 prises mise à la terre, PVC orange, 1875 watts, 15 A, 125 volts",https://www.rona.ca/fr/produit/adaptateur-woods-a-3-prises-mise-a-la-terre-pvc-orange-1875-watts-15-a-125-volts-550794-4025146,https://cdn.rona.ca/images/4025146_M.jpg,chacun,6.89,5.0,1.8899999999999997,27.43,"1,38 $",2.0,2 en magasin,Ramassage en magasin,Livraison
SHOPSMITH,"Papier abrasif revers velcro Shopsmith, oxyde de zirconium, grain P150, 3 1/2 po l. x 5 1/4 po L., paquet de 4",https://www.rona.ca/fr/produit/papier-abrasif-revers-velcro-shopsmith-oxyde-de-zirconium-grain-p150-3-1-2-po-l-x-5-1-4-po-l-paquet-de-4-12217-012-77375576,https://cdn.rona.ca/images/77375576_M.jpg,chacun,6.89,5.0,1.8899999999999997,27.43,"1,03 $",32.0,32 en magasin,Ramassage en magasin,Livraison
SHOPSMITH,"Papier abrasif revers velcro Shopsmith, oxyde de zirconium, grain P400, 3 1/2 po l. x 5 1/4 po L., paquet de 4",https://www.rona.ca/fr/produit/papier-abrasif-revers-velcro-shopsmith-oxyde-de-zirconium-grain-p400-3-1-2-po-l-x-5-1-4-po-l-paquet-de-4-12216-012-77375575,https://cdn.rona.ca/images/77375575_M.jpg,chacun,6.89,5.0,1.8899999999999997,27.43,"1,03 $",5.0,5 en magasin,Ramassage en magasin,Livraison
SHOPSMITH,"Papier abrasif revers velcro Shopsmith, oxyde de zirconium, grain P100, 3 1/2 po l. x 5 1/4 po L., paquet de 4",https://www.rona.ca/fr/produit/papier-abrasif-revers-velcro-shopsmith-oxyde-de-zirconium-grain-p100-3-1-2-po-l-x-5-1-4-po-l-paquet-de-4-12218-012-77375577,https://cdn.rona.ca/images/77375577_M.jpg,chacun,6.89,5.0,1.8899999999999997,27.43,"1,03 $",25.0,25 en magasin,Ramassage en magasin,Livraison
,"Renfort d'angle arrondi, 3/4 po x 8 pi, papier/métal",https://www.rona.ca/fr/produit/renfort-dangle-arrondi-3-4-po-x-8-pi-papier-metal-160839-0993028,https://cdn.rona.ca/images/0993028_M.jpg,chacun,4.81,3.0,1.8099999999999996,37.63,"1,20 $",13.0,13 en magasin,Ramassage en magasin,Livraison
MALLORY,"Brosse à neige en plastique, 16'",https://www.rona.ca/fr/produit/brosse-a-neige-en-plastique-16-0190077,https://cdn.rona.ca/images/0190077_M.jpg,chacun,3.79,2.0,1.79,47.23,80¢,18.0,18 en magasin,Ramassage en magasin,Livraison
RAIN BIRD,"Buse d'arrosage demi-cercle Rain Bird pour arbustes, 8 pi - 15 pi",https://www.rona.ca/fr/produit/buse-darrosage-demi-cercle-rain-bird-pour-arbustes-8-pi-15-pi-a17h-0142109,https://cdn.rona.ca/images/0142109_M.jpg,chacun,4.79,3.0,1.79,37.37,"1,79 $",7.0,7 en magasin,Ramassage en magasin,Livraison
EATON,Couvercle de prise électrique Eaton blanc à 1 prise,https://www.rona.ca/fr/produit/couvercle-de-prise-electrique-eaton-blanc-a-1-prise-37150w-sp-l-04805804,https://cdn.rona.ca/images/04805804_M.jpg,chacun,5.79,4.0,1.79,30.92,"1,45 $",4.0,4 en magasin,Ramassage en magasin,Livraison
KNAPE & VOGT,Supports d'étagère Pilaster de Knape & Vogt - Fini en zinc - Acier - 48 po L. x 5/8 po l.,https://www.rona.ca/fr/produit/supports-detagere-pilaster-de-knape-vogt-fini-en-zinc-acier-48-po-l-x-5-8-po-l-pk255zc-48-0233243,https://cdn.rona.ca/images/0233243_M.jpg,chacun,5.79,4.0,1.79,30.92,"1,74 $",2.0,2 en magasin,Ramassage en magasin,Livraison
EATON,"Plafonnier sans interrupteur Eaton blanc à culot moyen 660 W, 250 V",https://www.rona.ca/fr/produit/plafonnier-sans-interrupteur-eaton-blanc-a-culot-moyen-660-w-250-v-604-sp-l-0181062,https://cdn.rona.ca/images/0181062_M.jpg,chacun,6.79,5.0,1.79,26.36,"1,70 $",10.0,10 en magasin,Ramassage en magasin,Livraison
SOUTHWIRE,"Pince à ressort robuste avec poignée rotative, 4""",https://www.rona.ca/fr/produit/pince-a-ressort-robuste-avec-poignee-rotative-4-74045238,https://cdn.rona.ca/images/74045238_M.jpg,chacun,7.79,6.0,1.79,22.98,"1,56 $",6.0,6 en magasin,Ramassage en magasin,Livraison
HUSQVARNA,"Bobine de fil à coupe-bordures Husqvarna T25 à chargement rapide 0,095 po x 25 pi",https://www.rona.ca/fr/produit/bobine-de-fil-a-coupe-bordures-husqvarna-t25-a-chargement-rapide-0-095-po-x-25-pi-589357701-82305352,https://cdn.rona.ca/images/82305352_M.jpg,chacun,13.79,12.0,1.7899999999999991,12.98,80¢,11.0,11 en magasin,Ramassage en magasin,Livraison
EATON,"Prise Eaton à 2 fils de 15 ampères, 125 V",https://www.rona.ca/fr/produit/prise-eaton-a-2-fils-de-15-amperes-125-v-04805757,https://cdn.rona.ca/images/04805757_M.jpg,chacun,4.69,3.0,1.6900000000000004,36.03,"1,17 $",8.0,8 en magasin,Ramassage en magasin,Livraison
EATON,"Fiche Eaton à 2 fils de 15 ampères, 125 volts, blanc",https://www.rona.ca/fr/produit/fiche-eaton-a-2-fils-de-15-amperes-125-volts-blanc-sa940w-sp-l-04806000,https://cdn.rona.ca/images/04806000_M.jpg,chacun,6.69,5.0,1.6900000000000004,25.26,"1,67 $",10.0,10 en magasin,Ramassage en magasin,Livraison
WOODS,"Rallonge intérieure Woods 16/2 de 9 pi, 120 V",https://www.rona.ca/fr/produit/rallonge-interieure-woods-16-2-de-9-pi-120-v-64788801-40255192,https://cdn.rona.ca/images/40255192_M.jpg,chacun,10.69,9.0,1.6899999999999995,15.81,"1,60 $",8.0,8 en magasin,Ramassage en magasin,Livraison
KNAPE & VOGT,Supports à tablette à fente unique Knape & Vogt - Fini en titane - Acier - 6 po L. x 5/8 po l.,https://www.rona.ca/fr/produit/supports-a-tablette-a-fente-unique-knape-vogt-fini-en-titane-acier-6-po-l-x-5-8-po-l-180hpti6-0233217,https://cdn.rona.ca/images/0233217_M.jpg,chacun,4.49,3.0,1.4900000000000002,33.18,"1,35 $",105.0,105 en magasin,Ramassage en magasin,Livraison
JIFFY,"Pots Jiffy pour semis, 2 1/2"", 32/pqt",https://www.rona.ca/fr/produit/pots-jiffy-pour-semis-2-1-2-32-pqt-133486-2056076,https://cdn.rona.ca/images/2056076_M.jpg,paquet,5.49,4.0,1.4900000000000002,27.14,"1,37 $",2.0,2 en magasin,Ramassage en magasin,Livraison
MIRACLE-GRO,"Support pour plante Miracle-Gro, 36 po, vert",https://www.rona.ca/fr/produit/support-pour-plante-miracle-gro-36-po-vert-smg12314-20555009,https://cdn.rona.ca/images/20555009_M.jpg,chacun,5.49,4.0,1.4900000000000002,27.14,"1,37 $",1.0,1 en magasin,Ramassage en magasin,Livraison
EATON,Interrupteur Eaton 3 ampères en plastique blanc,https://www.rona.ca/fr/produit/interrupteur-eaton-3-amperes-en-plastique-blanc-410w-bp-l-04805877,https://cdn.rona.ca/images/04805877_M.jpg,chacun,5.49,4.0,1.4900000000000002,27.14,"1,37 $",7.0,7 en magasin,Ramassage en magasin,Livraison
BRIGGS & STRATTON,Filtre à carburant Briggs & Stratton rouge,https://www.rona.ca/fr/produit/filtre-a-carburant-briggs-stratton-rouge-at-0244-55725007,https://cdn.rona.ca/images/55725007_M.jpg,chacun,10.49,9.0,1.4900000000000002,14.2,50¢,6.0,6 en magasin,Ramassage en magasin,Livraison
LITEX,"Chaînette décorative Litex métal chromé 7,5 po",https://www.rona.ca/fr/produit/chainette-decorative-litex-metal-chrome-7-5-po-fp45ch-31955301,https://cdn.rona.ca/images/31955301_M.jpg,chacun,11.49,10.0,1.4900000000000002,12.97,"1,49 $",5.0,5 en magasin,Ramassage en magasin,Livraison
LITEX,Trousse lampe Litex bronze bouton tournant 250W,https://www.rona.ca/fr/produit/trousse-lampe-litex-bronze-bouton-tournant-250w-lph12brz-31955308,https://cdn.rona.ca/images/31955308_M.jpg,chacun,20.49,19.0,1.4899999999999984,7.27,"1,49 $",5.0,5 en magasin,Ramassage en magasin,Livraison
EATON,"Plaque murale Eaton à 2 prises, taille standard, blanc (1/pqt)",https://www.rona.ca/fr/produit/plaque-murale-eaton-a-2-prises-taille-standard-blanc-1-pqt-2153w-f-l-04805778,https://cdn.rona.ca/images/04805778_M.jpg,chacun,2.39,1.0,1.3900000000000001,58.16,60¢,6.0,6 en magasin,Ramassage en magasin,Livraison
MARR,"Cosses à anneau, calibre 22-18, n° 8-10, métal/vinyle, 9/pqt",https://www.rona.ca/fr/produit/marr-cosses-a-anneau-calibre-22-18-n-8-10-metal-vinyle-9-pqt-rt18-10v9-0320266,https://cdn.rona.ca/images/0320266_M.jpg,chacun,2.39,1.0,1.3900000000000001,58.16,84¢,2.0,2 en magasin,Ramassage en magasin,Livraison
MARR,"Cosses à anneau, calibre 16-14, n° 4-6, métal/vinyle, 9/pqt",https://www.rona.ca/fr/produit/marr-cosses-a-anneau-calibre-16-14-n-4-6-metal-vinyle-9-pqt-rt14-06v9-0320262,https://cdn.rona.ca/images/0320262_M.jpg,chacun,2.39,1.0,1.3900000000000001,58.16,84¢,6.0,6 en magasin,Ramassage en magasin,Livraison
LUTRON,Plaque murale décorative Lutron amande simple,https://www.rona.ca/fr/produit/plaque-murale-decorative-lutron-amande-simple-cw-1b-la-32017709,https://cdn.rona.ca/images/32017709_M.jpg,chacun,6.29,5.0,1.29,20.51,"1,29 $",8.0,8 en magasin,Ramassage en magasin,Livraison
HARBOR BREEZE,"Chaînette en acier Harbor Breeze, 1-paquet, 7,5 po, argent",https://www.rona.ca/fr/produit/chainette-en-acier-harbor-breeze-1-paquet-7-5-po-argent-fp10-31955266,https://cdn.rona.ca/images/31955266_M.jpg,chacun,10.29,9.0,1.2899999999999991,12.54,"1,29 $",4.0,4 en magasin,Ramassage en magasin,Livraison
NORTON,"Meule à centre incurvé Norton, oxyde d'aluminium, type 27, 4 1/2 po dia x arbre 5/8 po",https://www.rona.ca/fr/produit/meule-a-centre-incurve-norton-oxyde-daluminium-type-27-4-1-2-po-dia-x-arbre-5-8-po-66252843605-77375730,https://cdn.rona.ca/images/77375730_M.jpg,chacun,11.29,10.0,1.2899999999999991,11.43,"1,29 $",3.0,3 en magasin,Ramassage en magasin,Livraison
WOODS,"Rembobineur de cordon Woods, jusqu'à 150 pi de cordon calibre 16/3, plastique, jaune",https://www.rona.ca/fr/produit/rembobineur-de-cordon-woods-jusqua-150-pi-de-cordon-calibre-16-3-plastique-jaune-e101-32045012,https://cdn.rona.ca/images/32045012_M.jpg,chacun,5.19,4.0,1.1900000000000004,22.93,78¢,13.0,13 en magasin,Ramassage en magasin,Livraison
HARBOR BREEZE,"Chaînette sablier Harbor Breeze 1-paquet, 1 po x 7 po bronze",https://www.rona.ca/fr/produit/chainette-sablier-harbor-breeze-1-paquet-1-po-x-7-po-bronze-fp57-31955070,https://cdn.rona.ca/images/31955070_M.jpg,chacun,9.19,8.0,1.1899999999999995,12.95,"1,19 $",2.0,2 en magasin,Ramassage en magasin,Livraison
ALLEN + ROTH,"Embout de lampe blanc en acier, Allen + Roth, 1-paquet, 1,81 po L x 1,38 po diamètre",https://www.rona.ca/fr/produit/embout-de-lampe-blanc-en-acier-allen-roth-1-paquet-1-81-po-l-x-1-38-po-diametre-31955284,https://cdn.rona.ca/images/31955284_M.jpg,chacun,9.19,8.0,1.1899999999999995,12.95,"1,19 $",4.0,4 en magasin,Ramassage en magasin,Livraison
HARBOR BREEZE,"Chaînette avec cone givré Harbor Breeze, 1-paquet 4,88 po, nickel brossé, plastique",https://www.rona.ca/fr/produit/chainette-avec-cone-givre-harbor-breeze-1-paquet-4-88-po-nickel-brosse-plastique-fp5-31955001,https://cdn.rona.ca/images/31955001_M.jpg,chacun,9.19,8.0,1.1899999999999995,12.95,"1,19 $",2.0,2 en magasin,Ramassage en magasin,Livraison
EATON,"Plaque murale double Eaton à 2 prises de taille moyenne, blanc (1/pqt)",https://www.rona.ca/fr/produit/plaque-murale-double-eaton-a-2-prises-de-taille-moyenne-blanc-1-pqt-pj82w-sp-l-04806034,https://cdn.rona.ca/images/04806034_M.jpg,chacun,3.09,2.0,1.0899999999999999,35.28,59¢,26.0,26 en magasin,Ramassage en magasin,Livraison
MONO SERRA,"Tuiles en porcelaine Mono Serra, collection Forum, 12 po x 12 po, gris, boîte de 20",https://www.rona.ca/fr/produit/tuiles-en-porcelaine-mono-serra-collection-forum-12-po-x-12-po-gris-boite-de-20-9906-71415330,https://cdn.rona.ca/images/71415330_M.jpg,pi ca,3.06,2.0,1.06,34.64,25%,5.0,5 en magasin,Ramassage en magasin,Livraison
EATON,"Plaque murale Eaton 3 gang 1-paquet, blanc à bascule",https://www.rona.ca/fr/produit/plaque-murale-eaton-3-gang-1-paquet-blanc-a-bascule-2141w-f-l-04805874,https://cdn.rona.ca/images/04805874_M.jpg,chacun,2.99,2.0,0.9900000000000002,33.11,49¢,3.0,3 en magasin,Ramassage en magasin,Livraison
PROJECT SOURCE,"Cultivateur binette avec tête en acier 3,94 po, Project Source",https://www.rona.ca/fr/produit/cultivateur-binette-avec-tete-en-acier-3-94-po-project-source-92335-38095383,https://cdn.rona.ca/images/38095383_M.jpg,chacun,2.99,2.0,0.9900000000000002,33.11,90¢,14.0,14 en magasin,Ramassage en magasin,Livraison
PROJECT SOURCE,Cultivateur en acier au carbone thermolaqué de 7 po Project Source,https://www.rona.ca/fr/produit/cultivateur-en-acier-au-carbone-thermolaque-de-7-po-project-source-92332-38095379,https://cdn.rona.ca/images/38095379_M.jpg,chacun,2.99,2.0,0.9900000000000002,33.11,90¢,33.0,33 en magasin,Ramassage en magasin,Livraison
PROJECT SOURCE,"Truelle de jardin avec tête en acier 6,89 po, Project Source",https://www.rona.ca/fr/produit/truelle-de-jardin-avec-tete-en-acier-6-89-po-project-source-92333-38095380,https://cdn.rona.ca/images/38095380_M.jpg,chacun,2.99,2.0,0.9900000000000002,33.11,90¢,13.0,13 en magasin,Ramassage en magasin,Livraison
DEWALT,"Embout pour tournevis Impact Ready de DEWALT en acier, embout carré, tige hexagonale 1/4 po, no 0, 1 po",https://www.rona.ca/fr/produit/embout-pour-tournevis-impact-ready-de-dewalt-en-acier-embout-carre-tige-hexagonale-1-4-po-no-0-1-po-dw2204-00275816,https://cdn.rona.ca/images/00275816_M.jpg,paquet,2.99,2.0,0.9900000000000002,33.11,99¢,3.0,3 en magasin,Ramassage en magasin,Livraison
PROJECT SOURCE,"Transplanteur avec tête en acier carboné 6,5 po, Project Source",https://www.rona.ca/fr/produit/transplanteur-avec-tete-en-acier-carbone-6-5-po-project-source-92334-38095385,https://cdn.rona.ca/images/38095385_M.jpg,chacun,2.99,2.0,0.9900000000000002,33.11,90¢,23.0,23 en magasin,Ramassage en magasin,Livraison
DEWALT,"Embouts de tournevis DEWALT, Phillips, #3 1 po, tige hexagonale, 2 par paquet",https://www.rona.ca/fr/produit/embouts-de-tournevis-dewalt-phillips-3-1-po-tige-hexagonale-2-par-paquet-dw2003-0794404,https://cdn.rona.ca/images/0794404_M.jpg,paquet,2.99,2.0,0.9900000000000002,33.11,99¢,1.0,1 en magasin,Ramassage en magasin,Livraison
CRAFTSMAN,"Embouts de tournevis Torx Impact Rated de CRAFTSMAN, 2 po, acier S2 à l'oxyde noir, paquet de 2",https://www.rona.ca/fr/produit/embouts-de-tournevis-torx-impact-rated-de-craftsman-2-po-acier-s2-a-loxyde-noir-paquet-de-2-cmaf32t252-00276851,https://cdn.rona.ca/images/00276851_M.jpg,chacun,3.99,3.0,0.9900000000000002,24.81,99¢,6.0,6 en magasin,Ramassage en magasin,Livraison
DEWALT,"Ensemble d'embouts carrés pour visseuse DEWALT 2 po en acier non revêtu, 10 pièces",https://www.rona.ca/fr/produit/ensemble-dembouts-carres-pour-visseuse-dewalt-2-po-en-acier-non-revetu-10-pieces-dw2212carc-00277992,https://cdn.rona.ca/images/00277992_M.jpg,chacun,7.99,7.0,0.9900000000000002,12.39,99¢,29.0,29 en magasin,Ramassage en magasin,Livraison
DEWALT,"Ensemble d'embouts mixtes pour visseuse DEWALT 2 po en acier non revêtu, 10 pièces",https://www.rona.ca/fr/produit/ensemble-dembouts-mixtes-pour-visseuse-dewalt-2-po-en-acier-non-revetu-10-pieces-dw2212camxc-00277991,https://cdn.rona.ca/images/00277991_M.jpg,chacun,7.99,7.0,0.9900000000000002,12.39,99¢,16.0,16 en magasin,Ramassage en magasin,Livraison
HARBOR BREEZE,"Ensemble de couvercle Harbor Breeze, 1-paquet, 5 po L x 5 po l x 5 po diamètre, nickel brossé",https://www.rona.ca/fr/produit/ensemble-de-couvercle-harbor-breeze-1-paquet-5-po-l-x-5-po-l-x-5-po-diametre-nickel-brosse-lpc1bnk-31955285,https://cdn.rona.ca/images/31955285_M.jpg,chacun,11.99,11.0,0.9900000000000002,8.26,99¢,1.0,1 en magasin,Ramassage en magasin,Livraison
GILMOUR,"Rondelles en vinyle de Gilmour pour boyau, 10/pqt",https://www.rona.ca/fr/produit/rondelles-en-vinyle-de-gilmour-pour-boyau-10-pqt-801154-1003-88005068,https://cdn.rona.ca/images/88005068_M.jpg,chacun,1.99,1.0,0.99,49.75,60¢,19.0,19 en magasin,Ramassage en magasin,Livraison
RAIN BIRD,"Buse à jet demi-cercle Rain Bird, rayon de 8 pi à 15 pi",https://www.rona.ca/fr/produit/buse-a-jet-demi-cercle-rain-bird-rayon-de-8-pi-a-15-pi-15h-0083008,https://cdn.rona.ca/images/0083008_M.jpg,chacun,3.89,3.0,0.8900000000000001,22.88,89¢,31.0,31 en magasin,Ramassage en magasin,Livraison
HARBOR BREEZE,"Vis pour moteur de ventilateur Harbor Breeze, 1/4 po x 1/2 po, gris (10 unités)",https://www.rona.ca/fr/produit/vis-pour-moteur-de-ventilateur-harbor-breeze-1-4-po-x-1-2-po-gris-10-unites-31955295,https://cdn.rona.ca/images/31955295_M.jpg,chacun,4.89,4.0,0.8899999999999997,18.2,89¢,3.0,3 en magasin,Ramassage en magasin,Livraison
NORTON,"Meule en métal 4 po Norton, diamètre de l'arbre 5/8 po, type 27, centre incurvé, oxyde d'aluminium",https://www.rona.ca/fr/produit/meule-en-metal-4-po-norton-diametre-de-larbre-5-8-po-type-27-centre-incurve-oxyde-daluminium-66252842011-77375744,https://cdn.rona.ca/images/77375744_M.jpg,chacun,5.79,5.0,0.79,13.64,79¢,12.0,12 en magasin,Ramassage en magasin,Livraison
NORTON,"Meule pour maçonnerie Norton, 4 1/2 po dia x 1/16 po H., arbre 7/8 po, type 1-41, carbure de silicium",https://www.rona.ca/fr/produit/meule-pour-maconnerie-norton-4-1-2-po-dia-x-1-16-po-h-arbre-7-8-po-type-1-41-carbure-de-silicium-01621-02075257,https://cdn.rona.ca/images/02075257_M.jpg,chacun,5.79,5.0,0.79,13.64,79¢,4.0,4 en magasin,Ramassage en magasin,Livraison
SHAKESPEARE,"Lames de remplacement en plastique pour coupe-bordures Shakespeare, 12/pqt",https://www.rona.ca/fr/produit/lames-de-remplacement-en-plastique-pour-coupe-bordures-shakespeare-12-pqt-17352-64325014,https://cdn.rona.ca/images/64325014_M.jpg,chacun,9.79,9.0,0.7899999999999991,8.07,20¢,13.0,13 en magasin,Ramassage en magasin,Livraison
HARBOR BREEZE,"Tige de rallonge pour ventilateur en acier, Harbor Breeze, 4 po bronze",https://www.rona.ca/fr/produit/tige-de-rallonge-pour-ventilateur-en-acier-harbor-breeze-4-po-bronze-31955296,https://cdn.rona.ca/images/31955296_M.jpg,chacun,5.69,5.0,0.6900000000000004,12.13,69¢,5.0,5 en magasin,Ramassage en magasin,Livraison
NORTON,"Meule à maçonnerie Norton, carbure de silicone, type 27, 5 po dia",https://www.rona.ca/fr/produit/meule-a-maconnerie-norton-carbure-de-silicone-type-27-5-po-dia-66252843614-95045040,https://cdn.rona.ca/images/95045040_M.jpg,chacun,3.69,3.0,0.69,18.7,69¢,11.0,11 en magasin,Ramassage en magasin,Livraison
NORTON,"Meule pour meuleuse à angle droit RightCut Norton, 5 po dia x 1/8 po H., arbre 7/8 po, type 1-41, oxyde d'aluminium",https://www.rona.ca/fr/produit/meule-pour-meuleuse-a-angle-droit-rightcut-norton-5-po-dia-x-1-8-po-h-arbre-7-8-po-type-1-41-oxyde-daluminium-01618-02075255,https://cdn.rona.ca/images/02075255_M.jpg,chacun,3.69,3.0,0.69,18.7,69¢,20.0,20 en magasin,Ramassage en magasin,Livraison
PORTFOLIO,"Anneau de douille blanc en laiton, Portfolio, 1-paquet",https://www.rona.ca/fr/produit/anneau-de-douille-blanc-en-laiton-portfolio-1-paquet-lpr1-31955283,https://cdn.rona.ca/images/31955283_M.jpg,chacun,4.59,4.0,0.5899999999999999,12.85,59¢,7.0,7 en magasin,Ramassage en magasin,Livraison
NORTON,"Meule à tronçonner le métal pour coupe droite de Norton, 4 1/2 po dia x 3/64 po p., arbre 7/8 po, type 1-41, grain 60",https://www.rona.ca/fr/produit/meule-a-tronconner-le-metal-pour-coupe-droite-de-norton-4-1-2-po-dia-x-3-64-po-p-arbre-7-8-po-type-1-41-grain-60-01617-02075254,https://cdn.rona.ca/images/02075254_M.jpg,chacun,5.59,5.0,0.5899999999999999,10.55,59¢,12.0,12 en magasin,Ramassage en magasin,Livraison
HARBOR BREEZE,"Tige de rallonge en acier Harbor Breeze 4 po, nickel brossé",https://www.rona.ca/fr/produit/tige-de-rallonge-en-acier-harbor-breeze-4-po-nickel-brosse-31955297,https://cdn.rona.ca/images/31955297_M.jpg,chacun,7.49,7.0,0.4900000000000002,6.54,49¢,4.0,4 en magasin,Ramassage en magasin,Livraison
